HISTORIQUE, NON NORMATIF, NE PAS EXECUTER.
sample_index,duration_ns
0,200
1,100
2,100
3,100
4,100
5,100
6,100
7,100
8,100
9,100
10,100
11,100
12,100
13,0
14,100
15,0
16,100
17,100
18,100
19,0
20,100
21,0
22,100
23,0
24,100
25,0
26,100
27,0
28,100
29,0
30,100
31,0
32,100
33,0
34,100
35,100
36,100
37,100
38,100
39,100
40,100
41,100
42,100
43,100
44,100
45,100
46,100
47,100
48,100
49,100
50,0
51,100
52,0
53,100
54,0
55,100
56,0
57,100
58,0
59,100
60,0
61,100
62,0
63,100
64,0
65,100
66,0
67,100
68,0
69,100
70,100
71,100
72,100
73,100
74,100
75,100
76,100
77,100
78,100
79,100
80,100
81,100
82,100
83,100
84,100
85,0
86,100
87,0
88,100
89,0
90,100
91,0
92,100
93,0
94,100
95,0
96,100
97,0
98,100
99,0
100,100
101,0
102,100
103,0
104,100
105,0
106,100
107,100
108,100
109,100
110,100
111,100
112,100
113,100
114,100
115,100
116,100
117,100
118,100
119,100
120,0
121,100
122,0
123,100
124,0
125,100
126,0
127,100
128,0
129,100
130,0
131,100
132,0
133,100
134,0
135,100
136,0
137,100
138,0
139,100
140,100
141,100
142,100
143,100
144,100
145,100
146,100
147,100
148,100
149,100
150,100
151,100
152,100
153,100
154,100
155,0
156,100
157,0
158,100
159,0
160,100
161,0
162,100
163,0
164,100
165,0
166,100
167,0
168,100
169,0
170,100
171,0
172,100
173,0
174,100
175,0
176,100
177,100
178,100
179,100
180,100
181,100
182,100
183,100
184,100
185,100
186,100
187,100
188,100
189,100
190,0
191,100
192,0
193,100
194,0
195,100
196,0
197,100
198,0
199,100
200,0
201,100
202,0
203,100
204,0
205,100
206,0
207,100
208,0
209,100
210,0
211,100
212,100
213,100
214,100
215,100
216,100
217,100
218,100
219,100
220,100
221,100
222,100
223,100
224,100
225,0
226,100
227,0
228,100
229,0
230,100
231,0
232,100
233,0
234,100
235,0
236,100
237,0
238,100
239,0
240,100
241,0
242,100
243,0
244,100
245,0
246,100
247,100
248,100
249,100
250,100
251,100
252,100
253,100
254,100
255,100
256,100
257,100
258,100
259,100
260,0
261,100
262,0
263,100
264,0
265,100
266,0
267,100
268,0
269,100
270,0
271,100
272,0
273,100
274,0
275,100
276,0
277,100
278,0
279,100
280,0
281,100
282,100
283,100
284,100
285,100
286,100
287,100
288,100
289,100
290,100
291,100
292,100
293,100
294,100
295,0
296,100
297,0
298,100
299,0
300,100
301,0
302,100
303,0
304,100
305,0
306,100
307,0
308,100
309,0
310,100
311,0
312,100
313,0
314,100
315,0
316,100
317,100
318,100
319,100
320,100
321,100
322,100
323,100
324,100
325,100
326,100
327,100
328,100
329,100
330,100
331,100
332,0
333,100
334,0
335,100
336,0
337,100
338,0
339,100
340,0
341,100
342,0
343,100
344,0
345,100
346,0
347,100
348,0
349,100
350,0
351,100
352,100
353,100
354,100
355,100
356,100
357,100
358,100
359,100
360,100
361,100
362,100
363,100
364,100
365,100
366,100
367,0
368,100
369,0
370,100
371,0
372,100
373,0
374,100
375,0
376,100
377,0
378,100
379,0
380,100
381,0
382,100
383,0
384,100
385,0
386,100
387,0
388,100
389,100
390,100
391,100
392,100
393,100
394,100
395,100
396,100
397,100
398,100
399,100
400,100
401,100
402,0
403,100
404,0
405,100
406,0
407,100
408,0
409,100
410,0
411,100
412,0
413,100
414,0
415,100
416,0
417,100
418,100
419,100
420,0
421,100
422,0
423,100
424,100
425,100
426,100
427,100
428,100
429,100
430,100
431,100
432,100
433,100
434,100
435,100
436,100
437,0
438,100
439,0
440,100
441,0
442,100
443,0
444,100
445,0
446,100
447,0
448,100
449,0
450,100
451,0
452,100
453,100
454,100
455,100
456,100
457,0
458,100
459,100
460,100
461,100
462,100
463,100
464,100
465,100
466,100
467,100
468,100
469,100
470,100
471,100
472,0
473,100
474,0
475,100
476,0
477,100
478,0
479,100
480,0
481,100
482,0
483,100
484,0
485,100
486,0
487,100
488,100
489,100
490,100
491,100
492,100
493,100
494,100
495,100
496,100
497,100
498,100
499,100
500,100
501,100
502,100
503,100
504,100
505,100
506,100
507,0
508,100
509,0
510,100
511,0
512,100
513,0
514,100
515,0
516,100
517,0
518,100
519,0
520,100
521,0
522,100
523,100
524,100
525,100
526,100
527,100
528,100
529,100
530,100
531,100
532,100
533,100
534,100
535,100
536,100
537,100
538,100
539,100
540,100
541,100
542,0
543,100
544,0
545,100
546,0
547,100
548,0
549,100
550,0
551,100
552,0
553,100
554,0
555,100
556,0
557,100
558,100
559,100
560,100
561,100
562,100
563,100
564,100
565,100
566,100
567,100
568,100
569,100
570,100
571,100
572,100
573,100
574,100
575,100
576,100
577,100
578,100
579,0
580,100
581,0
582,100
583,0
584,100
585,0
586,100
587,0
588,100
589,0
590,100
591,0
592,100
593,0
594,100
595,100
596,100
597,100
598,100
599,100
600,100
601,100
602,100
603,100
604,100
605,100
606,100
607,400
608,100
609,100
610,400
611,0
612,100
613,100
614,100
615,100
616,200
617,100
618,100
619,100
620,0
621,100
622,100
623,100
624,100
625,0
626,100
627,100
628,0
629,100
630,0
631,100
632,100
633,100
634,100
635,100
636,100
637,100
638,0
639,100
640,100
641,0
642,100
643,100
644,0
645,100
646,100
647,100
648,100
649,100
650,100
651,100
652,100
653,0
654,100
655,100
656,100
657,200
658,100
659,100
660,100
661,0
662,100
663,100
664,0
665,100
666,100
667,0
668,100
669,100
670,100
671,100
672,100
673,100
674,100
675,100
676,100
677,100
678,100
679,100
680,200
681,100
682,100
683,100
684,100
685,100
686,100
687,0
688,100
689,100
690,100
691,0
692,100
693,100
694,100
695,100
696,100
697,100
698,0
699,100
700,100
701,100
702,100
703,100
704,100
705,100
706,100
707,100
708,100
709,100
710,0
711,100
712,100
713,100
714,0
715,100
716,100
717,0
718,100
719,100
720,0
721,100
722,100
723,0
724,100
725,100
726,100
727,100
728,100
729,100
730,100
731,0
732,100
733,100
734,0
735,100
736,100
737,100
738,200
739,0
740,100
741,0
742,100
743,0
744,100
745,0
746,100
747,0
748,100
749,0
750,100
751,0
752,100
753,0
754,100
755,0
756,100
757,0
758,100
759,0
760,100
761,100
762,100
763,100
764,100
765,100
766,100
767,100
768,100
769,100
770,100
771,100
772,100
773,100
774,0
775,100
776,0
777,100
778,0
779,100
780,0
781,100
782,0
783,100
784,0
785,100
786,0
787,100
788,0
789,100
790,0
791,100
792,0
793,100
794,0
795,100
796,100
797,100
798,100
799,100
800,100
801,100
802,100
803,100
804,100
805,100
806,100
807,100
808,100
809,100
810,100
811,0
812,100
813,0
814,100
815,0
816,100
817,0
818,100
819,0
820,100
821,0
822,100
823,0
824,100
825,100
826,100
827,0
828,100
829,0
830,100
831,0
832,100
833,100
834,100
835,100
836,100
837,100
838,100
839,100
840,100
841,100
842,100
843,100
844,100
845,100
846,0
847,100
848,0
849,100
850,0
851,100
852,0
853,100
854,0
855,100
856,0
857,100
858,0
859,100
860,0
861,100
862,100
863,100
864,0
865,100
866,0
867,100
868,100
869,100
870,100
871,100
872,100
873,100
874,100
875,100
876,100
877,100
878,100
879,100
880,100
881,0
882,100
883,0
884,100
885,0
886,100
887,0
888,100
889,0
890,100
891,0
892,100
893,0
894,100
895,0
896,100
897,100
898,100
899,0
900,100
901,0
902,100
903,100
904,100
905,100
906,100
907,100
908,100
909,100
910,100
911,100
912,100
913,100
914,100
915,100
916,0
917,100
918,0
919,100
920,0
921,100
922,0
923,100
924,0
925,100
926,0
927,100
928,0
929,100
930,0
931,100
932,100
933,100
934,100
935,100
936,0
937,100
938,100
939,100
940,100
941,100
942,100
943,100
944,100
945,100
946,100
947,100
948,100
949,100
950,100
951,0
952,100
953,0
954,100
955,0
956,100
957,0
958,100
959,0
960,100
961,0
962,100
963,0
964,100
965,0
966,100
967,100
968,100
969,100
970,100
971,100
972,100
973,100
974,100
975,100
976,100
977,100
978,100
979,100
980,100
981,100
982,100
983,100
984,100
985,100
986,0
987,100
988,0
989,100
990,0
991,100
992,0
993,100
994,0
995,100
996,0
997,100
998,0
999,100
1000,0
1001,100
1002,100
1003,100
1004,100
1005,100
1006,100
1007,100
1008,100
1009,100
1010,100
1011,100
1012,100
1013,100
1014,100
1015,100
1016,100
1017,100
1018,100
1019,100
1020,100
1021,100
1022,100
1023,0
1024,100
1025,0
1026,100
1027,0
1028,100
1029,0
1030,100
1031,0
1032,100
1033,0
1034,100
1035,0
1036,100
1037,100
1038,100
1039,100
1040,100
1041,100
1042,100
1043,100
1044,100
1045,100
1046,100
1047,100
1048,100
1049,100
1050,100
1051,100
1052,100
1053,100
1054,100
1055,100
1056,100
1057,100
1058,0
1059,100
1060,0
1061,100
1062,0
1063,100
1064,0
1065,100
1066,0
1067,100
1068,0
1069,100
1070,0
1071,100
1072,100
1073,100
1074,100
1075,100
1076,100
1077,100
1078,100
1079,100
1080,100
1081,100
1082,100
1083,100
1084,100
1085,100
1086,100
1087,100
1088,100
1089,100
1090,100
1091,100
1092,100
1093,0
1094,100
1095,0
1096,100
1097,0
1098,100
1099,0
1100,100
1101,0
1102,100
1103,0
1104,100
1105,0
1106,100
1107,0
1108,100
1109,100
1110,100
1111,100
1112,100
1113,100
1114,100
1115,100
1116,100
1117,100
1118,100
1119,100
1120,100
1121,100
1122,100
1123,100
1124,100
1125,100
1126,100
1127,100
1128,0
1129,100
1130,0
1131,100
1132,0
1133,100
1134,0
1135,100
1136,0
1137,100
1138,0
1139,100
1140,0
1141,100
1142,0
1143,100
1144,100
1145,100
1146,100
1147,100
1148,100
1149,100
1150,100
1151,100
1152,100
1153,100
1154,100
1155,100
1156,100
1157,100
1158,100
1159,100
1160,100
1161,100
1162,100
1163,0
1164,100
1165,0
1166,100
1167,0
1168,100
1169,0
1170,100
1171,0
1172,100
1173,0
1174,100
1175,0
1176,100
1177,0
1178,100
1179,100
1180,100
1181,100
1182,100
1183,100
1184,100
1185,100
1186,100
1187,100
1188,100
1189,100
1190,100
1191,100
1192,100
1193,100
1194,100
1195,100
1196,100
1197,100
1198,0
1199,100
1200,0
1201,100
1202,0
1203,100
1204,0
1205,100
1206,0
1207,100
1208,0
1209,100
1210,0
1211,100
1212,0
1213,100
1214,100
1215,100
1216,100
1217,100
1218,100
1219,100
1220,100
1221,100
1222,100
1223,100
1224,100
1225,100
1226,100
1227,0
1228,100
1229,100
1230,100
1231,100
1232,100
1233,0
1234,100
1235,0
1236,100
1237,0
1238,100
1239,0
1240,100
1241,0
1242,100
1243,0
1244,100
1245,0
1246,100
1247,0
1248,100
1249,100
1250,100
1251,100
1252,100
1253,100
1254,100
1255,100
1256,100
1257,100
1258,100
1259,100
1260,100
1261,100
1262,100
1263,100
1264,100
1265,100
1266,100
1267,100
1268,0
1269,100
1270,0
1271,100
1272,0
1273,100
1274,0
1275,100
1276,0
1277,100
1278,0
1279,100
1280,0
1281,100
1282,0
1283,100
1284,100
1285,100
1286,100
1287,100
1288,100
1289,100
1290,100
1291,100
1292,100
1293,100
1294,100
1295,100
1296,100
1297,100
1298,100
1299,0
1300,100
1301,100
1302,100
1303,100
1304,100
1305,0
1306,100
1307,0
1308,100
1309,0
1310,100
1311,0
1312,100
1313,0
1314,100
1315,0
1316,100
1317,0
1318,100
1319,100
1320,100
1321,100
1322,100
1323,100
1324,100
1325,100
1326,100
1327,100
1328,100
1329,100
1330,100
1331,100
1332,100
1333,100
1334,0
1335,100
1336,0
1337,100
1338,100
1339,100
1340,0
1341,100
1342,0
1343,100
1344,0
1345,100
1346,0
1347,100
1348,0
1349,100
1350,0
1351,100
1352,0
1353,100
1354,0
1355,100
1356,100
1357,100
1358,100
1359,100
1360,100
1361,100
1362,100
1363,100
1364,100
1365,100
1366,100
1367,100
1368,100
1369,0
1370,100
1371,0
1372,100
1373,0
1374,100
1375,0
1376,100
1377,0
1378,100
1379,0
1380,100
1381,100
1382,100
1383,100
1384,100
1385,100
1386,100
1387,100
1388,100
1389,100
1390,100
1391,100
1392,100
1393,0
1394,100
1395,0
1396,100
1397,0
1398,100
1399,0
1400,100
1401,0
1402,100
1403,0
1404,100
1405,0
1406,100
1407,0
1408,100
1409,100
1410,100
1411,0
1412,100
1413,0
1414,100
1415,100
1416,100
1417,100
1418,100
1419,100
1420,100
1421,100
1422,100
1423,100
1424,100
1425,100
1426,100
1427,100
1428,0
1429,100
1430,0
1431,100
1432,0
1433,100
1434,0
1435,100
1436,0
1437,100
1438,0
1439,100
1440,0
1441,100
1442,0
1443,100
1444,100
1445,100
1446,0
1447,100
1448,0
1449,100
1450,100
1451,100
1452,100
1453,100
1454,100
1455,100
1456,100
1457,100
1458,100
1459,100
1460,100
1461,100
1462,100
1463,0
1464,100
1465,0
1466,100
1467,0
1468,100
1469,0
1470,100
1471,0
1472,100
1473,0
1474,100
1475,0
1476,100
1477,0
1478,100
1479,100
1480,100
1481,100
1482,100
1483,0
1484,100
1485,100
1486,100
1487,100
1488,100
1489,100
1490,100
1491,100
1492,100
1493,100
1494,100
1495,100
1496,100
1497,100
1498,100
1499,100
1500,0
1501,100
1502,0
1503,100
1504,0
1505,100
1506,0
1507,100
1508,0
1509,100
1510,0
1511,100
1512,0
1513,100
1514,100
1515,100
1516,100
1517,100
1518,100
1519,100
1520,100
1521,100
1522,100
1523,100
1524,100
1525,100
1526,100
1527,100
1528,100
1529,100
1530,100
1531,100
1532,100
1533,0
1534,100
1535,0
1536,100
1537,0
1538,100
1539,0
1540,100
1541,0
1542,100
1543,0
1544,100
1545,0
1546,100
1547,0
1548,100
1549,100
1550,100
1551,100
1552,100
1553,100
1554,100
1555,100
1556,100
1557,100
1558,100
1559,100
1560,100
1561,100
1562,100
1563,100
1564,100
1565,100
1566,100
1567,100
1568,0
1569,100
1570,0
1571,100
1572,0
1573,100
1574,0
1575,100
1576,0
1577,100
1578,0
1579,100
1580,0
1581,100
1582,0
1583,100
1584,100
1585,100
1586,100
1587,100
1588,100
1589,100
1590,100
1591,100
1592,100
1593,100
1594,100
1595,100
1596,100
1597,100
1598,100
1599,100
1600,100
1601,100
1602,100
1603,0
1604,100
1605,0
1606,100
1607,0
1608,100
1609,0
1610,100
1611,0
1612,100
1613,0
1614,100
1615,0
1616,100
1617,0
1618,100
1619,100
1620,100
1621,100
1622,100
1623,100
1624,100
1625,100
1626,100
1627,100
1628,100
1629,100
1630,100
1631,100
1632,100
1633,100
1634,100
1635,100
1636,100
1637,100
1638,0
1639,100
1640,0
1641,100
1642,0
1643,100
1644,0
1645,100
1646,0
1647,100
1648,0
1649,100
1650,0
1651,100
1652,0
1653,100
1654,100
1655,100
1656,100
1657,100
1658,100
1659,100
1660,100
1661,100
1662,100
1663,100
1664,100
1665,100
1666,100
1667,100
1668,100
1669,100
1670,100
1671,100
1672,100
1673,0
1674,100
1675,0
1676,100
1677,0
1678,100
1679,0
1680,100
1681,0
1682,100
1683,0
1684,100
1685,0
1686,100
1687,0
1688,100
1689,100
1690,100
1691,100
1692,100
1693,100
1694,100
1695,100
1696,100
1697,100
1698,100
1699,100
1700,100
1701,100
1702,100
1703,100
1704,100
1705,100
1706,100
1707,100
1708,100
1709,100
1710,0
1711,100
1712,0
1713,100
1714,0
1715,100
1716,0
1717,100
1718,0
1719,100
1720,0
1721,100
1722,0
1723,100
1724,0
1725,100
1726,100
1727,100
1728,100
1729,100
1730,100
1731,100
1732,100
1733,100
1734,100
1735,100
1736,100
1737,100
1738,100
1739,100
1740,100
1741,100
1742,100
1743,100
1744,100
1745,0
1746,100
1747,0
1748,100
1749,0
1750,100
1751,0
1752,100
1753,0
1754,100
1755,0
1756,100
1757,0
1758,100
1759,0
1760,100
1761,100
1762,100
1763,100
1764,100
1765,100
1766,100
1767,100
1768,100
1769,100
1770,100
1771,100
1772,100
1773,100
1774,100
1775,100
1776,100
1777,100
1778,100
1779,100
1780,0
1781,100
1782,0
1783,100
1784,0
1785,100
1786,0
1787,100
1788,0
1789,100
1790,0
1791,100
1792,0
1793,100
1794,0
1795,100
1796,100
1797,100
1798,100
1799,100
1800,100
1801,100
1802,100
1803,100
1804,100
1805,100
1806,100
1807,100
1808,100
1809,0
1810,100
1811,100
1812,100
1813,100
1814,100
1815,0
1816,100
1817,0
1818,100
1819,0
1820,100
1821,0
1822,100
1823,0
1824,100
1825,0
1826,100
1827,0
1828,100
1829,0
1830,100
1831,100
1832,100
1833,100
1834,100
1835,100
1836,100
1837,100
1838,100
1839,100
1840,100
1841,100
1842,100
1843,100
1844,0
1845,100
1846,0
1847,100
1848,100
1849,100
1850,0
1851,100
1852,0
1853,100
1854,0
1855,100
1856,0
1857,100
1858,0
1859,100
1860,0
1861,100
1862,0
1863,100
1864,0
1865,100
1866,100
1867,100
1868,100
1869,100
1870,100
1871,100
1872,100
1873,100
1874,100
1875,100
1876,100
1877,100
1878,100
1879,0
1880,100
1881,0
1882,100
1883,0
1884,100
1885,0
1886,100
1887,0
1888,100
1889,0
1890,100
1891,0
1892,100
1893,0
1894,100
1895,0
1896,100
1897,0
1898,100
1899,0
1900,100
1901,100
1902,100
1903,100
1904,100
1905,100
1906,100
1907,100
1908,100
1909,100
1910,100
1911,100
1912,100
1913,100
1914,0
1915,100
1916,0
1917,100
1918,0
1919,100
1920,0
1921,100
1922,0
1923,100
1924,0
1925,100
1926,0
1927,100
1928,0
1929,100
1930,0
1931,100
1932,0
1933,100
1934,0
1935,100
1936,0
1937,100
1938,100
1939,100
1940,100
1941,100
1942,100
1943,100
1944,100
1945,100
1946,100
1947,100
1948,100
1949,100
1950,100
1951,0
1952,100
1953,0
1954,100
1955,0
1956,100
1957,0
1958,100
1959,0
1960,100
1961,0
1962,100
1963,0
1964,100
1965,0
1966,100
1967,0
1968,100
1969,0
1970,100
1971,100
1972,100
1973,100
1974,100
1975,100
1976,100
1977,100
1978,100
1979,100
1980,100
1981,100
1982,100
1983,100
1984,100
1985,100
1986,0
1987,100
1988,0
1989,100
1990,0
1991,100
1992,0
1993,100
1994,0
1995,100
1996,0
1997,100
1998,0
1999,100
2000,0
2001,100
2002,0
2003,100
2004,0
2005,100
2006,0
2007,100
2008,100
2009,100
2010,100
2011,100
2012,100
2013,100
2014,100
2015,100
2016,100
2017,100
2018,100
2019,100
2020,100
2021,0
2022,100
2023,0
2024,100
2025,0
2026,100
2027,0
2028,100
2029,0
2030,100
2031,0
2032,100
2033,0
2034,100
2035,0
2036,100
2037,0
2038,100
2039,0
2040,100
2041,0
2042,100
2043,100
2044,100
2045,100
2046,100
2047,100
2048,100
2049,100
2050,100
2051,100
2052,100
2053,100
2054,100
2055,100
2056,0
2057,100
2058,0
2059,100
2060,0
2061,100
2062,0
2063,100
2064,0
2065,100
2066,0
2067,100
2068,0
2069,100
2070,0
2071,100
2072,0
2073,100
2074,0
2075,100
2076,0
2077,100
2078,100
2079,100
2080,100
2081,100
2082,100
2083,100
2084,100
2085,100
2086,100
2087,100
2088,100
2089,100
2090,100
2091,0
2092,100
2093,0
2094,100
2095,0
2096,100
2097,0
2098,100
2099,0
2100,100
2101,0
2102,100
2103,0
2104,100
2105,0
2106,100
2107,0
2108,100
2109,0
2110,100
2111,0
2112,100
2113,100
2114,100
2115,100
2116,100
2117,100
2118,100
2119,100
2120,100
2121,100
2122,100
2123,100
2124,100
2125,100
2126,0
2127,100
2128,0
2129,100
2130,0
2131,100
2132,0
2133,100
2134,0
2135,100
2136,0
2137,100
2138,0
2139,100
2140,0
2141,100
2142,0
2143,100
2144,0
2145,100
2146,0
2147,100
2148,100
2149,100
2150,100
2151,100
2152,100
2153,100
2154,100
2155,100
2156,100
2157,100
2158,100
2159,100
2160,100
2161,100
2162,100
2163,0
2164,100
2165,0
2166,100
2167,0
2168,100
2169,0
2170,100
2171,0
2172,100
2173,0
2174,100
2175,0
2176,100
2177,0
2178,100
2179,0
2180,100
2181,0
2182,100
2183,100
2184,100
2185,100
2186,100
2187,100
2188,100
2189,100
2190,100
2191,100
2192,100
2193,100
2194,100
2195,100
2196,100
2197,100
2198,0
2199,100
2200,0
2201,100
2202,0
2203,100
2204,0
2205,100
2206,0
2207,100
2208,0
2209,100
2210,0
2211,100
2212,0
2213,100
2214,0
2215,100
2216,0
2217,100
2218,100
2219,100
2220,100
2221,100
2222,100
2223,100
2224,100
2225,100
2226,100
2227,100
2228,100
2229,100
2230,100
2231,100
2232,100
2233,0
2234,100
2235,0
2236,100
2237,0
2238,100
2239,0
2240,100
2241,0
2242,100
2243,0
2244,100
2245,0
2246,100
2247,0
2248,100
2249,0
2250,100
2251,0
2252,100
2253,0
2254,100
2255,100
2256,100
2257,100
2258,100
2259,100
2260,100
2261,100
2262,100
2263,100
2264,100
2265,100
2266,100
2267,100
2268,0
2269,100
2270,0
2271,100
2272,0
2273,100
2274,0
2275,100
2276,0
2277,100
2278,0
2279,100
2280,0
2281,100
2282,0
2283,100
2284,100
2285,100
2286,0
2287,100
2288,0
2289,100
2290,100
2291,100
2292,100
2293,100
2294,100
2295,100
2296,100
2297,100
2298,100
2299,100
2300,100
2301,100
2302,100
2303,0
2304,100
2305,0
2306,100
2307,0
2308,100
2309,0
2310,100
2311,0
2312,100
2313,0
2314,100
2315,0
2316,100
2317,0
2318,100
2319,100
2320,100
2321,100
2322,100
2323,0
2324,100
2325,100
2326,100
2327,100
2328,100
2329,100
2330,100
2331,100
2332,100
2333,100
2334,100
2335,100
2336,100
2337,100
2338,0
2339,100
2340,0
2341,100
2342,0
2343,100
2344,0
2345,100
2346,0
2347,100
2348,0
2349,100
2350,0
2351,100
2352,0
2353,100
2354,100
2355,100
2356,100
2357,100
2358,100
2359,100
2360,100
2361,100
2362,100
2363,100
2364,100
2365,100
2366,100
2367,100
2368,100
2369,100
2370,100
2371,100
2372,100
2373,0
2374,100
2375,0
2376,100
2377,0
2378,100
2379,0
2380,100
2381,0
2382,100
2383,0
2384,100
2385,0
2386,100
2387,0
2388,100
2389,100
2390,100
2391,100
2392,100
2393,100
2394,100
2395,100
2396,100
2397,100
2398,100
2399,100
2400,100
2401,100
2402,100
2403,100
2404,100
2405,100
2406,100
2407,100
2408,100
2409,100
2410,0
2411,100
2412,0
2413,100
2414,0
2415,100
2416,0
2417,100
2418,0
2419,100
2420,0
2421,100
2422,0
2423,100
2424,100
2425,100
2426,100
2427,100
2428,100
2429,100
2430,100
2431,100
2432,100
2433,100
2434,100
2435,100
2436,100
2437,100
2438,100
2439,100
2440,100
2441,100
2442,100
2443,100
2444,100
2445,0
2446,100
2447,0
2448,100
2449,0
2450,100
2451,0
2452,100
2453,0
2454,100
2455,0
2456,100
2457,0
2458,100
2459,100
2460,100
2461,100
2462,100
2463,100
2464,100
2465,100
2466,100
2467,100
2468,100
2469,100
2470,100
2471,100
2472,100
2473,100
2474,100
2475,100
2476,100
2477,100
2478,100
2479,100
2480,0
2481,100
2482,0
2483,100
2484,0
2485,100
2486,0
2487,100
2488,0
2489,100
2490,0
2491,100
2492,0
2493,100
2494,0
2495,100
2496,100
2497,100
2498,100
2499,100
2500,100
2501,100
2502,100
2503,100
2504,100
2505,100
2506,100
2507,100
2508,100
2509,100
2510,100
2511,100
2512,100
2513,100
2514,100
2515,0
2516,100
2517,0
2518,100
2519,0
2520,100
2521,0
2522,100
2523,0
2524,100
2525,0
2526,100
2527,0
2528,100
2529,0
2530,100
2531,100
2532,100
2533,100
2534,100
2535,100
2536,100
2537,100
2538,100
2539,100
2540,100
2541,100
2542,100
2543,100
2544,100
2545,100
2546,100
2547,100
2548,100
2549,100
2550,0
2551,100
2552,0
2553,100
2554,0
2555,100
2556,0
2557,100
2558,0
2559,100
2560,0
2561,100
2562,0
2563,100
2564,0
2565,100
2566,100
2567,100
2568,100
2569,100
2570,100
2571,100
2572,100
2573,100
2574,100
2575,100
2576,100
2577,100
2578,100
2579,100
2580,100
2581,100
2582,100
2583,100
2584,100
2585,0
2586,100
2587,0
2588,100
2589,0
2590,100
2591,0
2592,100
2593,0
2594,100
2595,0
2596,100
2597,0
2598,100
2599,0
2600,100
2601,100
2602,100
2603,100
2604,100
2605,100
2606,100
2607,100
2608,100
2609,100
2610,100
2611,100
2612,100
2613,100
2614,100
2615,100
2616,100
2617,100
2618,100
2619,100
2620,0
2621,100
2622,0
2623,100
2624,0
2625,100
2626,0
2627,100
2628,0
2629,100
2630,0
2631,100
2632,0
2633,100
2634,0
2635,100
2636,100
2637,100
2638,100
2639,100
2640,100
2641,100
2642,100
2643,100
2644,100
2645,100
2646,100
2647,100
2648,100
2649,0
2650,100
2651,100
2652,100
2653,100
2654,100
2655,100
2656,100
2657,0
2658,100
2659,0
2660,100
2661,0
2662,100
2663,0
2664,100
2665,0
2666,100
2667,0
2668,100
2669,0
2670,100
2671,100
2672,100
2673,100
2674,100
2675,100
2676,100
2677,100
2678,100
2679,100
2680,100
2681,100
2682,100
2683,100
2684,100
2685,100
2686,0
2687,100
2688,100
2689,100
2690,0
2691,100
2692,0
2693,100
2694,0
2695,100
2696,0
2697,100
2698,0
2699,100
2700,0
2701,100
2702,0
2703,100
2704,0
2705,100
2706,100
2707,100
2708,100
2709,100
2710,100
2711,100
2712,100
2713,100
2714,100
2715,100
2716,100
2717,100
2718,100
2719,100
2720,100
2721,0
2722,100
2723,100
2724,100
2725,100
2726,100
2727,0
2728,100
2729,0
2730,100
2731,0
2732,100
2733,0
2734,100
2735,0
2736,100
2737,0
2738,100
2739,0
2740,100
2741,0
2742,100
2743,100
2744,100
2745,100
2746,100
2747,100
2748,100
2749,100
2750,100
2751,100
2752,100
2753,100
2754,100
2755,100
2756,0
2757,100
2758,0
2759,100
2760,100
2761,100
2762,0
2763,100
2764,0
2765,100
2766,0
2767,100
2768,0
2769,100
2770,0
2771,100
2772,0
2773,100
2774,0
2775,100
2776,0
2777,100
2778,100
2779,100
2780,100
2781,100
2782,100
2783,100
2784,100
2785,100
2786,100
2787,100
2788,100
2789,100
2790,100
2791,0
2792,100
2793,0
2794,100
2795,0
2796,100
2797,0
2798,100
2799,0
2800,100
2801,0
2802,100
2803,0
2804,100
2805,0
2806,100
2807,0
2808,100
2809,0
2810,100
2811,0
2812,100
2813,100
2814,100
2815,100
2816,100
2817,100
2818,100
2819,100
2820,100
2821,100
2822,100
2823,100
2824,100
2825,100
2826,0
2827,100
2828,0
2829,100
2830,0
2831,100
2832,0
2833,100
2834,0
2835,100
2836,0
2837,100
2838,0
2839,100
2840,0
2841,100
2842,0
2843,100
2844,0
2845,100
2846,0
2847,100
2848,100
2849,100
2850,100
2851,100
2852,100
2853,100
2854,100
2855,100
2856,100
2857,100
2858,100
2859,100
2860,100
2861,0
2862,100
2863,0
2864,100
2865,0
2866,100
2867,0
2868,100
2869,0
2870,100
2871,0
2872,100
2873,0
2874,100
2875,0
2876,100
2877,0
2878,100
2879,0
2880,100
2881,0
2882,100
2883,100
2884,100
2885,100
2886,100
2887,100
2888,100
2889,100
2890,100
2891,100
2892,100
2893,100
2894,100
2895,100
2896,100
2897,100
2898,0
2899,100
2900,0
2901,100
2902,0
2903,100
2904,0
2905,100
2906,0
2907,100
2908,0
2909,100
2910,0
2911,100
2912,0
2913,100
2914,0
2915,100
2916,0
2917,100
2918,100
2919,100
2920,100
2921,100
2922,100
2923,100
2924,100
2925,100
2926,100
2927,100
2928,100
2929,100
2930,100
2931,100
2932,100
2933,0
2934,100
2935,0
2936,100
2937,0
2938,100
2939,0
2940,100
2941,0
2942,100
2943,0
2944,100
2945,0
2946,100
2947,0
2948,100
2949,0
2950,100
2951,0
2952,100
2953,100
2954,100
2955,100
2956,100
2957,100
2958,100
2959,100
2960,100
2961,100
2962,100
2963,100
2964,100
2965,100
2966,100
2967,100
2968,0
2969,100
2970,0
2971,100
2972,0
2973,100
2974,0
2975,100
2976,0
2977,100
2978,0
2979,100
2980,0
2981,100
2982,0
2983,100
2984,0
2985,100
2986,0
2987,100
2988,0
2989,100
2990,100
2991,100
2992,100
2993,100
2994,100
2995,100
2996,100
2997,100
2998,100
2999,100
3000,100
3001,100
3002,100
3003,0
3004,100
3005,0
3006,100
3007,0
3008,100
3009,0
3010,100
3011,0
3012,100
3013,0
3014,100
3015,0
3016,100
3017,0
3018,100
3019,0
3020,100
3021,0
3022,100
3023,0
3024,100
3025,100
3026,100
3027,100
3028,100
3029,100
3030,100
3031,100
3032,100
3033,100
3034,100
3035,100
3036,100
3037,100
3038,0
3039,100
3040,0
3041,100
3042,0
3043,100
3044,0
3045,100
3046,0
3047,100
3048,0
3049,100
3050,0
3051,100
3052,0
3053,100
3054,0
3055,100
3056,0
3057,100
3058,0
3059,100
3060,100
3061,100
3062,100
3063,100
3064,100
3065,100
3066,100
3067,100
3068,100
3069,100
3070,100
3071,100
3072,100
3073,0
3074,100
3075,0
3076,100
3077,0
3078,100
3079,0
3080,100
3081,0
3082,100
3083,0
3084,100
3085,0
3086,100
3087,0
3088,100
3089,0
3090,100
3091,0
3092,100
3093,0
3094,100
3095,100
3096,100
3097,100
3098,100
3099,100
3100,100
3101,100
3102,100
3103,100
3104,100
3105,100
3106,100
3107,100
3108,0
3109,100
3110,0
3111,100
3112,0
3113,100
3114,0
3115,100
3116,0
3117,100
3118,0
3119,100
3120,0
3121,100
3122,0
3123,100
3124,100
3125,100
3126,0
3127,100
3128,0
3129,100
3130,100
3131,100
3132,100
3133,100
3134,100
3135,100
3136,100
3137,100
3138,100
3139,100
3140,100
3141,100
3142,100
3143,100
3144,100
3145,0
3146,100
3147,0
3148,100
3149,0
3150,100
3151,0
3152,100
3153,0
3154,100
3155,0
3156,100
3157,0
3158,100
3159,100
3160,100
3161,100
3162,100
3163,0
3164,100
3165,100
3166,100
3167,100
3168,100
3169,100
3170,100
3171,100
3172,100
3173,100
3174,100
3175,100
3176,100
3177,100
3178,100
3179,100
3180,0
3181,100
3182,0
3183,100
3184,0
3185,100
3186,0
3187,100
3188,0
3189,100
3190,0
3191,100
3192,0
3193,100
3194,0
3195,100
3196,100
3197,100
3198,100
3199,100
3200,0
3201,100
3202,100
3203,100
3204,100
3205,100
3206,100
3207,100
3208,100
3209,100
3210,100
3211,100
3212,100
3213,100
3214,100
3215,100
3216,100
3217,100
3218,100
3219,100
3220,100
3221,100
3222,100
3223,100
3224,100
3225,100
3226,100
3227,100
3228,100
3229,0
3230,100
3231,0
3232,100
3233,0
3234,100
3235,0
3236,100
3237,0
3238,100
3239,0
3240,100
3241,0
3242,100
3243,0
3244,100
3245,0
3246,100
3247,0
3248,100
3249,0
3250,100
3251,100
3252,100
3253,100
3254,100
3255,100
3256,100
3257,100
3258,100
3259,100
3260,100
3261,100
3262,100
3263,100
3264,0
3265,100
3266,0
3267,100
3268,0
3269,100
3270,0
3271,100
3272,0
3273,100
3274,0
3275,100
3276,0
3277,100
3278,0
3279,100
3280,0
3281,100
3282,0
3283,100
3284,0
3285,100
3286,100
3287,100
3288,100
3289,100
3290,100
3291,100
3292,100
3293,100
3294,100
3295,100
3296,100
3297,100
3298,100
3299,0
3300,100
3301,0
3302,100
3303,0
3304,100
3305,0
3306,100
3307,0
3308,100
3309,0
3310,100
3311,0
3312,100
3313,0
3314,100
3315,0
3316,100
3317,0
3318,100
3319,0
3320,100
3321,100
3322,100
3323,100
3324,100
3325,100
3326,100
3327,100
3328,100
3329,100
3330,100
3331,100
3332,100
3333,100
3334,0
3335,100
3336,0
3337,100
3338,0
3339,100
3340,0
3341,100
3342,0
3343,100
3344,0
3345,100
3346,0
3347,100
3348,0
3349,100
3350,0
3351,100
3352,0
3353,100
3354,0
3355,100
3356,100
3357,100
3358,100
3359,100
3360,100
3361,100
3362,100
3363,100
3364,100
3365,100
3366,100
3367,100
3368,100
3369,100
3370,100
3371,0
3372,100
3373,0
3374,100
3375,0
3376,100
3377,0
3378,100
3379,0
3380,100
3381,0
3382,100
3383,0
3384,100
3385,0
3386,100
3387,0
3388,100
3389,0
3390,100
3391,100
3392,100
3393,100
3394,100
3395,100
3396,100
3397,100
3398,100
3399,100
3400,100
3401,100
3402,100
3403,100
3404,100
3405,100
3406,0
3407,100
3408,0
3409,100
3410,0
3411,100
3412,0
3413,100
3414,0
3415,100
3416,0
3417,100
3418,0
3419,100
3420,0
3421,100
3422,0
3423,100
3424,0
3425,100
3426,0
3427,100
3428,100
3429,100
3430,100
3431,100
3432,100
3433,100
3434,100
3435,100
3436,100
3437,100
3438,100
3439,100
3440,100
3441,0
3442,100
3443,0
3444,100
3445,0
3446,100
3447,0
3448,100
3449,0
3450,100
3451,0
3452,100
3453,0
3454,100
3455,0
3456,100
3457,0
3458,100
3459,0
3460,100
3461,100
3462,100
3463,100
3464,100
3465,100
3466,100
3467,100
3468,100
3469,100
3470,100
3471,100
3472,100
3473,100
3474,100
3475,100
3476,0
3477,100
3478,0
3479,100
3480,0
3481,100
3482,0
3483,100
3484,0
3485,100
3486,0
3487,100
3488,0
3489,100
3490,0
3491,100
3492,0
3493,100
3494,0
3495,100
3496,0
3497,100
3498,100
3499,100
3500,100
3501,100
3502,100
3503,100
3504,100
3505,100
3506,100
3507,100
3508,100
3509,100
3510,100
3511,0
3512,100
3513,0
3514,100
3515,0
3516,100
3517,0
3518,100
3519,0
3520,100
3521,0
3522,100
3523,0
3524,100
3525,0
3526,100
3527,0
3528,100
3529,0
3530,100
3531,0
3532,100
3533,100
3534,100
3535,100
3536,100
3537,100
3538,100
3539,100
3540,100
3541,100
3542,100
3543,100
3544,100
3545,100
3546,0
3547,100
3548,0
3549,100
3550,0
3551,100
3552,0
3553,100
3554,0
3555,100
3556,0
3557,100
3558,0
3559,100
3560,0
3561,100
3562,100
3563,100
3564,0
3565,100
3566,0
3567,100
3568,100
3569,100
3570,100
3571,100
3572,100
3573,100
3574,100
3575,100
3576,100
3577,100
3578,100
3579,100
3580,100
3581,100
3582,100
3583,100
3584,100
3585,0
3586,100
3587,0
3588,100
3589,0
3590,100
3591,0
3592,100
3593,0
3594,100
3595,0
3596,100
3597,0
3598,100
3599,0
3600,100
3601,0
3602,100
3603,0
3604,100
3605,100
3606,100
3607,100
3608,100
3609,100
3610,100
3611,100
3612,100
3613,100
3614,100
3615,100
3616,100
3617,100
3618,100
3619,100
3620,0
3621,100
3622,0
3623,100
3624,0
3625,100
3626,0
3627,100
3628,0
3629,100
3630,0
3631,100
3632,0
3633,100
3634,0
3635,100
3636,0
3637,100
3638,0
3639,100
3640,0
3641,100
3642,100
3643,100
3644,100
3645,100
3646,100
3647,100
3648,100
3649,100
3650,100
3651,100
3652,100
3653,100
3654,100
3655,0
3656,100
3657,0
3658,100
3659,0
3660,100
3661,0
3662,100
3663,0
3664,100
3665,0
3666,100
3667,0
3668,100
3669,0
3670,100
3671,100
3672,100
3673,0
3674,100
3675,0
3676,100
3677,100
3678,100
3679,100
3680,100
3681,100
3682,100
3683,100
3684,100
3685,100
3686,100
3687,100
3688,100
3689,100
3690,0
3691,100
3692,0
3693,100
3694,0
3695,100
3696,0
3697,100
3698,0
3699,100
3700,0
3701,100
3702,0
3703,100
3704,0
3705,100
3706,100
3707,100
3708,100
3709,100
3710,0
3711,100
3712,100
3713,100
3714,100
3715,100
3716,100
3717,100
3718,100
3719,100
3720,100
3721,100
3722,100
3723,100
3724,100
3725,0
3726,100
3727,0
3728,100
3729,0
3730,100
3731,0
3732,100
3733,0
3734,100
3735,0
3736,100
3737,0
3738,100
3739,0
3740,100
3741,100
3742,100
3743,100
3744,100
3745,100
3746,100
3747,100
3748,100
3749,100
3750,100
3751,100
3752,100
3753,100
3754,100
3755,100
3756,100
3757,100
3758,100
3759,100
3760,0
3761,100
3762,0
3763,100
3764,0
3765,100
3766,0
3767,100
3768,0
3769,100
3770,0
3771,100
3772,0
3773,100
3774,0
3775,100
3776,100
3777,100
3778,100
3779,100
3780,100
3781,100
3782,100
3783,100
3784,100
3785,100
3786,100
3787,100
3788,100
3789,100
3790,100
3791,100
3792,100
3793,100
3794,100
3795,0
3796,100
3797,0
3798,100
3799,0
3800,100
3801,0
3802,100
3803,0
3804,100
3805,0
3806,100
3807,0
3808,100
3809,0
3810,100
3811,100
3812,100
3813,100
3814,100
3815,100
3816,100
3817,100
3818,100
3819,100
3820,100
3821,100
3822,100
3823,100
3824,100
3825,100
3826,100
3827,100
3828,100
3829,100
3830,100
3831,100
3832,0
3833,100
3834,0
3835,100
3836,0
3837,100
3838,0
3839,100
3840,0
3841,100
3842,0
3843,100
3844,0
3845,100
3846,0
3847,100
3848,100
3849,100
3850,100
3851,100
3852,100
3853,100
3854,100
3855,100
3856,100
3857,100
3858,100
3859,100
3860,100
3861,100
3862,100
3863,100
3864,100
3865,100
3866,100
3867,0
3868,100
3869,0
3870,100
3871,0
3872,100
3873,0
3874,100
3875,0
3876,100
3877,0
3878,100
3879,0
3880,100
3881,0
3882,100
3883,100
3884,100
3885,100
3886,100
3887,100
3888,100
3889,100
3890,100
3891,100
3892,100
3893,100
3894,100
3895,100
3896,100
3897,100
3898,100
3899,100
3900,100
3901,100
3902,0
3903,100
3904,0
3905,100
3906,0
3907,100
3908,0
3909,100
3910,0
3911,100
3912,0
3913,100
3914,0
3915,100
3916,0
3917,100
3918,100
3919,100
3920,100
3921,100
3922,100
3923,100
3924,100
3925,100
3926,100
3927,100
3928,100
3929,100
3930,100
3931,100
3932,100
3933,100
3934,100
3935,100
3936,100
3937,0
3938,100
3939,0
3940,100
3941,0
3942,100
3943,0
3944,100
3945,0
3946,100
3947,0
3948,100
3949,0
3950,100
3951,0
3952,100
3953,100
3954,100
3955,100
3956,100
3957,100
3958,100
3959,100
3960,100
3961,100
3962,100
3963,100
3964,100
3965,100
3966,100
3967,100
3968,100
3969,100
3970,100
3971,100
3972,0
3973,100
3974,0
3975,100
3976,0
3977,100
3978,0
3979,100
3980,0
3981,100
3982,0
3983,100
3984,0
3985,100
3986,0
3987,100
3988,100
3989,100
3990,100
3991,100
3992,100
3993,100
3994,100
3995,100
3996,100
3997,100
3998,100
3999,100
4000,100
4001,100
4002,100
4003,100
4004,100
4005,100
4006,100
4007,0
4008,100
4009,0
4010,100
4011,0
4012,100
4013,0
4014,100
4015,0
4016,100
4017,0
4018,100
4019,0
4020,100
4021,0
4022,100
4023,100
4024,100
4025,100
4026,100
4027,100
4028,100
4029,100
4030,100
4031,100
4032,100
4033,100
4034,100
4035,100
4036,0
4037,100
4038,100
4039,100
4040,100
4041,100
4042,0
4043,100
4044,0
4045,100
4046,0
4047,100
4048,0
4049,100
4050,0
4051,100
4052,0
4053,100
4054,0
4055,100
4056,0
4057,100
4058,0
4059,100
4060,100
4061,100
4062,100
4063,100
4064,100
4065,100
4066,100
4067,100
4068,100
4069,100
4070,100
4071,100
4072,100
4073,0
4074,100
4075,100
4076,100
4077,100
4078,100
4079,0
4080,100
4081,0
4082,100
4083,0
4084,100
4085,0
4086,100
4087,0
4088,100
4089,0
4090,100
4091,0
4092,100
4093,100
4094,100
4095,100
4096,100
4097,100
4098,100
4099,100
4100,100
4101,100
4102,100
4103,100
4104,100
4105,100
4106,100
4107,100
4108,0
4109,100
4110,0
4111,100
4112,100
4113,100
4114,0
4115,100
4116,0
4117,100
4118,0
4119,100
4120,100
4121,100
4122,100
4123,100
4124,100
4125,100
4126,100
4127,100
4128,100
4129,100
4130,100
4131,100
4132,100
4133,100
4134,100
4135,100
4136,100
4137,100
4138,0
4139,100
4140,0
4141,100
4142,0
4143,100
4144,0
4145,100
4146,0
4147,100
4148,0
4149,100
4150,0
4151,100
4152,0
4153,100
4154,0
4155,100
4156,0
4157,100
4158,100
4159,100
4160,100
4161,100
4162,100
4163,100
4164,100
4165,100
4166,100
4167,100
4168,100
4169,100
4170,100
4171,0
4172,100
4173,0
4174,100
4175,0
4176,100
4177,0
4178,100
4179,0
4180,100
4181,0
4182,100
4183,0
4184,100
4185,0
4186,100
4187,0
4188,100
4189,0
4190,100
4191,0
4192,100
4193,100
4194,100
4195,100
4196,100
4197,100
4198,100
4199,100
4200,100
4201,100
4202,100
4203,100
4204,100
4205,100
4206,100
4207,100
4208,0
4209,100
4210,0
4211,100
4212,0
4213,100
4214,0
4215,100
4216,0
4217,100
4218,0
4219,100
4220,0
4221,100
4222,0
4223,100
4224,0
4225,100
4226,0
4227,100
4228,0
4229,100
4230,100
4231,100
4232,100
4233,100
4234,100
4235,100
4236,100
4237,100
4238,100
4239,100
4240,100
4241,100
4242,100
4243,100
4244,100
4245,100
4246,100
4247,100
4248,100
4249,100
4250,100
4251,100
4252,100
4253,100
4254,100
4255,100
4256,100
4257,100
4258,100
4259,100
4260,100
4261,100
4262,100
4263,0
4264,100
4265,0
4266,100
4267,0
4268,100
4269,0
4270,100
4271,0
4272,100
4273,0
4274,100
4275,0
4276,100
4277,0
4278,100
4279,100
4280,100
4281,100
4282,100
4283,100
4284,100
4285,100
4286,100
4287,100
4288,100
4289,100
4290,100
4291,100
4292,100
4293,100
4294,100
4295,100
4296,100
4297,100
4298,0
4299,100
4300,0
4301,100
4302,0
4303,100
4304,0
4305,100
4306,0
4307,100
4308,0
4309,100
4310,0
4311,100
4312,0
4313,100
4314,100
4315,100
4316,100
4317,100
4318,100
4319,100
4320,100
4321,100
4322,100
4323,100
4324,100
4325,100
4326,100
4327,0
4328,100
4329,100
4330,100
4331,100
4332,100
4333,0
4334,100
4335,0
4336,100
4337,0
4338,100
4339,0
4340,100
4341,0
4342,100
4343,0
4344,100
4345,0
4346,100
4347,0
4348,100
4349,100
4350,100
4351,100
4352,100
4353,100
4354,100
4355,100
4356,100
4357,100
4358,100
4359,100
4360,100
4361,100
4362,100
4363,100
4364,100
4365,100
4366,100
4367,100
4368,0
4369,100
4370,0
4371,100
4372,0
4373,100
4374,0
4375,100
4376,0
4377,100
4378,0
4379,100
4380,0
4381,100
4382,0
4383,100
4384,100
4385,100
4386,100
4387,100
4388,100
4389,100
4390,100
4391,100
4392,100
4393,100
4394,100
4395,100
4396,100
4397,0
4398,100
4399,0
4400,100
4401,100
4402,100
4403,100
4404,100
4405,0
4406,100
4407,0
4408,100
4409,0
4410,100
4411,0
4412,100
4413,0
4414,100
4415,0
4416,100
4417,0
4418,100
4419,0
4420,100
4421,100
4422,100
4423,100
4424,100
4425,100
4426,100
4427,100
4428,100
4429,100
4430,100
4431,100
4432,100
4433,100
4434,0
4435,100
4436,0
4437,100
4438,100
4439,100
4440,0
4441,100
4442,0
4443,100
4444,0
4445,100
4446,0
4447,100
4448,0
4449,100
4450,0
4451,100
4452,0
4453,100
4454,100
4455,100
4456,100
4457,100
4458,100
4459,100
4460,100
4461,100
4462,100
4463,100
4464,100
4465,100
4466,100
4467,100
4468,100
4469,0
4470,100
4471,0
4472,100
4473,0
4474,100
4475,0
4476,100
4477,0
4478,100
4479,0
4480,100
4481,0
4482,100
4483,0
4484,100
4485,0
4486,100
4487,0
4488,100
4489,0
4490,100
4491,100
4492,100
4493,100
4494,100
4495,100
4496,100
4497,100
4498,100
4499,100
4500,100
4501,100
4502,100
4503,100
4504,0
4505,100
4506,0
4507,100
4508,0
4509,100
4510,0
4511,100
4512,0
4513,100
4514,0
4515,100
4516,0
4517,100
4518,0
4519,100
4520,0
4521,100
4522,0
4523,100
4524,0
4525,100
4526,100
4527,100
4528,100
4529,100
4530,100
4531,100
4532,100
4533,100
4534,100
4535,100
4536,100
4537,100
4538,100
4539,0
4540,100
4541,0
4542,100
4543,0
4544,100
4545,0
4546,100
4547,0
4548,100
4549,0
4550,100
4551,0
4552,100
4553,0
4554,100
4555,0
4556,100
4557,0
4558,100
4559,0
4560,100
4561,100
4562,100
4563,100
4564,100
4565,100
4566,100
4567,100
4568,100
4569,100
4570,100
4571,100
4572,100
4573,100
4574,100
4575,100
4576,0
4577,100
4578,0
4579,100
4580,0
4581,100
4582,0
4583,100
4584,0
4585,100
4586,0
4587,100
4588,0
4589,100
4590,0
4591,100
4592,0
4593,100
4594,0
4595,100
4596,0
4597,100
4598,100
4599,100
4600,100
4601,100
4602,100
4603,100
4604,100
4605,100
4606,0
4607,100
4608,0
4609,100
4610,100
4611,100
4612,100
4613,100
4614,100
4615,100
4616,100
4617,100
4618,100
4619,100
4620,100
4621,100
4622,100
4623,100
4624,100
4625,100
4626,100
4627,100
4628,100
4629,100
4630,100
4631,0
4632,100
4633,0
4634,100
4635,0
4636,100
4637,0
4638,100
4639,0
4640,100
4641,0
4642,100
4643,0
4644,100
4645,0
4646,100
4647,100
4648,100
4649,100
4650,100
4651,100
4652,100
4653,100
4654,100
4655,100
4656,100
4657,100
4658,100
4659,100
4660,100
4661,100
4662,100
4663,100
4664,100
4665,100
4666,0
4667,100
4668,0
4669,100
4670,0
4671,100
4672,0
4673,100
4674,0
4675,100
4676,0
4677,100
4678,0
4679,100
4680,100
4681,100
4682,100
4683,100
4684,100
4685,100
4686,100
4687,100
4688,100
4689,100
4690,100
4691,100
4692,100
4693,100
4694,100
4695,100
4696,100
4697,100
4698,100
4699,100
4700,100
4701,0
4702,100
4703,0
4704,100
4705,0
4706,100
4707,0
4708,100
4709,0
4710,100
4711,0
4712,100
4713,0
4714,100
4715,0
4716,100
4717,100
4718,100
4719,100
4720,100
4721,100
4722,100
4723,100
4724,100
4725,100
4726,100
4727,100
4728,100
4729,100
4730,100
4731,100
4732,100
4733,100
4734,100
4735,100
4736,0
4737,100
4738,0
4739,100
4740,0
4741,100
4742,0
4743,100
4744,0
4745,100
4746,0
4747,100
4748,0
4749,100
4750,0
4751,100
4752,100
4753,100
4754,100
4755,100
4756,100
4757,100
4758,100
4759,100
4760,100
4761,100
4762,100
4763,100
4764,100
4765,0
4766,100
4767,100
4768,100
4769,100
4770,100
4771,0
4772,100
4773,0
4774,100
4775,0
4776,100
4777,0
4778,100
4779,0
4780,100
4781,0
4782,100
4783,0
4784,100
4785,0
4786,100
4787,100
4788,100
4789,100
4790,100
4791,100
4792,100
4793,100
4794,100
4795,100
4796,100
4797,100
4798,100
4799,100
4800,100
4801,100
4802,100
4803,100
4804,100
4805,100
4806,0
4807,100
4808,0
4809,100
4810,0
4811,100
4812,0
4813,100
4814,0
4815,100
4816,0
4817,100
4818,0
4819,100
4820,0
4821,100
4822,100
4823,100
4824,100
4825,100
4826,100
4827,100
4828,100
4829,100
4830,100
4831,100
4832,100
4833,100
4834,100
4835,0
4836,100
4837,0
4838,100
4839,100
4840,100
4841,100
4842,100
4843,0
4844,100
4845,0
4846,100
4847,0
4848,100
4849,0
4850,100
4851,0
4852,100
4853,0
4854,100
4855,0
4856,100
4857,100
4858,100
4859,100
4860,100
4861,100
4862,100
4863,100
4864,100
4865,100
4866,100
4867,100
4868,100
4869,100
4870,100
4871,100
4872,0
4873,100
4874,0
4875,100
4876,100
4877,100
4878,0
4879,100
4880,0
4881,100
4882,0
4883,100
4884,0
4885,100
4886,0
4887,100
4888,0
4889,100
4890,0
4891,100
4892,100
4893,100
4894,100
4895,100
4896,100
4897,100
4898,100
4899,100
4900,100
4901,100
4902,100
4903,100
4904,100
4905,100
4906,100
4907,0
4908,100
4909,0
4910,100
4911,0
4912,100
4913,0
4914,100
4915,0
4916,100
4917,0
4918,100
4919,0
4920,100
4921,0
4922,100
4923,0
4924,100
4925,0
4926,100
4927,0
4928,100
4929,100
4930,100
4931,100
4932,100
4933,100
4934,100
4935,100
4936,100
4937,100
4938,100
4939,100
4940,100
4941,100
4942,0
4943,100
4944,0
4945,100
4946,0
4947,100
4948,0
4949,100
4950,0
4951,100
4952,0
4953,100
4954,0
4955,100
4956,0
4957,100
4958,0
4959,100
4960,0
4961,100
4962,0
4963,100
4964,100
4965,100
4966,100
4967,100
4968,100
4969,100
4970,100
4971,100
4972,100
4973,100
4974,100
4975,100
4976,100
4977,0
4978,100
4979,0
4980,100
4981,0
4982,100
4983,0
4984,100
4985,0
4986,100
4987,0
4988,100
4989,0
4990,100
4991,0
4992,100
4993,0
4994,100
4995,0
4996,100
4997,0
4998,100
4999,100
5000,100
5001,100
5002,100
5003,100
5004,100
5005,100
5006,100
5007,100
5008,100
5009,100
5010,100
5011,100
5012,0
5013,100
5014,0
5015,100
5016,0
5017,100
5018,0
5019,100
5020,0
5021,100
5022,0
5023,100
5024,0
5025,100
5026,0
5027,100
5028,0
5029,100
5030,0
5031,100
5032,0
5033,100
5034,100
5035,100
5036,100
5037,100
5038,100
5039,100
5040,100
5041,100
5042,100
5043,100
5044,100
5045,100
5046,100
5047,0
5048,100
5049,0
5050,100
5051,0
5052,100
5053,0
5054,100
5055,0
5056,100
5057,0
5058,100
5059,0
5060,100
5061,0
5062,100
5063,0
5064,100
5065,0
5066,100
5067,0
5068,100
5069,100
5070,100
5071,100
5072,100
5073,100
5074,100
5075,100
5076,100
5077,100
5078,100
5079,100
5080,100
5081,100
5082,100
5083,100
5084,0
5085,100
5086,0
5087,100
5088,0
5089,100
5090,0
5091,100
5092,0
5093,100
5094,0
5095,100
5096,0
5097,100
5098,0
5099,100
5100,0
5101,100
5102,0
5103,100
5104,0
5105,100
5106,0
5107,100
5108,0
5109,100
5110,0
5111,100
5112,0
5113,100
5114,0
5115,100
5116,0
5117,100
5118,100
5119,100
5120,100
5121,100
5122,100
5123,100
5124,100
5125,100
5126,100
5127,100
5128,100
5129,100
5130,100
5131,100
5132,100
5133,100
5134,100
5135,100
5136,100
5137,100
5138,100
5139,0
5140,100
5141,0
5142,100
5143,0
5144,100
5145,0
5146,100
5147,0
5148,100
5149,0
5150,100
5151,0
5152,100
5153,0
5154,100
5155,100
5156,100
5157,100
5158,100
5159,100
5160,100
5161,100
5162,100
5163,100
5164,100
5165,100
5166,100
5167,100
5168,100
5169,100
5170,100
5171,100
5172,100
5173,100
5174,0
5175,100
5176,0
5177,100
5178,0
5179,100
5180,0
5181,100
5182,0
5183,100
5184,0
5185,100
5186,0
5187,100
5188,0
5189,100
5190,100
5191,100
5192,100
5193,100
5194,100
5195,100
5196,100
5197,100
5198,100
5199,100
5200,100
5201,100
5202,100
5203,0
5204,100
5205,100
5206,100
5207,100
5208,100
5209,0
5210,100
5211,0
5212,100
5213,0
5214,100
5215,0
5216,100
5217,0
5218,100
5219,0
5220,100
5221,0
5222,100
5223,0
5224,100
5225,100
5226,100
5227,100
5228,100
5229,100
5230,100
5231,100
5232,100
5233,100
5234,100
5235,100
5236,100
5237,100
5238,0
5239,100
5240,100
5241,100
5242,100
5243,100
5244,0
5245,100
5246,0
5247,100
5248,0
5249,100
5250,0
5251,100
5252,0
5253,100
5254,0
5255,100
5256,0
5257,100
5258,0
5259,100
5260,100
5261,100
5262,100
5263,100
5264,100
5265,100
5266,100
5267,100
5268,100
5269,100
5270,100
5271,100
5272,100
5273,0
5274,100
5275,0
5276,100
5277,100
5278,100
5279,0
5280,100
5281,0
5282,100
5283,0
5284,100
5285,0
5286,100
5287,0
5288,100
5289,0
5290,100
5291,0
5292,100
5293,0
5294,100
5295,100
5296,100
5297,100
5298,100
5299,100
5300,100
5301,100
5302,100
5303,100
5304,100
5305,100
5306,100
5307,100
5308,100
5309,100
5310,0
5311,100
5312,0
5313,100
5314,100
5315,100
5316,0
5317,100
5318,0
5319,100
5320,0
5321,100
5322,0
5323,100
5324,0
5325,100
5326,0
5327,100
5328,0
5329,100
5330,100
5331,100
5332,100
5333,100
5334,100
5335,100
5336,100
5337,100
5338,100
5339,100
5340,100
5341,100
5342,100
5343,100
5344,100
5345,0
5346,100
5347,0
5348,100
5349,0
5350,100
5351,0
5352,100
5353,0
5354,100
5355,0
5356,100
5357,0
5358,100
5359,0
5360,100
5361,0
5362,100
5363,0
5364,100
5365,100
5366,100
5367,100
5368,100
5369,100
5370,100
5371,100
5372,100
5373,100
5374,100
5375,100
5376,100
5377,100
5378,100
5379,100
5380,0
5381,100
5382,0
5383,100
5384,0
5385,100
5386,0
5387,100
5388,0
5389,100
5390,0
5391,100
5392,0
5393,100
5394,0
5395,100
5396,0
5397,100
5398,0
5399,100
5400,0
5401,100
5402,100
5403,100
5404,100
5405,100
5406,100
5407,100
5408,100
5409,100
5410,100
5411,100
5412,100
5413,100
5414,100
5415,0
5416,100
5417,0
5418,100
5419,0
5420,100
5421,0
5422,100
5423,0
5424,100
5425,0
5426,100
5427,0
5428,100
5429,0
5430,100
5431,0
5432,100
5433,0
5434,100
5435,0
5436,100
5437,100
5438,100
5439,100
5440,100
5441,100
5442,100
5443,100
5444,100
5445,100
5446,100
5447,100
5448,100
5449,100
5450,0
5451,100
5452,0
5453,100
5454,0
5455,100
5456,0
5457,100
5458,0
5459,100
5460,0
5461,100
5462,0
5463,100
5464,0
5465,100
5466,0
5467,100
5468,0
5469,100
5470,0
5471,100
5472,100
5473,100
5474,100
5475,100
5476,100
5477,100
5478,100
5479,100
5480,100
5481,100
5482,100
5483,100
5484,100
5485,0
5486,100
5487,0
5488,100
5489,0
5490,100
5491,0
5492,100
5493,0
5494,100
5495,0
5496,100
5497,0
5498,100
5499,0
5500,100
5501,0
5502,100
5503,0
5504,100
5505,0
5506,100
5507,100
5508,100
5509,100
5510,100
5511,100
5512,100
5513,100
5514,100
5515,100
5516,100
5517,100
5518,100
5519,100
5520,0
5521,100
5522,0
5523,100
5524,0
5525,100
5526,0
5527,100
5528,0
5529,100
5530,0
5531,100
5532,0
5533,100
5534,0
5535,100
5536,0
5537,100
5538,0
5539,100
5540,0
5541,100
5542,100
5543,100
5544,100
5545,100
5546,100
5547,100
5548,100
5549,100
5550,100
5551,100
5552,100
5553,100
5554,100
5555,100
5556,100
5557,0
5558,100
5559,0
5560,100
5561,0
5562,100
5563,0
5564,100
5565,0
5566,100
5567,0
5568,100
5569,0
5570,100
5571,0
5572,100
5573,0
5574,100
5575,0
5576,100
5577,100
5578,100
5579,100
5580,100
5581,100
5582,100
5583,100
5584,100
5585,100
5586,100
5587,100
5588,100
5589,100
5590,100
5591,100
5592,0
5593,100
5594,0
5595,100
5596,0
5597,100
5598,0
5599,100
5600,0
5601,100
5602,0
5603,100
5604,0
5605,100
5606,0
5607,100
5608,0
5609,100
5610,0
5611,100
5612,100
5613,100
5614,100
5615,100
5616,100
5617,100
5618,100
5619,100
5620,100
5621,100
5622,100
5623,100
5624,100
5625,100
5626,100
5627,0
5628,100
5629,0
5630,100
5631,0
5632,100
5633,0
5634,100
5635,0
5636,100
5637,0
5638,100
5639,0
5640,100
5641,0
5642,100
5643,0
5644,100
5645,0
5646,100
5647,0
5648,100
5649,100
5650,100
5651,100
5652,100
5653,100
5654,100
5655,100
5656,100
5657,100
5658,100
5659,100
5660,100
5661,100
5662,0
5663,100
5664,0
5665,100
5666,0
5667,100
5668,0
5669,100
5670,0
5671,100
5672,0
5673,100
5674,0
5675,100
5676,0
5677,100
5678,100
5679,100
5680,0
5681,100
5682,0
5683,100
5684,100
5685,100
5686,100
5687,100
5688,100
5689,100
5690,100
5691,100
5692,100
5693,100
5694,100
5695,100
5696,100
5697,0
5698,100
5699,0
5700,100
5701,0
5702,100
5703,0
5704,100
5705,0
5706,100
5707,0
5708,100
5709,0
5710,100
5711,0
5712,100
5713,100
5714,100
5715,0
5716,100
5717,0
5718,100
5719,100
5720,100
5721,100
5722,100
5723,100
5724,100
5725,100
5726,100
5727,100
5728,100
5729,100
5730,100
5731,100
5732,0
5733,100
5734,0
5735,100
5736,0
5737,100
5738,0
5739,100
5740,0
5741,100
5742,0
5743,100
5744,0
5745,100
5746,0
5747,100
5748,100
5749,100
5750,100
5751,100
5752,0
5753,100
5754,100
5755,100
5756,100
5757,100
5758,100
5759,100
5760,100
5761,100
5762,100
5763,100
5764,100
5765,100
5766,100
5767,0
5768,100
5769,0
5770,100
5771,0
5772,100
5773,0
5774,100
5775,0
5776,100
5777,0
5778,100
5779,0
5780,100
5781,0
5782,100
5783,100
5784,100
5785,100
5786,100
5787,100
5788,100
5789,100
5790,100
5791,100
5792,100
5793,100
5794,100
5795,100
5796,100
5797,100
5798,100
5799,100
5800,100
5801,100
5802,100
5803,100
5804,0
5805,100
5806,0
5807,100
5808,0
5809,100
5810,0
5811,100
5812,0
5813,100
5814,0
5815,100
5816,0
5817,100
5818,100
5819,100
5820,100
5821,100
5822,100
5823,100
5824,100
5825,100
5826,100
5827,100
5828,100
5829,100
5830,100
5831,100
5832,100
5833,100
5834,100
5835,100
5836,100
5837,0
5838,100
5839,0
5840,100
5841,0
5842,100
5843,0
5844,100
5845,0
5846,100
5847,0
5848,100
5849,0
5850,100
5851,0
5852,100
5853,100
5854,100
5855,100
5856,100
5857,100
5858,100
5859,100
5860,100
5861,100
5862,100
5863,100
5864,100
5865,100
5866,100
5867,100
5868,100
5869,100
5870,100
5871,100
5872,100
5873,100
5874,0
5875,100
5876,0
5877,100
5878,0
5879,100
5880,0
5881,100
5882,0
5883,100
5884,0
5885,100
5886,0
5887,100
5888,0
5889,100
5890,100
5891,100
5892,100
5893,100
5894,100
5895,100
5896,100
5897,100
5898,100
5899,100
5900,100
5901,100
5902,100
5903,100
5904,100
5905,100
5906,100
5907,100
5908,100
5909,0
5910,100
5911,0
5912,100
5913,0
5914,100
5915,0
5916,100
5917,0
5918,100
5919,0
5920,100
5921,0
5922,100
5923,0
5924,100
5925,100
5926,100
5927,100
5928,100
5929,100
5930,100
5931,100
5932,100
5933,100
5934,100
5935,100
5936,100
5937,100
5938,100
5939,100
5940,100
5941,100
5942,100
5943,100
5944,0
5945,100
5946,0
5947,100
5948,0
5949,100
5950,0
5951,100
5952,0
5953,100
5954,0
5955,100
5956,0
5957,100
5958,0
5959,100
5960,100
5961,100
5962,100
5963,100
5964,100
5965,100
5966,100
5967,100
5968,100
5969,100
5970,100
5971,100
5972,100
5973,100
5974,100
5975,100
5976,100
5977,100
5978,100
5979,0
5980,100
5981,0
5982,100
5983,0
5984,100
5985,0
5986,100
5987,0
5988,100
5989,0
5990,100
5991,0
5992,100
5993,0
5994,100
5995,100
5996,100
5997,100
5998,100
5999,100
6000,100
6001,100
6002,100
6003,100
6004,100
6005,100
6006,100
6007,100
6008,100
6009,100
6010,100
6011,100
6012,100
6013,100
6014,0
6015,100
6016,0
6017,100
6018,0
6019,100
6020,0
6021,100
6022,0
6023,100
6024,0
6025,100
6026,0
6027,100
6028,0
6029,100
6030,100
6031,100
6032,100
6033,100
6034,100
6035,100
6036,100
6037,100
6038,100
6039,100
6040,100
6041,100
6042,100
6043,100
6044,100
6045,100
6046,100
6047,100
6048,100
6049,0
6050,100
6051,0
6052,100
6053,0
6054,100
6055,0
6056,100
6057,0
6058,100
6059,0
6060,100
6061,0
6062,100
6063,0
6064,100
6065,100
6066,100
6067,100
6068,100
6069,100
6070,100
6071,100
6072,100
6073,100
6074,100
6075,100
6076,100
6077,100
6078,100
6079,100
6080,100
6081,100
6082,100
6083,100
6084,100
6085,100
6086,0
6087,100
6088,0
6089,100
6090,0
6091,100
6092,0
6093,100
6094,0
6095,100
6096,0
6097,100
6098,0
6099,100
6100,100
6101,100
6102,100
6103,100
6104,100
6105,100
6106,100
6107,100
6108,100
6109,100
6110,100
6111,100
6112,100
6113,100
6114,100
6115,0
6116,100
6117,100
6118,100
6119,100
6120,100
6121,0
6122,100
6123,0
6124,100
6125,0
6126,100
6127,0
6128,100
6129,0
6130,100
6131,0
6132,100
6133,0
6134,100
6135,0
6136,100
6137,100
6138,100
6139,100
6140,100
6141,100
6142,100
6143,100
6144,100
6145,100
6146,100
6147,100
6148,100
6149,100
6150,0
6151,100
6152,0
6153,100
6154,100
6155,100
6156,0
6157,100
6158,0
6159,100
6160,0
6161,100
6162,0
6163,100
6164,0
6165,100
6166,0
6167,100
6168,0
6169,100
6170,0
6171,100
6172,100
6173,100
6174,100
6175,100
6176,100
6177,100
6178,100
6179,100
6180,100
6181,100
6182,100
6183,100
6184,100
6185,0
6186,100
6187,0
6188,100
6189,100
6190,100
6191,0
6192,100
6193,0
6194,100
6195,0
6196,100
6197,0
6198,100
6199,0
6200,100
6201,0
6202,100
6203,0
6204,100
6205,0
6206,100
6207,100
6208,100
6209,100
6210,100
6211,100
6212,100
6213,100
6214,100
6215,100
6216,100
6217,100
6218,100
6219,100
6220,0
6221,100
6222,0
6223,100
6224,0
6225,100
6226,0
6227,100
6228,0
6229,100
6230,0
6231,100
6232,0
6233,100
6234,0
6235,100
6236,0
6237,100
6238,0
6239,100
6240,0
6241,100
6242,100
6243,100
6244,100
6245,100
6246,100
6247,100
6248,100
6249,100
6250,100
6251,100
6252,100
6253,100
6254,100
6255,0
6256,100
6257,0
6258,100
6259,0
6260,100
6261,0
6262,100
6263,0
6264,100
6265,0
6266,100
6267,0
6268,100
6269,0
6270,100
6271,0
6272,100
6273,0
6274,100
6275,0
6276,100
6277,100
6278,100
6279,100
6280,100
6281,100
6282,100
6283,100
6284,100
6285,100
6286,100
6287,100
6288,100
6289,100
6290,100
6291,100
6292,0
6293,100
6294,0
6295,100
6296,0
6297,100
6298,0
6299,100
6300,0
6301,100
6302,0
6303,100
6304,0
6305,100
6306,0
6307,100
6308,0
6309,100
6310,0
6311,100
6312,100
6313,100
6314,100
6315,100
6316,100
6317,100
6318,100
6319,100
6320,100
6321,100
6322,100
6323,100
6324,100
6325,0
6326,100
6327,0
6328,100
6329,0
6330,100
6331,0
6332,100
6333,0
6334,100
6335,0
6336,100
6337,0
6338,100
6339,0
6340,100
6341,0
6342,100
6343,0
6344,100
6345,0
6346,100
6347,0
6348,100
6349,100
6350,100
6351,100
6352,100
6353,100
6354,100
6355,100
6356,100
6357,100
6358,100
6359,100
6360,100
6361,100
6362,0
6363,100
6364,0
6365,100
6366,0
6367,100
6368,0
6369,100
6370,0
6371,100
6372,0
6373,100
6374,0
6375,100
6376,0
6377,100
6378,0
6379,100
6380,0
6381,100
6382,0
6383,100
6384,100
6385,100
6386,100
6387,100
6388,100
6389,100
6390,100
6391,100
6392,100
6393,100
6394,100
6395,100
6396,100
6397,0
6398,100
6399,0
6400,100
6401,0
6402,100
6403,0
6404,100
6405,0
6406,100
6407,0
6408,100
6409,0
6410,100
6411,0
6412,100
6413,0
6414,100
6415,0
6416,100
6417,0
6418,100
6419,100
6420,100
6421,100
6422,100
6423,100
6424,100
6425,100
6426,100
6427,100
6428,100
6429,100
6430,100
6431,100
6432,0
6433,100
6434,0
6435,100
6436,0
6437,100
6438,0
6439,100
6440,0
6441,100
6442,0
6443,100
6444,0
6445,100
6446,0
6447,100
6448,0
6449,100
6450,0
6451,100
6452,0
6453,100
6454,100
6455,100
6456,100
6457,100
6458,100
6459,100
6460,100
6461,100
6462,100
6463,100
6464,100
6465,100
6466,100
6467,0
6468,100
6469,0
6470,100
6471,0
6472,100
6473,0
6474,100
6475,0
6476,100
6477,0
6478,100
6479,0
6480,100
6481,0
6482,100
6483,0
6484,100
6485,0
6486,100
6487,0
6488,100
6489,100
6490,100
6491,100
6492,100
6493,100
6494,100
6495,100
6496,100
6497,100
6498,100
6499,100
6500,100
6501,100
6502,0
6503,100
6504,0
6505,100
6506,0
6507,100
6508,0
6509,100
6510,0
6511,100
6512,0
6513,100
6514,0
6515,100
6516,0
6517,100
6518,0
6519,100
6520,0
6521,100
6522,0
6523,100
6524,100
6525,100
6526,100
6527,100
6528,100
6529,100
6530,100
6531,100
6532,100
6533,100
6534,100
6535,100
6536,100
6537,0
6538,100
6539,0
6540,100
6541,0
6542,100
6543,0
6544,100
6545,0
6546,100
6547,0
6548,100
6549,0
6550,100
6551,0
6552,100
6553,100
6554,100
6555,0
6556,100
6557,0
6558,100
6559,100
6560,100
6561,100
6562,100
6563,100
6564,100
6565,100
6566,100
6567,100
6568,100
6569,100
6570,100
6571,100
6572,100
6573,100
6574,0
6575,100
6576,0
6577,100
6578,0
6579,100
6580,0
6581,100
6582,0
6583,100
6584,0
6585,100
6586,0
6587,100
6588,0
6589,100
6590,100
6591,100
6592,0
6593,100
6594,100
6595,100
6596,100
6597,100
6598,100
6599,100
6600,100
6601,100
6602,100
6603,100
6604,100
6605,100
6606,100
6607,100
6608,100
6609,0
6610,100
6611,0
6612,100
6613,0
6614,100
6615,0
6616,100
6617,0
6618,100
6619,0
6620,100
6621,0
6622,100
6623,0
6624,100
6625,100
6626,100
6627,100
6628,100
6629,0
6630,100
6631,100
6632,100
6633,100
6634,100
6635,100
6636,100
6637,100
6638,100
6639,100
6640,100
6641,100
6642,100
6643,100
6644,0
6645,100
6646,0
6647,100
6648,0
6649,100
6650,0
6651,100
6652,0
6653,100
6654,0
6655,100
6656,0
6657,100
6658,0
6659,100
6660,100
6661,100
6662,100
6663,100
6664,0
6665,100
6666,100
6667,100
6668,100
6669,100
6670,100
6671,100
6672,100
6673,100
6674,100
6675,100
6676,100
6677,100
6678,100
6679,0
6680,100
6681,0
6682,100
6683,0
6684,100
6685,0
6686,100
6687,0
6688,100
6689,0
6690,100
6691,0
6692,100
6693,0
6694,100
6695,100
6696,100
6697,100
6698,100
6699,100
6700,100
6701,100
6702,100
6703,100
6704,100
6705,100
6706,100
6707,100
6708,100
6709,100
6710,100
6711,100
6712,100
6713,100
6714,0
6715,100
6716,0
6717,100
6718,0
6719,100
6720,0
6721,100
6722,0
6723,100
6724,0
6725,100
6726,0
6727,100
6728,0
6729,100
6730,100
6731,100
6732,100
6733,100
6734,100
6735,100
6736,100
6737,100
6738,100
6739,100
6740,100
6741,100
6742,100
6743,100
6744,100
6745,100
6746,100
6747,100
6748,100
6749,0
6750,100
6751,0
6752,100
6753,0
6754,100
6755,0
6756,100
6757,0
6758,100
6759,0
6760,100
6761,0
6762,100
6763,0
6764,100
6765,100
6766,100
6767,100
6768,100
6769,100
6770,100
6771,100
6772,100
6773,100
6774,100
6775,100
6776,100
6777,100
6778,100
6779,100
6780,100
6781,100
6782,100
6783,100
6784,0
6785,100
6786,0
6787,100
6788,0
6789,100
6790,0
6791,100
6792,0
6793,100
6794,0
6795,100
6796,0
6797,100
6798,0
6799,100
6800,100
6801,100
6802,100
6803,100
6804,100
6805,100
6806,100
6807,100
6808,100
6809,100
6810,100
6811,100
6812,100
6813,100
6814,100
6815,100
6816,100
6817,100
6818,100
6819,100
6820,100
6821,0
6822,100
6823,0
6824,100
6825,0
6826,100
6827,0
6828,100
6829,0
6830,100
6831,0
6832,100
6833,0
6834,100
6835,0
6836,100
6837,100
6838,100
6839,100
6840,100
6841,100
6842,100
6843,100
6844,100
6845,100
6846,100
6847,100
6848,100
6849,100
6850,100
6851,100
6852,100
6853,100
6854,100
6855,100
6856,0
6857,100
6858,0
6859,100
6860,0
6861,100
6862,0
6863,100
6864,0
6865,100
6866,0
6867,100
6868,0
6869,100
6870,100
6871,100
6872,100
6873,100
6874,100
6875,100
6876,100
6877,100
6878,100
6879,100
6880,100
6881,100
6882,100
6883,100
6884,100
6885,100
6886,100
6887,100
6888,100
6889,100
6890,100
6891,0
6892,100
6893,0
6894,100
6895,0
6896,100
6897,0
6898,100
6899,0
6900,100
6901,0
6902,100
6903,0
6904,100
6905,0
6906,100
6907,100
6908,100
6909,100
6910,100
6911,100
6912,100
6913,100
6914,100
6915,100
6916,100
6917,100
6918,100
6919,100
6920,100
6921,100
6922,100
6923,100
6924,100
6925,100
6926,0
6927,100
6928,0
6929,100
6930,0
6931,100
6932,0
6933,100
6934,0
6935,100
6936,0
6937,100
6938,0
6939,100
6940,0
6941,100
6942,100
6943,100
6944,100
6945,100
6946,100
6947,100
6948,100
6949,100
6950,100
6951,100
6952,100
6953,100
6954,100
6955,0
6956,100
6957,100
6958,100
6959,100
6960,100
6961,0
6962,100
6963,0
6964,100
6965,0
6966,100
6967,0
6968,100
6969,0
6970,100
6971,0
6972,100
6973,0
6974,100
6975,0
6976,100
6977,100
6978,100
6979,100
6980,100
6981,100
6982,100
6983,100
6984,100
6985,100
6986,100
6987,100
6988,100
6989,100
6990,100
6991,100
6992,0
6993,100
6994,100
6995,100
6996,0
6997,100
6998,0
6999,100
7000,0
7001,100
7002,0
7003,100
7004,0
7005,100
7006,0
7007,100
7008,0
7009,100
7010,0
7011,100
7012,100
7013,100
7014,100
7015,100
7016,100
7017,100
7018,100
7019,100
7020,100
7021,100
7022,100
7023,100
7024,100
7025,0
7026,100
7027,0
7028,100
7029,100
7030,100
7031,100
7032,100
7033,0
7034,100
7035,0
7036,100
7037,0
7038,100
7039,0
7040,100
7041,0
7042,100
7043,0
7044,100
7045,0
7046,100
7047,100
7048,100
7049,100
7050,100
7051,100
7052,100
7053,100
7054,100
7055,100
7056,100
7057,100
7058,100
7059,100
7060,100
7061,100
7062,0
7063,100
7064,0
7065,100
7066,100
7067,100
7068,0
7069,100
7070,0
7071,100
7072,0
7073,100
7074,0
7075,100
7076,0
7077,100
7078,0
7079,100
7080,0
7081,100
7082,100
7083,100
7084,100
7085,100
7086,100
7087,100
7088,100
7089,100
7090,100
7091,100
7092,100
7093,100
7094,100
7095,100
7096,100
7097,0
7098,100
7099,0
7100,100
7101,0
7102,100
7103,0
7104,100
7105,0
7106,100
7107,0
7108,100
7109,0
7110,100
7111,0
7112,100
7113,0
7114,100
7115,0
7116,100
7117,0
7118,100
7119,100
7120,100
7121,100
7122,100
7123,100
7124,100
7125,100
7126,100
7127,100
7128,100
7129,100
7130,100
7131,100
7132,0
7133,100
7134,0
7135,100
7136,0
7137,100
7138,0
7139,100
7140,0
7141,100
7142,0
7143,100
7144,0
7145,100
7146,0
7147,100
7148,0
7149,100
7150,0
7151,100
7152,0
7153,100
7154,100
7155,100
7156,100
7157,100
7158,100
7159,100
7160,100
7161,100
7162,100
7163,100
7164,100
7165,100
7166,100
7167,0
7168,100
7169,0
7170,100
7171,0
7172,100
7173,0
7174,100
7175,0
7176,100
7177,0
7178,100
7179,0
7180,100
7181,0
7182,100
7183,0
7184,100
7185,0
7186,100
7187,0
7188,100
7189,100
7190,100
7191,100
7192,100
7193,100
7194,100
7195,100
7196,100
7197,100
7198,100
7199,100
7200,100
7201,100
7202,0
7203,100
7204,0
7205,100
7206,0
7207,100
7208,0
7209,100
7210,0
7211,100
7212,0
7213,100
7214,0
7215,100
7216,0
7217,100
7218,0
7219,100
7220,0
7221,100
7222,0
7223,100
7224,100
7225,100
7226,100
7227,100
7228,100
7229,100
7230,100
7231,100
7232,100
7233,100
7234,100
7235,100
7236,100
7237,0
7238,100
7239,0
7240,100
7241,0
7242,100
7243,0
7244,100
7245,0
7246,100
7247,0
7248,100
7249,0
7250,100
7251,0
7252,100
7253,0
7254,100
7255,0
7256,100
7257,0
7258,100
7259,100
7260,100
7261,100
7262,100
7263,100
7264,100
7265,100
7266,100
7267,100
7268,100
7269,100
7270,100
7271,100
7272,0
7273,100
7274,0
7275,100
7276,0
7277,100
7278,0
7279,100
7280,0
7281,100
7282,0
7283,100
7284,0
7285,100
7286,0
7287,100
7288,0
7289,100
7290,0
7291,100
7292,0
7293,100
7294,100
7295,100
7296,100
7297,100
7298,100
7299,100
7300,100
7301,100
7302,100
7303,300
7304,0
7305,200
7306,100
7307,0
7308,100
7309,100
7310,100
7311,0
7312,100
7313,100
7314,100
7315,100
7316,100
7317,200
7318,100
7319,100
7320,100
7321,200
7322,100
7323,0
7324,100
7325,100
7326,100
7327,100
7328,0
7329,100
7330,100
7331,100
7332,100
7333,100
7334,100
7335,100
7336,0
7337,100
7338,100
7339,100
7340,100
7341,100
7342,100
7343,0
7344,100
7345,100
7346,0
7347,100
7348,100
7349,0
7350,100
7351,100
7352,100
7353,100
7354,100
7355,100
7356,100
7357,0
7358,100
7359,100
7360,0
7361,100
7362,100
7363,100
7364,100
7365,0
7366,100
7367,100
7368,100
7369,100
7370,100
7371,100
7372,100
7373,100
7374,100
7375,0
7376,100
7377,0
7378,100
7379,100
7380,100
7381,0
7382,100
7383,0
7384,100
7385,0
7386,100
7387,0
7388,100
7389,0
7390,100
7391,0
7392,100
7393,0
7394,100
7395,100
7396,100
7397,100
7398,100
7399,100
7400,100
7401,100
7402,100
7403,100
7404,100
7405,100
7406,100
7407,100
7408,100
7409,100
7410,0
7411,100
7412,0
7413,100
7414,0
7415,100
7416,0
7417,100
7418,0
7419,100
7420,0
7421,100
7422,0
7423,100
7424,0
7425,100
7426,0
7427,100
7428,0
7429,100
7430,0
7431,100
7432,100
7433,100
7434,100
7435,100
7436,100
7437,100
7438,100
7439,100
7440,100
7441,100
7442,100
7443,100
7444,100
7445,0
7446,100
7447,0
7448,100
7449,0
7450,100
7451,0
7452,100
7453,0
7454,100
7455,0
7456,100
7457,0
7458,100
7459,0
7460,100
7461,0
7462,100
7463,0
7464,100
7465,0
7466,100
7467,100
7468,100
7469,100
7470,100
7471,100
7472,100
7473,100
7474,100
7475,100
7476,100
7477,100
7478,100
7479,100
7480,0
7481,100
7482,0
7483,100
7484,0
7485,100
7486,0
7487,100
7488,0
7489,100
7490,0
7491,100
7492,0
7493,100
7494,0
7495,100
7496,0
7497,100
7498,0
7499,100
7500,0
7501,100
7502,100
7503,100
7504,100
7505,100
7506,100
7507,100
7508,100
7509,100
7510,100
7511,100
7512,100
7513,100
7514,100
7515,0
7516,100
7517,0
7518,100
7519,0
7520,100
7521,0
7522,100
7523,0
7524,100
7525,0
7526,100
7527,0
7528,100
7529,0
7530,100
7531,0
7532,100
7533,0
7534,100
7535,0
7536,100
7537,100
7538,100
7539,100
7540,100
7541,100
7542,100
7543,100
7544,100
7545,100
7546,100
7547,100
7548,100
7549,100
7550,0
7551,100
7552,0
7553,100
7554,0
7555,100
7556,0
7557,100
7558,0
7559,100
7560,0
7561,100
7562,0
7563,100
7564,0
7565,100
7566,0
7567,100
7568,0
7569,100
7570,0
7571,100
7572,100
7573,100
7574,100
7575,100
7576,100
7577,100
7578,100
7579,100
7580,100
7581,100
7582,100
7583,100
7584,100
7585,100
7586,100
7587,0
7588,100
7589,0
7590,100
7591,0
7592,100
7593,0
7594,100
7595,0
7596,100
7597,0
7598,100
7599,0
7600,100
7601,0
7602,100
7603,0
7604,100
7605,0
7606,100
7607,100
7608,100
7609,100
7610,100
7611,100
7612,100
7613,100
7614,100
7615,100
7616,100
7617,100
7618,100
7619,100
7620,100
7621,100
7622,0
7623,100
7624,0
7625,100
7626,0
7627,100
7628,0
7629,100
7630,0
7631,100
7632,0
7633,100
7634,0
7635,100
7636,0
7637,100
7638,0
7639,100
7640,0
7641,100
7642,0
7643,100
7644,100
7645,100
7646,100
7647,100
7648,100
7649,100
7650,100
7651,100
7652,100
7653,100
7654,100
7655,100
7656,100
7657,0
7658,100
7659,0
7660,100
7661,0
7662,100
7663,0
7664,100
7665,0
7666,100
7667,0
7668,100
7669,0
7670,100
7671,0
7672,100
7673,0
7674,100
7675,0
7676,100
7677,0
7678,100
7679,100
7680,100
7681,100
7682,100
7683,100
7684,100
7685,100
7686,100
7687,100
7688,100
7689,100
7690,100
7691,100
7692,0
7693,100
7694,0
7695,100
7696,0
7697,100
7698,0
7699,100
7700,0
7701,100
7702,0
7703,100
7704,0
7705,100
7706,0
7707,100
7708,0
7709,100
7710,0
7711,100
7712,0
7713,100
7714,100
7715,100
7716,100
7717,100
7718,100
7719,100
7720,100
7721,100
7722,100
7723,100
7724,100
7725,100
7726,100
7727,0
7728,100
7729,0
7730,100
7731,0
7732,100
7733,0
7734,100
7735,0
7736,100
7737,0
7738,100
7739,0
7740,100
7741,0
7742,100
7743,100
7744,100
7745,0
7746,100
7747,0
7748,100
7749,100
7750,100
7751,100
7752,100
7753,100
7754,100
7755,100
7756,100
7757,100
7758,100
7759,100
7760,100
7761,100
7762,0
7763,100
7764,0
7765,100
7766,0
7767,100
7768,0
7769,100
7770,0
7771,100
7772,0
7773,100
7774,0
7775,100
7776,0
7777,100
7778,100
7779,100
7780,100
7781,100
7782,0
7783,100
7784,100
7785,100
7786,100
7787,100
7788,100
7789,100
7790,100
7791,100
7792,100
7793,100
7794,100
7795,100
7796,100
7797,0
7798,100
7799,0
7800,100
7801,0
7802,100
7803,0
7804,100
7805,0
7806,100
7807,0
7808,100
7809,0
7810,100
7811,0
7812,100
7813,100
7814,100
7815,100
7816,100
7817,100
7818,100
7819,100
7820,100
7821,100
7822,100
7823,100
7824,100
7825,100
7826,100
7827,100
7828,100
7829,100
7830,100
7831,100
7832,100
7833,100
7834,0
7835,100
7836,0
7837,100
7838,0
7839,100
7840,0
7841,100
7842,0
7843,100
7844,0
7845,100
7846,0
7847,100
7848,100
7849,100
7850,100
7851,100
7852,100
7853,100
7854,100
7855,100
7856,100
7857,100
7858,100
7859,100
7860,100
7861,100
7862,100
7863,100
7864,100
7865,100
7866,100
7867,100
7868,100
7869,0
7870,100
7871,0
7872,100
7873,0
7874,100
7875,0
7876,100
7877,0
7878,100
7879,0
7880,100
7881,0
7882,100
7883,0
7884,100
7885,100
7886,100
7887,100
7888,100
7889,100
7890,100
7891,100
7892,100
7893,100
7894,100
7895,100
7896,100
7897,100
7898,100
7899,100
7900,100
7901,100
7902,100
7903,100
7904,0
7905,100
7906,0
7907,100
7908,0
7909,100
7910,0
7911,100
7912,0
7913,100
7914,0
7915,100
7916,0
7917,100
7918,0
7919,100
7920,100
7921,100
7922,100
7923,100
7924,100
7925,100
7926,100
7927,100
7928,100
7929,100
7930,100
7931,100
7932,100
7933,100
7934,100
7935,100
7936,100
7937,100
7938,100
7939,0
7940,100
7941,0
7942,100
7943,0
7944,100
7945,0
7946,100
7947,0
7948,100
7949,0
7950,100
7951,0
7952,100
7953,0
7954,100
7955,100
7956,100
7957,100
7958,100
7959,100
7960,100
7961,100
7962,100
7963,100
7964,100
7965,100
7966,100
7967,100
7968,100
7969,100
7970,100
7971,100
7972,100
7973,100
7974,0
7975,100
7976,0
7977,100
7978,0
7979,100
7980,0
7981,100
7982,0
7983,100
7984,0
7985,100
7986,0
7987,100
7988,0
7989,100
7990,100
7991,100
7992,100
7993,100
7994,100
7995,100
7996,100
7997,100
7998,100
7999,100
8000,100
8001,100
8002,100
8003,100
8004,100
8005,100
8006,100
8007,100
8008,100
8009,0
8010,100
8011,0
8012,100
8013,0
8014,100
8015,0
8016,100
8017,0
8018,100
8019,0
8020,100
8021,0
8022,100
8023,100
8024,100
8025,0
8026,100
8027,100
8028,100
8029,100
8030,0
8031,100
8032,0
8033,100
8034,0
8035,100
8036,0
8037,100
8038,0
8039,100
8040,0
8041,100
8042,100
8043,100
8044,100
8045,100
8046,100
8047,100
8048,100
8049,100
8050,100
8051,100
8052,100
8053,100
8054,100
8055,0
8056,100
8057,0
8058,100
8059,0
8060,100
8061,0
8062,100
8063,0
8064,100
8065,0
8066,100
8067,0
8068,100
8069,0
8070,100
8071,100
8072,100
8073,0
8074,100
8075,0
8076,100
8077,100
8078,100
8079,100
8080,100
8081,100
8082,100
8083,100
8084,100
8085,100
8086,100
8087,100
8088,100
8089,100
8090,0
8091,100
8092,0
8093,100
8094,0
8095,100
8096,0
8097,100
8098,0
8099,100
8100,0
8101,100
8102,0
8103,100
8104,0
8105,100
8106,100
8107,100
8108,0
8109,100
8110,0
8111,100
8112,100
8113,100
8114,100
8115,100
8116,100
8117,100
8118,100
8119,100
8120,100
8121,100
8122,100
8123,100
8124,100
8125,0
8126,100
8127,0
8128,100
8129,0
8130,100
8131,0
8132,100
8133,0
8134,100
8135,0
8136,100
8137,0
8138,100
8139,0
8140,100
8141,100
8142,100
8143,100
8144,100
8145,0
8146,100
8147,100
8148,100
8149,100
8150,100
8151,100
8152,100
8153,100
8154,100
8155,100
8156,100
8157,100
8158,100
8159,100
8160,100
8161,100
8162,0
8163,100
8164,0
8165,100
8166,0
8167,100
8168,0
8169,100
8170,0
8171,100
8172,0
8173,100
8174,0
8175,100
8176,100
8177,100
8178,100
8179,100
8180,100
8181,100
8182,100
8183,100
8184,100
8185,100
8186,100
8187,100
8188,100
8189,100
8190,100
8191,100
8192,100
8193,100
8194,100
8195,100
8196,100
8197,0
8198,100
8199,0
8200,100
8201,0
8202,100
8203,0
8204,100
8205,0
8206,100
8207,0
8208,100
8209,0
8210,100
8211,100
8212,100
8213,100
8214,100
8215,100
8216,100
8217,100
8218,100
8219,100
8220,100
8221,100
8222,100
8223,100
8224,100
8225,100
8226,100
8227,100
8228,100
8229,100
8230,100
8231,100
8232,0
8233,100
8234,0
8235,100
8236,0
8237,100
8238,0
8239,100
8240,0
8241,100
8242,0
8243,100
8244,0
8245,100
8246,0
8247,100
8248,100
8249,100
8250,100
8251,100
8252,100
8253,100
8254,100
8255,100
8256,100
8257,100
8258,100
8259,100
8260,100
8261,100
8262,100
8263,100
8264,100
8265,100
8266,100
8267,0
8268,100
8269,0
8270,100
8271,0
8272,100
8273,0
8274,100
8275,0
8276,100
8277,0
8278,100
8279,0
8280,100
8281,0
8282,100
8283,100
8284,100
8285,100
8286,100
8287,100
8288,100
8289,100
8290,100
8291,100
8292,100
8293,100
8294,100
8295,100
8296,100
8297,100
8298,100
8299,100
8300,100
8301,100
8302,0
8303,100
8304,0
8305,100
8306,0
8307,100
8308,0
8309,100
8310,0
8311,100
8312,0
8313,100
8314,0
8315,100
8316,0
8317,100
8318,100
8319,100
8320,100
8321,100
8322,100
8323,100
8324,100
8325,100
8326,100
8327,100
8328,100
8329,100
8330,100
8331,100
8332,100
8333,100
8334,100
8335,100
8336,100
8337,0
8338,100
8339,0
8340,100
8341,0
8342,100
8343,0
8344,100
8345,0
8346,100
8347,0
8348,100
8349,0
8350,100
8351,0
8352,100
8353,100
8354,100
8355,100
8356,100
8357,100
8358,100
8359,100
8360,100
8361,100
8362,100
8363,100
8364,100
8365,100
8366,100
8367,0
8368,100
8369,100
8370,100
8371,100
8372,100
8373,100
8374,100
8375,100
8376,100
8377,100
8378,100
8379,100
8380,100
8381,100
8382,0
8383,100
8384,0
8385,100
8386,0
8387,100
8388,0
8389,100
8390,0
8391,100
8392,0
8393,100
8394,100
8395,100
8396,100
8397,100
8398,100
8399,100
8400,100
8401,100
8402,100
8403,100
8404,100
8405,100
8406,100
8407,100
8408,100
8409,100
8410,100
8411,100
8412,100
8413,0
8414,100
8415,0
8416,100
8417,0
8418,100
8419,0
8420,100
8421,0
8422,100
8423,0
8424,100
8425,0
8426,100
8427,0
8428,100
8429,100
8430,100
8431,100
8432,100
8433,100
8434,100
8435,100
8436,100
8437,100
8438,100
8439,100
8440,100
8441,100
8442,100
8443,100
8444,100
8445,100
8446,100
8447,100
8448,0
8449,100
8450,0
8451,100
8452,0
8453,100
8454,0
8455,100
8456,0
8457,100
8458,0
8459,100
8460,0
8461,100
8462,0
8463,100
8464,100
8465,100
8466,100
8467,100
8468,100
8469,100
8470,100
8471,100
8472,100
8473,100
8474,100
8475,100
8476,100
8477,100
8478,100
8479,100
8480,100
8481,100
8482,100
8483,0
8484,100
8485,0
8486,100
8487,0
8488,100
8489,0
8490,100
8491,0
8492,100
8493,0
8494,100
8495,0
8496,100
8497,0
8498,100
8499,100
8500,100
8501,100
8502,100
8503,100
8504,100
8505,100
8506,100
8507,100
8508,100
8509,100
8510,100
8511,100
8512,100
8513,100
8514,100
8515,100
8516,100
8517,100
8518,0
8519,100
8520,0
8521,100
8522,0
8523,100
8524,0
8525,100
8526,0
8527,100
8528,0
8529,100
8530,0
8531,100
8532,0
8533,100
8534,100
8535,100
8536,100
8537,100
8538,100
8539,100
8540,100
8541,100
8542,100
8543,100
8544,100
8545,100
8546,100
8547,100
8548,100
8549,100
8550,100
8551,100
8552,100
8553,0
8554,100
8555,0
8556,100
8557,0
8558,100
8559,0
8560,100
8561,0
8562,100
8563,0
8564,100
8565,0
8566,100
8567,0
8568,100
8569,100
8570,100
8571,100
8572,100
8573,100
8574,100
8575,100
8576,100
8577,100
8578,100
8579,100
8580,100
8581,100
8582,100
8583,100
8584,100
8585,100
8586,100
8587,100
8588,0
8589,100
8590,0
8591,100
8592,0
8593,100
8594,0
8595,100
8596,0
8597,100
8598,0
8599,100
8600,0
8601,100
8602,0
8603,100
8604,100
8605,100
8606,100
8607,100
8608,100
8609,100
8610,100
8611,100
8612,100
8613,100
8614,100
8615,100
8616,100
8617,100
8618,100
8619,100
8620,100
8621,100
8622,100
8623,100
8624,100
8625,0
8626,100
8627,0
8628,100
8629,0
8630,100
8631,0
8632,100
8633,0
8634,100
8635,0
8636,100
8637,0
8638,100
8639,100
8640,100
8641,100
8642,100
8643,100
8644,100
8645,100
8646,100
8647,100
8648,100
8649,100
8650,100
8651,100
8652,100
8653,100
8654,100
8655,100
8656,100
8657,100
8658,100
8659,100
8660,0
8661,100
8662,0
8663,100
8664,0
8665,100
8666,0
8667,100
8668,0
8669,100
8670,0
8671,100
8672,0
8673,100
8674,100
8675,100
8676,100
8677,100
8678,100
8679,100
8680,100
8681,100
8682,100
8683,100
8684,100
8685,100
8686,100
8687,100
8688,100
8689,0
8690,100
8691,100
8692,100
8693,100
8694,100
8695,0
8696,100
8697,0
8698,100
8699,0
8700,100
8701,0
8702,100
8703,0
8704,100
8705,0
8706,100
8707,0
8708,100
8709,100
8710,100
8711,100
8712,100
8713,100
8714,100
8715,100
8716,100
8717,100
8718,100
8719,100
8720,100
8721,100
8722,100
8723,100
8724,0
8725,100
8726,0
8727,100
8728,100
8729,100
8730,0
8731,100
8732,0
8733,100
8734,0
8735,100
8736,0
8737,100
8738,0
8739,100
8740,0
8741,100
8742,0
8743,100
8744,100
8745,100
8746,100
8747,100
8748,100
8749,100
8750,100
8751,100
8752,100
8753,100
8754,100
8755,100
8756,100
8757,100
8758,100
8759,0
8760,100
8761,0
8762,100
8763,100
8764,100
8765,0
8766,100
8767,0
8768,100
8769,0
8770,100
8771,0
8772,100
8773,0
8774,100
8775,0
8776,100
8777,0
8778,100
8779,100
8780,100
8781,100
8782,100
8783,100
8784,100
8785,100
8786,100
8787,100
8788,100
8789,100
8790,100
8791,100
8792,100
8793,100
8794,0
8795,100
8796,0
8797,100
8798,0
8799,100
8800,0
8801,100
8802,0
8803,100
8804,0
8805,100
8806,0
8807,100
8808,0
8809,100
8810,0
8811,100
8812,0
8813,100
8814,0
8815,100
8816,100
8817,100
8818,100
8819,100
8820,100
8821,100
8822,100
8823,100
8824,100
8825,100
8826,100
8827,100
8828,100
8829,0
8830,100
8831,0
8832,100
8833,0
8834,100
8835,0
8836,100
8837,0
8838,100
8839,0
8840,100
8841,0
8842,100
8843,0
8844,100
8845,0
8846,100
8847,0
8848,100
8849,0
8850,100
8851,100
8852,100
8853,100
8854,100
8855,100
8856,100
8857,100
8858,100
8859,100
8860,100
8861,100
8862,100
8863,100
8864,0
8865,100
8866,0
8867,100
8868,0
8869,100
8870,0
8871,100
8872,0
8873,100
8874,0
8875,100
8876,0
8877,100
8878,0
8879,100
8880,0
8881,100
8882,0
8883,100
8884,0
8885,100
8886,100
8887,100
8888,100
8889,100
8890,100
8891,100
8892,100
8893,100
8894,100
8895,100
8896,100
8897,100
8898,100
8899,0
8900,100
8901,0
8902,100
8903,0
8904,100
8905,0
8906,100
8907,0
8908,100
8909,0
8910,100
8911,0
8912,100
8913,0
8914,100
8915,0
8916,100
8917,0
8918,100
8919,0
8920,100
8921,100
8922,100
8923,100
8924,100
8925,100
8926,100
8927,100
8928,100
8929,100
8930,100
8931,100
8932,100
8933,100
8934,0
8935,100
8936,0
8937,100
8938,0
8939,100
8940,0
8941,100
8942,0
8943,100
8944,0
8945,100
8946,0
8947,100
8948,0
8949,100
8950,0
8951,100
8952,0
8953,100
8954,0
8955,100
8956,100
8957,100
8958,100
8959,100
8960,100
8961,100
8962,100
8963,100
8964,100
8965,100
8966,100
8967,100
8968,100
8969,100
8970,100
8971,0
8972,100
8973,0
8974,100
8975,0
8976,100
8977,0
8978,100
8979,0
8980,100
8981,0
8982,100
8983,0
8984,100
8985,0
8986,100
8987,0
8988,100
8989,0
8990,100
8991,100
8992,100
8993,100
8994,100
8995,100
8996,100
8997,100
8998,100
8999,100
9000,100
9001,100
9002,100
9003,100
9004,100
9005,100
9006,0
9007,100
9008,0
9009,100
9010,0
9011,100
9012,0
9013,100
9014,0
9015,100
9016,0
9017,100
9018,0
9019,100
9020,0
9021,100
9022,0
9023,100
9024,0
9025,100
9026,100
9027,100
9028,100
9029,100
9030,100
9031,100
9032,100
9033,100
9034,100
9035,100
9036,100
9037,100
9038,100
9039,100
9040,100
9041,0
9042,100
9043,0
9044,100
9045,0
9046,100
9047,0
9048,100
9049,0
9050,100
9051,0
9052,100
9053,0
9054,100
9055,0
9056,100
9057,0
9058,100
9059,0
9060,100
9061,0
9062,100
9063,100
9064,100
9065,100
9066,100
9067,100
9068,100
9069,100
9070,100
9071,100
9072,100
9073,100
9074,100
9075,100
9076,0
9077,100
9078,0
9079,100
9080,0
9081,100
9082,0
9083,100
9084,0
9085,100
9086,0
9087,100
9088,0
9089,100
9090,0
9091,100
9092,100
9093,100
9094,0
9095,100
9096,0
9097,100
9098,100
9099,100
9100,100
9101,100
9102,100
9103,100
9104,100
9105,100
9106,100
9107,100
9108,100
9109,100
9110,100
9111,0
9112,100
9113,0
9114,100
9115,0
9116,100
9117,0
9118,100
9119,0
9120,100
9121,0
9122,100
9123,0
9124,100
9125,0
9126,100
9127,100
9128,100
9129,0
9130,100
9131,0
9132,100
9133,100
9134,100
9135,100
9136,100
9137,100
9138,100
9139,100
9140,100
9141,100
9142,100
9143,100
9144,100
9145,100
9146,0
9147,100
9148,0
9149,100
9150,0
9151,100
9152,0
9153,100
9154,0
9155,100
9156,0
9157,100
9158,0
9159,100
9160,0
9161,100
9162,100
9163,100
9164,100
9165,100
9166,0
9167,100
9168,100
9169,100
9170,100
9171,100
9172,100
9173,100
9174,100
9175,100
9176,100
9177,100
9178,100
9179,100
9180,100
9181,0
9182,100
9183,0
9184,100
9185,0
9186,100
9187,0
9188,100
9189,0
9190,100
9191,0
9192,100
9193,0
9194,100
9195,0
9196,100
9197,100
9198,100
9199,100
9200,100
9201,100
9202,100
9203,100
9204,100
9205,100
9206,100
9207,100
9208,100
9209,100
9210,100
9211,100
9212,100
9213,100
9214,100
9215,100
9216,100
9217,100
9218,0
9219,100
9220,0
9221,100
9222,0
9223,100
9224,0
9225,100
9226,0
9227,100
9228,0
9229,100
9230,0
9231,100
9232,100
9233,100
9234,100
9235,100
9236,100
9237,100
9238,100
9239,100
9240,100
9241,100
9242,100
9243,100
9244,100
9245,100
9246,100
9247,100
9248,100
9249,100
9250,100
9251,0
9252,100
9253,0
9254,100
9255,0
9256,100
9257,0
9258,100
9259,0
9260,100
9261,0
9262,100
9263,0
9264,100
9265,0
9266,100
9267,100
9268,100
9269,100
9270,100
9271,100
9272,100
9273,100
9274,100
9275,100
9276,100
9277,100
9278,100
9279,100
9280,100
9281,100
9282,100
9283,100
9284,100
9285,100
9286,100
9287,100
9288,0
9289,100
9290,0
9291,100
9292,0
9293,100
9294,0
9295,100
9296,0
9297,100
9298,0
9299,100
9300,0
9301,100
9302,0
9303,100
9304,100
9305,100
9306,100
9307,100
9308,100
9309,100
9310,100
9311,100
9312,100
9313,100
9314,100
9315,100
9316,100
9317,100
9318,100
9319,100
9320,100
9321,100
9322,100
9323,0
9324,100
9325,0
9326,100
9327,0
9328,100
9329,0
9330,100
9331,0
9332,100
9333,0
9334,100
9335,0
9336,100
9337,0
9338,100
9339,100
9340,100
9341,100
9342,100
9343,100
9344,100
9345,100
9346,100
9347,100
9348,100
9349,100
9350,100
9351,100
9352,100
9353,100
9354,100
9355,100
9356,100
9357,100
9358,0
9359,100
9360,0
9361,100
9362,0
9363,100
9364,0
9365,100
9366,0
9367,100
9368,0
9369,100
9370,0
9371,100
9372,0
9373,100
9374,100
9375,100
9376,100
9377,100
9378,100
9379,100
9380,100
9381,100
9382,100
9383,100
9384,100
9385,100
9386,100
9387,100
9388,100
9389,100
9390,100
9391,100
9392,100
9393,0
9394,100
9395,0
9396,100
9397,0
9398,100
9399,0
9400,100
9401,0
9402,100
9403,0
9404,100
9405,0
9406,100
9407,0
9408,100
9409,100
9410,100
9411,100
9412,100
9413,100
9414,100
9415,100
9416,100
9417,100
9418,100
9419,100
9420,100
9421,100
9422,100
9423,100
9424,100
9425,100
9426,100
9427,100
9428,0
9429,100
9430,0
9431,100
9432,0
9433,100
9434,0
9435,100
9436,0
9437,100
9438,0
9439,100
9440,0
9441,100
9442,0
9443,100
9444,100
9445,100
9446,100
9447,100
9448,100
9449,100
9450,100
9451,100
9452,100
9453,100
9454,100
9455,100
9456,100
9457,100
9458,100
9459,100
9460,100
9461,100
9462,100
9463,0
9464,100
9465,0
9466,100
9467,0
9468,100
9469,0
9470,100
9471,0
9472,100
9473,0
9474,100
9475,0
9476,100
9477,0
9478,100
9479,100
9480,100
9481,100
9482,100
9483,100
9484,100
9485,100
9486,100
9487,100
9488,100
9489,100
9490,100
9491,100
9492,100
9493,100
9494,100
9495,100
9496,100
9497,100
9498,100
9499,100
9500,0
9501,100
9502,0
9503,100
9504,0
9505,100
9506,0
9507,100
9508,0
9509,100
9510,0
9511,100
9512,0
9513,100
9514,100
9515,100
9516,100
9517,100
9518,100
9519,100
9520,100
9521,100
9522,100
9523,100
9524,100
9525,100
9526,100
9527,100
9528,100
9529,0
9530,100
9531,100
9532,100
9533,100
9534,100
9535,0
9536,100
9537,0
9538,100
9539,0
9540,100
9541,0
9542,100
9543,0
9544,100
9545,0
9546,100
9547,0
9548,100
9549,0
9550,100
9551,100
9552,100
9553,100
9554,100
9555,100
9556,100
9557,100
9558,100
9559,100
9560,100
9561,100
9562,100
9563,100
9564,0
9565,100
9566,0
9567,100
9568,100
9569,100
9570,0
9571,100
9572,0
9573,100
9574,0
9575,100
9576,0
9577,100
9578,0
9579,100
9580,0
9581,100
9582,0
9583,100
9584,0
9585,100
9586,100
9587,100
9588,100
9589,100
9590,100
9591,100
9592,100
9593,100
9594,100
9595,100
9596,100
9597,100
9598,100
9599,100
9600,100
9601,0
9602,100
9603,100
9604,100
9605,0
9606,100
9607,0
9608,100
9609,0
9610,100
9611,0
9612,100
9613,0
9614,100
9615,0
9616,100
9617,0
9618,100
9619,0
9620,100
9621,100
9622,100
9623,100
9624,100
9625,100
9626,100
9627,100
9628,100
9629,100
9630,100
9631,100
9632,100
9633,100
9634,0
9635,100
9636,0
9637,100
9638,0
9639,100
9640,100
9641,100
9642,0
9643,100
9644,0
9645,100
9646,0
9647,100
9648,0
9649,100
9650,0
9651,100
9652,0
9653,100
9654,0
9655,100
9656,0
9657,100
9658,100
9659,100
9660,100
9661,100
9662,100
9663,100
9664,100
9665,100
9666,100
9667,100
9668,100
9669,100
9670,100
9671,0
9672,100
9673,0
9674,100
9675,0
9676,100
9677,0
9678,100
9679,0
9680,100
9681,0
9682,100
9683,0
9684,100
9685,0
9686,100
9687,0
9688,100
9689,0
9690,100
9691,100
9692,100
9693,100
9694,100
9695,100
9696,100
9697,100
9698,100
9699,100
9700,100
9701,100
9702,100
9703,100
9704,100
9705,100
9706,0
9707,100
9708,0
9709,100
9710,0
9711,100
9712,0
9713,100
9714,0
9715,100
9716,0
9717,100
9718,0
9719,100
9720,0
9721,100
9722,0
9723,100
9724,0
9725,100
9726,0
9727,100
9728,100
9729,100
9730,100
9731,100
9732,100
9733,100
9734,100
9735,100
9736,100
9737,100
9738,100
9739,100
9740,100
9741,0
9742,100
9743,0
9744,100
9745,0
9746,100
9747,0
9748,100
9749,0
9750,100
9751,0
9752,100
9753,0
9754,100
9755,0
9756,100
9757,0
9758,100
9759,0
9760,100
9761,0
9762,100
9763,100
9764,100
9765,100
9766,100
9767,100
9768,100
9769,100
9770,100
9771,100
9772,100
9773,100
9774,100
9775,100
9776,0
9777,100
9778,0
9779,100
9780,0
9781,100
9782,0
9783,100
9784,0
9785,100
9786,0
9787,100
9788,0
9789,100
9790,0
9791,100
9792,0
9793,100
9794,0
9795,100
9796,0
9797,100
9798,100
9799,100
9800,100
9801,100
9802,100
9803,100
9804,100
9805,100
9806,100
9807,100
9808,100
9809,100
9810,100
9811,0
9812,100
9813,0
9814,100
9815,0
9816,100
9817,0
9818,100
9819,0
9820,100
9821,0
9822,100
9823,0
9824,100
9825,0
9826,100
9827,0
9828,100
9829,0
9830,100
9831,0
9832,100
9833,100
9834,100
9835,100
9836,100
9837,100
9838,100
9839,100
9840,100
9841,100
9842,100
9843,100
9844,100
9845,100
9846,0
9847,100
9848,0
9849,100
9850,0
9851,100
9852,0
9853,100
9854,0
9855,100
9856,0
9857,100
9858,0
9859,100
9860,0
9861,100
9862,0
9863,100
9864,0
9865,100
9866,0
9867,100
9868,100
9869,100
9870,100
9871,100
9872,100
9873,100
9874,100
9875,100
9876,100
9877,100
9878,100
9879,100
9880,100
9881,100
9882,100
9883,0
9884,100
9885,0
9886,100
9887,0
9888,100
9889,0
9890,100
9891,0
9892,100
9893,0
9894,100
9895,0
9896,100
9897,0
9898,100
9899,0
9900,100
9901,0
9902,100
9903,100
9904,100
9905,100
9906,100
9907,100
9908,100
9909,100
9910,100
9911,100
9912,100
9913,100
9914,100
9915,100
9916,100
9917,100
9918,0
9919,100
9920,0
9921,100
9922,0
9923,100
9924,0
9925,100
9926,0
9927,100
9928,0
9929,100
9930,0
9931,100
9932,0
9933,100
9934,0
9935,100
9936,0
9937,100
9938,100
9939,100
9940,100
9941,100
9942,100
9943,100
9944,100
9945,100
9946,100
9947,100
9948,100
9949,100
9950,100
9951,100
9952,100
9953,0
9954,100
9955,0
9956,100
9957,0
9958,100
9959,0
9960,100
9961,0
9962,100
9963,0
9964,100
9965,0
9966,100
9967,0
9968,100
9969,0
9970,100
9971,0
9972,100
9973,0
9974,100
9975,100
9976,100
9977,100
9978,100
9979,100
9980,100
9981,100
9982,100
9983,100
9984,100
9985,100
9986,100
9987,100
9988,0
9989,100
9990,0
9991,100
9992,0
9993,100
9994,0
9995,100
9996,0
9997,100
9998,0
9999,100
10000,0
10001,100
10002,0
10003,100
10004,100
10005,100
10006,0
10007,100
10008,0
10009,100
10010,100
10011,100
10012,100
10013,100
10014,100
10015,100
10016,100
10017,100
10018,100
10019,100
10020,100
10021,100
10022,100
10023,0
10024,100
10025,0
10026,100
10027,0
10028,100
10029,0
10030,100
10031,0
10032,100
10033,0
10034,100
10035,0
10036,100
10037,0
10038,100
10039,100
10040,100
10041,100
10042,100
10043,0
10044,100
10045,100
10046,100
10047,100
10048,100
10049,100
10050,100
10051,100
10052,100
10053,100
10054,100
10055,100
10056,100
10057,100
10058,0
10059,100
10060,0
10061,100
10062,0
10063,100
10064,0
10065,100
10066,0
10067,100
10068,0
10069,100
10070,0
10071,100
10072,0
10073,100
10074,100
10075,100
10076,100
10077,100
10078,0
10079,100
10080,100
10081,100
10082,100
10083,100
10084,100
10085,100
10086,100
10087,100
10088,100
10089,100
10090,100
10091,100
10092,100
10093,0
10094,100
10095,0
10096,100
10097,0
10098,100
10099,0
10100,100
10101,0
10102,100
10103,0
10104,100
10105,0
10106,100
10107,0
10108,100
10109,100
10110,100
10111,100
10112,100
10113,100
10114,100
10115,100
10116,100
10117,100
10118,100
10119,100
10120,100
10121,100
10122,100
10123,100
10124,100
10125,100
10126,100
10127,100
10128,100
10129,100
10130,0
10131,100
10132,0
10133,100
10134,0
10135,100
10136,0
10137,100
10138,0
10139,100
10140,0
10141,100
10142,0
10143,100
10144,0
10145,100
10146,100
10147,100
10148,100
10149,100
10150,100
10151,100
10152,100
10153,100
10154,100
10155,100
10156,100
10157,100
10158,100
10159,100
10160,100
10161,100
10162,100
10163,100
10164,100
10165,0
10166,100
10167,0
10168,100
10169,0
10170,100
10171,0
10172,100
10173,0
10174,100
10175,0
10176,100
10177,0
10178,100
10179,0
10180,100
10181,100
10182,100
10183,100
10184,100
10185,100
10186,100
10187,100
10188,100
10189,100
10190,100
10191,100
10192,100
10193,100
10194,100
10195,100
10196,100
10197,100
10198,100
10199,100
10200,0
10201,100
10202,0
10203,100
10204,0
10205,100
10206,0
10207,100
10208,0
10209,100
10210,0
10211,100
10212,0
10213,100
10214,0
10215,100
10216,100
10217,100
10218,100
10219,100
10220,100
10221,100
10222,100
10223,100
10224,100
10225,100
10226,100
10227,100
10228,100
10229,100
10230,100
10231,100
10232,100
10233,100
10234,100
10235,0
10236,100
10237,0
10238,100
10239,0
10240,100
10241,0
10242,100
10243,0
10244,100
10245,0
10246,100
10247,0
10248,100
10249,0
10250,100
10251,100
10252,100
10253,100
10254,100
10255,100
10256,100
10257,100
10258,100
10259,100
10260,100
10261,100
10262,100
10263,100
10264,100
10265,100
10266,100
10267,100
10268,100
10269,100
10270,0
10271,100
10272,0
10273,100
10274,0
10275,100
10276,0
10277,100
10278,0
10279,100
10280,0
10281,100
10282,0
10283,100
10284,0
10285,100
10286,100
10287,100
10288,100
10289,100
10290,100
10291,100
10292,100
10293,100
10294,100
10295,100
10296,100
10297,100
10298,100
10299,100
10300,100
10301,100
10302,100
10303,100
10304,100
10305,0
10306,100
10307,0
10308,100
10309,0
10310,100
10311,0
10312,100
10313,0
10314,100
10315,0
10316,100
10317,0
10318,100
10319,0
10320,100
10321,100
10322,100
10323,100
10324,100
10325,100
10326,100
10327,100
10328,100
10329,100
10330,100
10331,100
10332,100
10333,100
10334,100
10335,100
10336,100
10337,100
10338,100
10339,100
10340,0
10341,100
10342,0
10343,100
10344,0
10345,100
10346,0
10347,100
10348,0
10349,100
10350,0
10351,100
10352,0
10353,100
10354,0
10355,100
10356,100
10357,100
10358,100
10359,100
10360,100
10361,100
10362,100
10363,100
10364,100
10365,100
10366,100
10367,100
10368,100
10369,100
10370,100
10371,100
10372,100
10373,100
10374,100
10375,100
10376,100
10377,0
10378,100
10379,0
10380,100
10381,0
10382,100
10383,0
10384,100
10385,0
10386,100
10387,0
10388,100
10389,0
10390,100
10391,100
10392,100
10393,100
10394,100
10395,100
10396,100
10397,100
10398,100
10399,100
10400,100
10401,100
10402,100
10403,100
10404,100
10405,100
10406,100
10407,100
10408,100
10409,100
10410,100
10411,100
10412,0
10413,100
10414,0
10415,100
10416,0
10417,100
10418,0
10419,100
10420,0
10421,100
10422,0
10423,100
10424,0
10425,100
10426,0
10427,100
10428,100
10429,100
10430,100
10431,100
10432,100
10433,100
10434,100
10435,100
10436,100
10437,100
10438,100
10439,100
10440,100
10441,0
10442,100
10443,100
10444,100
10445,100
10446,100
10447,0
10448,100
10449,0
10450,100
10451,0
10452,100
10453,0
10454,100
10455,0
10456,100
10457,0
10458,100
10459,0
10460,100
10461,0
10462,100
10463,100
10464,100
10465,100
10466,100
10467,100
10468,100
10469,100
10470,100
10471,100
10472,100
10473,100
10474,100
10475,100
10476,0
10477,100
10478,0
10479,100
10480,100
10481,100
10482,0
10483,100
10484,0
10485,100
10486,0
10487,100
10488,0
10489,100
10490,0
10491,100
10492,0
10493,100
10494,0
10495,100
10496,0
10497,100
10498,100
10499,100
10500,100
10501,100
10502,100
10503,100
10504,100
10505,100
10506,100
10507,100
10508,100
10509,100
10510,100
10511,0
10512,100
10513,0
10514,100
10515,0
10516,100
10517,0
10518,100
10519,0
10520,100
10521,0
10522,100
10523,0
10524,100
10525,0
10526,100
10527,0
10528,100
10529,0
10530,100
10531,0
10532,100
10533,100
10534,100
10535,100
10536,100
10537,100
10538,100
10539,100
10540,100
10541,100
10542,100
10543,100
10544,100
10545,100
10546,0
10547,100
10548,0
10549,100
10550,0
10551,100
10552,0
10553,100
10554,0
10555,100
10556,0
10557,100
10558,0
10559,100
10560,0
10561,100
10562,0
10563,100
10564,0
10565,100
10566,0
10567,100
10568,100
10569,100
10570,100
10571,100
10572,100
10573,100
10574,100
10575,100
10576,100
10577,100
10578,100
10579,100
10580,100
10581,0
10582,100
10583,0
10584,100
10585,0
10586,100
10587,0
10588,100
10589,0
10590,100
10591,0
10592,100
10593,0
10594,100
10595,0
10596,100
10597,0
10598,100
10599,0
10600,100
10601,0
10602,100
10603,100
10604,100
10605,100
10606,100
10607,100
10608,100
10609,100
10610,100
10611,100
10612,100
10613,100
10614,100
10615,100
10616,100
10617,100
10618,0
10619,100
10620,0
10621,100
10622,0
10623,100
10624,0
10625,100
10626,0
10627,100
10628,0
10629,100
10630,0
10631,100
10632,0
10633,100
10634,0
10635,100
10636,0
10637,100
10638,100
10639,100
10640,100
10641,100
10642,100
10643,100
10644,100
10645,100
10646,100
10647,100
10648,100
10649,100
10650,100
10651,100
10652,100
10653,0
10654,100
10655,0
10656,100
10657,0
10658,100
10659,0
10660,100
10661,0
10662,100
10663,0
10664,100
10665,0
10666,100
10667,0
10668,100
10669,0
10670,100
10671,0
10672,100
10673,100
10674,100
10675,100
10676,100
10677,100
10678,100
10679,100
10680,100
10681,100
10682,100
10683,100
10684,100
10685,100
10686,0
10687,100
10688,0
10689,100
10690,0
10691,100
10692,0
10693,100
10694,0
10695,100
10696,0
10697,100
10698,0
10699,100
10700,0
10701,100
10702,0
10703,100
10704,0
10705,100
10706,0
10707,100
10708,100
10709,100
10710,100
10711,100
10712,100
10713,100
10714,100
10715,100
10716,100
10717,100
10718,100
10719,100
10720,100
10721,100
10722,100
10723,0
10724,100
10725,0
10726,100
10727,0
10728,100
10729,0
10730,100
10731,0
10732,100
10733,0
10734,100
10735,0
10736,100
10737,0
10738,100
10739,0
10740,100
10741,0
10742,100
10743,100
10744,100
10745,100
10746,100
10747,100
10748,100
10749,100
10750,100
10751,100
10752,100
10753,100
10754,100
10755,100
10756,100
10757,100
10758,0
10759,100
10760,0
10761,100
10762,0
10763,100
10764,0
10765,100
10766,0
10767,100
10768,0
10769,100
10770,0
10771,100
10772,0
10773,100
10774,0
10775,100
10776,0
10777,100
10778,0
10779,100
10780,100
10781,100
10782,100
10783,100
10784,100
10785,100
10786,100
10787,100
10788,100
10789,100
10790,100
10791,100
10792,100
10793,0
10794,100
10795,0
10796,100
10797,0
10798,100
10799,0
10800,100
10801,0
10802,100
10803,0
10804,100
10805,0
10806,100
10807,0
10808,100
10809,0
10810,100
10811,0
10812,100
10813,0
10814,100
10815,100
10816,100
10817,100
10818,100
10819,100
10820,100
10821,100
10822,100
10823,100
10824,100
10825,100
10826,100
10827,100
10828,0
10829,100
10830,0
10831,100
10832,0
10833,100
10834,0
10835,100
10836,0
10837,100
10838,0
10839,100
10840,0
10841,100
10842,0
10843,100
10844,100
10845,100
10846,0
10847,100
10848,0
10849,100
10850,100
10851,100
10852,100
10853,100
10854,100
10855,100
10856,100
10857,100
10858,100
10859,100
10860,100
10861,100
10862,100
10863,0
10864,100
10865,0
10866,100
10867,0
10868,100
10869,0
10870,100
10871,0
10872,100
10873,0
10874,100
10875,0
10876,100
10877,0
10878,100
10879,100
10880,100
10881,0
10882,100
10883,0
10884,100
10885,100
10886,100
10887,100
10888,100
10889,100
10890,100
10891,100
10892,100
10893,100
10894,100
10895,100
10896,100
10897,100
10898,0
10899,100
10900,0
10901,100
10902,0
10903,100
10904,0
10905,100
10906,0
10907,100
10908,0
10909,100
10910,0
10911,100
10912,0
10913,100
10914,100
10915,100
10916,100
10917,100
10918,0
10919,100
10920,100
10921,100
10922,100
10923,100
10924,100
10925,100
10926,100
10927,100
10928,100
10929,100
10930,100
10931,100
10932,100
10933,0
10934,100
10935,0
10936,100
10937,0
10938,100
10939,0
10940,100
10941,0
10942,100
10943,0
10944,100
10945,0
10946,100
10947,0
10948,100
10949,100
10950,100
10951,100
10952,100
10953,100
10954,100
10955,100
10956,100
10957,100
10958,100
10959,100
10960,100
10961,100
10962,100
10963,100
10964,100
10965,100
10966,100
10967,100
10968,100
10969,100
10970,0
10971,100
10972,0
10973,100
10974,0
10975,100
10976,0
10977,100
10978,0
10979,100
10980,0
10981,100
10982,0
10983,100
10984,0
10985,100
10986,100
10987,100
10988,100
10989,100
10990,100
10991,100
10992,100
10993,100
10994,100
10995,100
10996,100
10997,100
10998,100
10999,100
11000,100
11001,100
11002,100
11003,100
11004,100
11005,0
11006,100
11007,0
11008,100
11009,0
11010,100
11011,0
11012,100
11013,0
11014,100
11015,0
11016,100
11017,0
11018,100
11019,0
11020,100
11021,100
11022,100
11023,100
11024,100
11025,100
11026,100
11027,100
11028,100
11029,100
11030,100
11031,100
11032,100
11033,100
11034,100
11035,100
11036,100
11037,100
11038,100
11039,100
11040,0
11041,100
11042,0
11043,100
11044,0
11045,100
11046,0
11047,100
11048,0
11049,100
11050,0
11051,100
11052,0
11053,100
11054,0
11055,100
11056,100
11057,100
11058,100
11059,100
11060,100
11061,100
11062,100
11063,100
11064,100
11065,100
11066,100
11067,100
11068,100
11069,100
11070,100
11071,100
11072,100
11073,100
11074,100
11075,0
11076,100
11077,0
11078,100
11079,0
11080,100
11081,0
11082,100
11083,0
11084,100
11085,0
11086,100
11087,0
11088,100
11089,0
11090,100
11091,100
11092,100
11093,100
11094,100
11095,100
11096,100
11097,100
11098,100
11099,100
11100,100
11101,100
11102,100
11103,100
11104,100
11105,100
11106,100
11107,100
11108,100
11109,100
11110,0
11111,100
11112,0
11113,100
11114,0
11115,100
11116,0
11117,100
11118,0
11119,100
11120,0
11121,100
11122,0
11123,100
11124,0
11125,100
11126,100
11127,100
11128,100
11129,100
11130,100
11131,100
11132,100
11133,100
11134,100
11135,100
11136,100
11137,100
11138,100
11139,100
11140,100
11141,100
11142,100
11143,100
11144,100
11145,0
11146,100
11147,0
11148,100
11149,0
11150,100
11151,0
11152,100
11153,0
11154,100
11155,0
11156,100
11157,0
11158,100
11159,0
11160,100
11161,100
11162,100
11163,100
11164,100
11165,100
11166,100
11167,100
11168,100
11169,100
11170,100
11171,100
11172,100
11173,100
11174,100
11175,100
11176,100
11177,100
11178,100
11179,100
11180,0
11181,100
11182,0
11183,100
11184,0
11185,100
11186,0
11187,100
11188,0
11189,100
11190,0
11191,100
11192,0
11193,100
11194,0
11195,100
11196,100
11197,100
11198,100
11199,100
11200,100
11201,100
11202,100
11203,100
11204,100
11205,100
11206,100
11207,100
11208,100
11209,0
11210,100
11211,100
11212,100
11213,100
11214,100
11215,0
11216,100
11217,0
11218,100
11219,0
11220,100
11221,0
11222,100
11223,0
11224,100
11225,0
11226,100
11227,0
11228,100
11229,0
11230,100
11231,100
11232,100
11233,100
11234,100
11235,100
11236,100
11237,100
11238,100
11239,100
11240,100
11241,100
11242,100
11243,100
11244,0
11245,100
11246,100
11247,100
11248,100
11249,100
11250,0
11251,100
11252,0
11253,100
11254,0
11255,100
11256,0
11257,100
11258,0
11259,100
11260,0
11261,100
11262,0
11263,100
11264,0
11265,100
11266,100
11267,100
11268,100
11269,100
11270,100
11271,100
11272,100
11273,100
11274,100
11275,100
11276,100
11277,100
11278,100
11279,100
11280,100
11281,0
11282,100
11283,100
11284,100
11285,100
11286,100
11287,0
11288,100
11289,0
11290,100
11291,0
11292,100
11293,0
11294,100
11295,0
11296,100
11297,0
11298,100
11299,0
11300,100
11301,100
11302,100
11303,100
11304,100
11305,100
11306,100
11307,100
11308,100
11309,100
11310,100
11311,100
11312,100
11313,100
11314,100
11315,100
11316,0
11317,100
11318,0
11319,100
11320,100
11321,100
11322,0
11323,100
11324,0
11325,100
11326,0
11327,100
11328,0
11329,100
11330,0
11331,100
11332,0
11333,100
11334,0
11335,100
11336,100
11337,100
11338,100
11339,100
11340,100
11341,100
11342,100
11343,100
11344,100
11345,100
11346,100
11347,100
11348,100
11349,100
11350,100
11351,0
11352,100
11353,0
11354,100
11355,0
11356,100
11357,0
11358,100
11359,0
11360,100
11361,0
11362,100
11363,0
11364,100
11365,0
11366,100
11367,0
11368,100
11369,0
11370,100
11371,0
11372,100
11373,100
11374,100
11375,100
11376,100
11377,100
11378,100
11379,100
11380,100
11381,100
11382,100
11383,100
11384,100
11385,100
11386,0
11387,100
11388,0
11389,100
11390,0
11391,100
11392,0
11393,100
11394,0
11395,100
11396,0
11397,100
11398,0
11399,100
11400,0
11401,100
11402,0
11403,100
11404,0
11405,100
11406,0
11407,100
11408,100
11409,100
11410,100
11411,100
11412,100
11413,100
11414,100
11415,100
11416,100
11417,100
11418,100
11419,100
11420,100
11421,0
11422,100
11423,0
11424,100
11425,0
11426,100
11427,0
11428,100
11429,0
11430,100
11431,0
11432,100
11433,0
11434,100
11435,0
11436,100
11437,0
11438,100
11439,0
11440,100
11441,0
11442,100
11443,100
11444,100
11445,100
11446,100
11447,100
11448,100
11449,100
11450,100
11451,100
11452,100
11453,100
11454,100
11455,100
11456,0
11457,100
11458,0
11459,100
11460,0
11461,100
11462,0
11463,100
11464,0
11465,100
11466,0
11467,100
11468,0
11469,100
11470,0
11471,100
11472,0
11473,100
11474,0
11475,100
11476,0
11477,100
11478,100
11479,100
11480,100
11481,100
11482,100
11483,100
11484,100
11485,100
11486,100
11487,100
11488,100
11489,100
11490,100
11491,0
11492,100
11493,0
11494,100
11495,0
11496,100
11497,0
11498,100
11499,0
11500,100
11501,0
11502,100
11503,0
11504,100
11505,0
11506,100
11507,0
11508,100
11509,0
11510,100
11511,0
11512,100
11513,100
11514,100
11515,100
11516,100
11517,100
11518,100
11519,100
11520,100
11521,100
11522,100
11523,100
11524,100
11525,100
11526,100
11527,100
11528,0
11529,100
11530,0
11531,100
11532,0
11533,100
11534,0
11535,100
11536,0
11537,100
11538,0
11539,100
11540,0
11541,100
11542,0
11543,100
11544,0
11545,100
11546,0
11547,100
11548,100
11549,100
11550,100
11551,100
11552,100
11553,100
11554,100
11555,100
11556,100
11557,100
11558,100
11559,100
11560,100
11561,100
11562,100
11563,0
11564,100
11565,0
11566,100
11567,0
11568,100
11569,0
11570,100
11571,0
11572,100
11573,0
11574,100
11575,0
11576,100
11577,0
11578,100
11579,0
11580,100
11581,0
11582,100
11583,100
11584,100
11585,100
11586,100
11587,100
11588,100
11589,100
11590,100
11591,100
11592,100
11593,100
11594,100
11595,100
11596,100
11597,100
11598,0
11599,100
11600,0
11601,100
11602,0
11603,100
11604,0
11605,100
11606,0
11607,100
11608,0
11609,100
11610,0
11611,100
11612,0
11613,100
11614,0
11615,100
11616,0
11617,100
11618,0
11619,100
11620,100
11621,100
11622,100
11623,100
11624,100
11625,100
11626,100
11627,100
11628,100
11629,100
11630,100
11631,100
11632,100
11633,0
11634,100
11635,0
11636,100
11637,0
11638,100
11639,0
11640,100
11641,0
11642,100
11643,0
11644,100
11645,0
11646,100
11647,0
11648,100
11649,0
11650,100
11651,0
11652,100
11653,0
11654,100
11655,100
11656,100
11657,100
11658,100
11659,100
11660,100
11661,100
11662,100
11663,100
11664,100
11665,100
11666,100
11667,100
11668,0
11669,100
11670,0
11671,100
11672,0
11673,100
11674,0
11675,100
11676,0
11677,100
11678,0
11679,100
11680,0
11681,100
11682,0
11683,100
11684,100
11685,100
11686,0
11687,100
11688,0
11689,100
11690,100
11691,100
11692,100
11693,100
11694,100
11695,100
11696,100
11697,100
11698,100
11699,100
11700,100
11701,100
11702,100
11703,0
11704,100
11705,0
11706,100
11707,0
11708,100
11709,0
11710,100
11711,0
11712,100
11713,0
11714,100
11715,0
11716,100
11717,0
11718,100
11719,100
11720,100
11721,0
11722,100
11723,0
11724,100
11725,100
11726,100
11727,100
11728,100
11729,100
11730,100
11731,100
11732,100
11733,100
11734,100
11735,100
11736,100
11737,100
11738,0
11739,100
11740,0
11741,100
11742,0
11743,100
11744,0
11745,100
11746,0
11747,100
11748,0
11749,100
11750,0
11751,100
11752,0
11753,100
11754,100
11755,100
11756,100
11757,100
11758,0
11759,100
11760,100
11761,100
11762,100
11763,100
11764,100
11765,100
11766,100
11767,100
11768,100
11769,100
11770,100
11771,100
11772,100
11773,100
11774,100
11775,0
11776,100
11777,0
11778,100
11779,0
11780,100
11781,0
11782,100
11783,0
11784,100
11785,0
11786,100
11787,0
11788,100
11789,100
11790,100
11791,100
11792,100
11793,100
11794,100
11795,100
11796,100
11797,100
11798,100
11799,100
11800,100
11801,100
11802,100
11803,100
11804,100
11805,100
11806,100
11807,100
11808,0
11809,100
11810,0
11811,100
11812,0
11813,100
11814,0
11815,100
11816,0
11817,100
11818,0
11819,100
11820,0
11821,100
11822,0
11823,100
11824,100
11825,100
11826,100
11827,100
11828,100
11829,100
11830,100
11831,100
11832,100
11833,100
11834,100
11835,100
11836,100
11837,100
11838,100
11839,100
11840,100
11841,100
11842,100
11843,100
11844,100
11845,0
11846,100
11847,0
11848,100
11849,0
11850,100
11851,0
11852,100
11853,0
11854,100
11855,0
11856,100
11857,0
11858,100
11859,0
11860,100
11861,100
11862,100
11863,100
11864,100
11865,100
11866,100
11867,100
11868,100
11869,100
11870,100
11871,100
11872,100
11873,100
11874,100
11875,100
11876,100
11877,100
11878,100
11879,100
11880,0
11881,100
11882,0
11883,100
11884,0
11885,100
11886,0
11887,100
11888,0
11889,100
11890,0
11891,100
11892,0
11893,100
11894,0
11895,100
11896,100
11897,100
11898,100
11899,100
11900,100
11901,100
11902,100
11903,100
11904,100
11905,100
11906,100
11907,100
11908,100
11909,100
11910,100
11911,100
11912,100
11913,100
11914,100
11915,0
11916,100
11917,0
11918,100
11919,0
11920,100
11921,0
11922,100
11923,0
11924,100
11925,0
11926,100
11927,0
11928,100
11929,0
11930,100
11931,100
11932,100
11933,100
11934,100
11935,100
11936,100
11937,100
11938,100
11939,100
11940,100
11941,100
11942,100
11943,100
11944,100
11945,100
11946,100
11947,100
11948,100
11949,100
11950,0
11951,100
11952,0
11953,100
11954,0
11955,100
11956,0
11957,100
11958,0
11959,100
11960,0
11961,100
11962,0
11963,100
11964,0
11965,100
11966,100
11967,100
11968,100
11969,100
11970,100
11971,100
11972,100
11973,100
11974,100
11975,100
11976,100
11977,100
11978,100
11979,100
11980,100
11981,100
11982,100
11983,100
11984,100
11985,0
11986,100
11987,0
11988,100
11989,0
11990,100
11991,0
11992,100
11993,0
11994,100
11995,0
11996,100
11997,0
11998,100
11999,0
12000,100
12001,100
12002,100
12003,100
12004,100
12005,100
12006,100
12007,100
12008,100
12009,100
12010,100
12011,100
12012,100
12013,100
12014,100
12015,100
12016,100
12017,100
12018,100
12019,100
12020,0
12021,100
12022,0
12023,100
12024,0
12025,100
12026,0
12027,100
12028,0
12029,100
12030,0
12031,100
12032,0
12033,100
12034,0
12035,100
12036,100
12037,100
12038,100
12039,100
12040,100
12041,100
12042,100
12043,100
12044,100
12045,100
12046,100
12047,100
12048,100
12049,100
12050,100
12051,100
12052,100
12053,100
12054,100
12055,100
12056,100
12057,0
12058,100
12059,0
12060,100
12061,0
12062,100
12063,0
12064,100
12065,0
12066,100
12067,0
12068,100
12069,0
12070,100
12071,100
12072,100
12073,100
12074,100
12075,100
12076,100
12077,100
12078,100
12079,100
12080,100
12081,100
12082,100
12083,100
12084,100
12085,100
12086,100
12087,100
12088,100
12089,100
12090,100
12091,100
12092,0
12093,100
12094,0
12095,100
12096,0
12097,100
12098,0
12099,100
12100,0
12101,100
12102,0
12103,100
12104,0
12105,100
12106,0
12107,100
12108,100
12109,100
12110,100
12111,100
12112,100
12113,100
12114,100
12115,100
12116,100
12117,100
12118,100
12119,100
12120,100
12121,0
12122,100
12123,100
12124,100
12125,100
12126,100
12127,0
12128,100
12129,0
12130,100
12131,0
12132,100
12133,0
12134,100
12135,0
12136,100
12137,0
12138,100
12139,0
12140,100
12141,0
12142,100
12143,100
12144,100
12145,100
12146,100
12147,100
12148,100
12149,100
12150,100
12151,100
12152,100
12153,100
12154,100
12155,100
12156,0
12157,100
12158,0
12159,100
12160,100
12161,100
12162,0
12163,100
12164,0
12165,100
12166,0
12167,100
12168,0
12169,100
12170,0
12171,100
12172,0
12173,100
12174,0
12175,100
12176,0
12177,100
12178,100
12179,100
12180,100
12181,100
12182,100
12183,100
12184,100
12185,100
12186,100
12187,100
12188,100
12189,100
12190,100
12191,0
12192,100
12193,0
12194,100
12195,100
12196,100
12197,0
12198,100
12199,0
12200,100
12201,0
12202,100
12203,0
12204,100
12205,0
12206,100
12207,0
12208,100
12209,0
12210,100
12211,0
12212,100
12213,100
12214,100
12215,100
12216,100
12217,100
12218,100
12219,100
12220,100
12221,100
12222,100
12223,100
12224,100
12225,100
12226,0
12227,100
12228,0
12229,100
12230,0
12231,100
12232,0
12233,100
12234,0
12235,100
12236,0
12237,100
12238,0
12239,100
12240,0
12241,100
12242,0
12243,100
12244,0
12245,100
12246,0
12247,100
12248,100
12249,100
12250,100
12251,100
12252,100
12253,100
12254,100
12255,100
12256,100
12257,100
12258,100
12259,100
12260,100
12261,100
12262,100
12263,0
12264,100
12265,0
12266,100
12267,0
12268,100
12269,0
12270,100
12271,0
12272,100
12273,0
12274,100
12275,0
12276,100
12277,0
12278,100
12279,0
12280,100
12281,0
12282,100
12283,100
12284,100
12285,100
12286,100
12287,100
12288,100
12289,100
12290,100
12291,100
12292,100
12293,100
12294,100
12295,100
12296,0
12297,100
12298,0
12299,100
12300,0
12301,100
12302,0
12303,100
12304,0
12305,100
12306,0
12307,100
12308,0
12309,100
12310,0
12311,100
12312,0
12313,100
12314,0
12315,100
12316,0
12317,100
12318,0
12319,100
12320,100
12321,100
12322,100
12323,100
12324,100
12325,100
12326,100
12327,100
12328,100
12329,100
12330,100
12331,100
12332,100
12333,0
12334,100
12335,0
12336,100
12337,0
12338,100
12339,0
12340,100
12341,0
12342,100
12343,0
12344,100
12345,0
12346,100
12347,0
12348,100
12349,0
12350,100
12351,0
12352,100
12353,0
12354,100
12355,100
12356,100
12357,100
12358,100
12359,100
12360,100
12361,100
12362,100
12363,100
12364,100
12365,100
12366,100
12367,100
12368,0
12369,100
12370,0
12371,100
12372,0
12373,100
12374,0
12375,100
12376,0
12377,100
12378,0
12379,100
12380,0
12381,100
12382,0
12383,100
12384,0
12385,100
12386,0
12387,100
12388,0
12389,100
12390,100
12391,100
12392,100
12393,100
12394,100
12395,100
12396,100
12397,100
12398,100
12399,100
12400,100
12401,100
12402,100
12403,0
12404,100
12405,0
12406,100
12407,0
12408,100
12409,0
12410,100
12411,0
12412,100
12413,0
12414,100
12415,0
12416,100
12417,0
12418,100
12419,0
12420,100
12421,0
12422,100
12423,0
12424,100
12425,100
12426,100
12427,100
12428,100
12429,100
12430,100
12431,100
12432,100
12433,100
12434,100
12435,100
12436,100
12437,100
12438,0
12439,100
12440,0
12441,100
12442,0
12443,100
12444,0
12445,100
12446,0
12447,100
12448,0
12449,100
12450,0
12451,100
12452,0
12453,100
12454,0
12455,100
12456,0
12457,100
12458,0
12459,100
12460,100
12461,100
12462,100
12463,100
12464,100
12465,100
12466,100
12467,100
12468,100
12469,100
12470,100
12471,100
12472,100
12473,0
12474,100
12475,0
12476,100
12477,0
12478,100
12479,0
12480,100
12481,0
12482,100
12483,0
12484,100
12485,0
12486,100
12487,0
12488,100
12489,0
12490,100
12491,0
12492,100
12493,0
12494,100
12495,100
12496,100
12497,100
12498,100
12499,100
12500,100
12501,100
12502,100
12503,100
12504,100
12505,100
12506,100
12507,100
12508,0
12509,100
12510,0
12511,100
12512,0
12513,100
12514,0
12515,100
12516,0
12517,100
12518,0
12519,100
12520,0
12521,100
12522,0
12523,100
12524,0
12525,100
12526,0
12527,100
12528,0
12529,100
12530,100
12531,100
12532,100
12533,100
12534,100
12535,100
12536,100
12537,100
12538,100
12539,100
12540,100
12541,100
12542,100
12543,100
12544,100
12545,0
12546,100
12547,0
12548,100
12549,0
12550,100
12551,0
12552,100
12553,0
12554,100
12555,0
12556,100
12557,0
12558,100
12559,0
12560,100
12561,0
12562,100
12563,0
12564,100
12565,100
12566,100
12567,100
12568,100
12569,100
12570,100
12571,100
12572,100
12573,100
12574,100
12575,100
12576,100
12577,100
12578,100
12579,100
12580,0
12581,100
12582,0
12583,100
12584,0
12585,100
12586,0
12587,100
12588,0
12589,100
12590,0
12591,100
12592,0
12593,100
12594,0
12595,100
12596,100
12597,100
12598,0
12599,100
12600,0
12601,100
12602,100
12603,100
12604,100
12605,100
12606,100
12607,100
12608,100
12609,100
12610,100
12611,100
12612,100
12613,100
12614,100
12615,0
12616,100
12617,0
12618,100
12619,0
12620,100
12621,0
12622,100
12623,0
12624,100
12625,0
12626,100
12627,0
12628,100
12629,0
12630,100
12631,100
12632,0
12633,100
12634,0
12635,100
12636,0
12637,100
12638,0
12639,100
12640,0
12641,100
12642,0
12643,100
12644,0
12645,100
12646,0
12647,100
12648,100
12649,100
12650,100
12651,100
12652,100
12653,100
12654,100
12655,100
12656,100
12657,100
12658,100
12659,100
12660,100
12661,0
12662,100
12663,0
12664,100
12665,100
12666,100
12667,0
12668,100
12669,0
12670,100
12671,0
12672,100
12673,0
12674,100
12675,0
12676,100
12677,0
12678,100
12679,0
12680,100
12681,0
12682,100
12683,100
12684,100
12685,100
12686,100
12687,100
12688,100
12689,100
12690,100
12691,100
12692,100
12693,100
12694,100
12695,100
12696,0
12697,100
12698,0
12699,100
12700,0
12701,100
12702,0
12703,100
12704,0
12705,100
12706,0
12707,100
12708,0
12709,100
12710,0
12711,100
12712,0
12713,100
12714,0
12715,100
12716,0
12717,100
12718,100
12719,100
12720,100
12721,100
12722,100
12723,100
12724,100
12725,100
12726,100
12727,100
12728,100
12729,100
12730,100
12731,0
12732,100
12733,0
12734,100
12735,0
12736,100
12737,0
12738,100
12739,0
12740,100
12741,0
12742,100
12743,0
12744,100
12745,0
12746,100
12747,0
12748,100
12749,0
12750,100
12751,0
12752,100
12753,100
12754,100
12755,100
12756,100
12757,100
12758,100
12759,100
12760,100
12761,100
12762,100
12763,100
12764,100
12765,100
12766,0
12767,100
12768,0
12769,100
12770,0
12771,100
12772,0
12773,100
12774,0
12775,100
12776,0
12777,100
12778,0
12779,100
12780,0
12781,100
12782,0
12783,100
12784,0
12785,100
12786,0
12787,100
12788,100
12789,100
12790,100
12791,100
12792,100
12793,100
12794,100
12795,100
12796,100
12797,100
12798,100
12799,100
12800,100
12801,100
12802,100
12803,0
12804,100
12805,0
12806,100
12807,0
12808,100
12809,0
12810,100
12811,0
12812,100
12813,0
12814,100
12815,0
12816,100
12817,0
12818,100
12819,0
12820,100
12821,0
12822,100
12823,100
12824,100
12825,100
12826,100
12827,100
12828,100
12829,100
12830,100
12831,100
12832,100
12833,100
12834,100
12835,100
12836,100
12837,100
12838,0
12839,100
12840,0
12841,100
12842,0
12843,100
12844,0
12845,100
12846,0
12847,100
12848,0
12849,100
12850,0
12851,100
12852,0
12853,100
12854,0
12855,100
12856,0
12857,100
12858,0
12859,100
12860,100
12861,100
12862,100
12863,100
12864,100
12865,100
12866,100
12867,100
12868,100
12869,100
12870,100
12871,100
12872,100
12873,0
12874,100
12875,0
12876,100
12877,0
12878,100
12879,0
12880,100
12881,0
12882,100
12883,0
12884,100
12885,0
12886,100
12887,0
12888,100
12889,0
12890,100
12891,0
12892,100
12893,0
12894,100
12895,100
12896,100
12897,100
12898,100
12899,100
12900,100
12901,100
12902,100
12903,100
12904,100
12905,100
12906,100
12907,100
12908,0
12909,100
12910,0
12911,100
12912,0
12913,100
12914,0
12915,100
12916,0
12917,100
12918,0
12919,100
12920,0
12921,100
12922,0
12923,100
12924,0
12925,100
12926,0
12927,100
12928,0
12929,100
12930,100
12931,100
12932,100
12933,100
12934,100
12935,100
12936,100
12937,100
12938,100
12939,100
12940,100
12941,100
12942,100
12943,0
12944,100
12945,0
12946,100
12947,0
12948,100
12949,0
12950,100
12951,0
12952,100
12953,0
12954,100
12955,0
12956,100
12957,0
12958,100
12959,0
12960,100
12961,0
12962,100
12963,0
12964,100
12965,100
12966,100
12967,100
12968,100
12969,100
12970,100
12971,100
12972,100
12973,100
12974,100
12975,100
12976,100
12977,100
12978,0
12979,100
12980,0
12981,100
12982,0
12983,100
12984,0
12985,100
12986,0
12987,100
12988,0
12989,100
12990,0
12991,100
12992,0
12993,100
12994,0
12995,100
12996,0
12997,100
12998,0
12999,100
13000,100
13001,100
13002,100
13003,100
13004,100
13005,100
13006,100
13007,100
13008,100
13009,100
13010,100
13011,100
13012,100
13013,0
13014,100
13015,0
13016,100
13017,0
13018,100
13019,0
13020,100
13021,0
13022,100
13023,0
13024,100
13025,0
13026,100
13027,0
13028,100
13029,100
13030,100
13031,0
13032,100
13033,0
13034,100
13035,100
13036,100
13037,100
13038,100
13039,100
13040,100
13041,100
13042,100
13043,100
13044,100
13045,100
13046,100
13047,100
13048,100
13049,100
13050,0
13051,100
13052,0
13053,100
13054,0
13055,100
13056,0
13057,100
13058,0
13059,100
13060,0
13061,100
13062,0
13063,100
13064,0
13065,100
13066,100
13067,100
13068,0
13069,100
13070,100
13071,100
13072,100
13073,100
13074,100
13075,100
13076,100
13077,100
13078,100
13079,100
13080,100
13081,100
13082,100
13083,100
13084,100
13085,0
13086,100
13087,0
13088,100
13089,0
13090,100
13091,0
13092,100
13093,0
13094,100
13095,0
13096,100
13097,0
13098,100
13099,0
13100,100
13101,100
13102,100
13103,0
13104,100
13105,0
13106,100
13107,100
13108,100
13109,100
13110,100
13111,100
13112,100
13113,100
13114,100
13115,100
13116,100
13117,100
13118,100
13119,100
13120,0
13121,100
13122,0
13123,100
13124,0
13125,100
13126,0
13127,100
13128,0
13129,100
13130,0
13131,100
13132,0
13133,100
13134,0
13135,100
13136,100
13137,100
13138,100
13139,100
13140,0
13141,100
13142,100
13143,100
13144,100
13145,100
13146,100
13147,100
13148,100
13149,100
13150,100
13151,100
13152,100
13153,100
13154,100
13155,0
13156,100
13157,0
13158,100
13159,0
13160,100
13161,0
13162,100
13163,0
13164,100
13165,0
13166,100
13167,0
13168,100
13169,0
13170,100
13171,100
13172,100
13173,100
13174,100
13175,100
13176,100
13177,100
13178,100
13179,100
13180,100
13181,100
13182,100
13183,100
13184,100
13185,100
13186,100
13187,100
13188,100
13189,100
13190,0
13191,100
13192,0
13193,100
13194,0
13195,100
13196,0
13197,100
13198,0
13199,100
13200,0
13201,100
13202,0
13203,100
13204,0
13205,100
13206,100
13207,100
13208,100
13209,100
13210,100
13211,100
13212,100
13213,100
13214,100
13215,100
13216,100
13217,100
13218,100
13219,100
13220,100
13221,100
13222,100
13223,100
13224,100
13225,0
13226,100
13227,0
13228,100
13229,0
13230,100
13231,0
13232,100
13233,0
13234,100
13235,0
13236,100
13237,0
13238,100
13239,0
13240,100
13241,100
13242,100
13243,100
13244,100
13245,100
13246,100
13247,100
13248,100
13249,100
13250,100
13251,100
13252,100
13253,100
13254,100
13255,100
13256,100
13257,100
13258,100
13259,100
13260,0
13261,100
13262,0
13263,100
13264,0
13265,100
13266,0
13267,100
13268,0
13269,100
13270,0
13271,100
13272,0
13273,100
13274,0
13275,100
13276,0
13277,100
13278,100
13279,100
13280,100
13281,100
13282,100
13283,100
13284,100
13285,100
13286,100
13287,100
13288,100
13289,100
13290,100
13291,100
13292,100
13293,100
13294,100
13295,100
13296,100
13297,0
13298,100
13299,0
13300,100
13301,0
13302,100
13303,0
13304,100
13305,0
13306,100
13307,0
13308,100
13309,0
13310,100
13311,100
13312,100
13313,100
13314,100
13315,100
13316,100
13317,100
13318,100
13319,100
13320,100
13321,100
13322,100
13323,100
13324,100
13325,100
13326,100
13327,100
13328,100
13329,100
13330,100
13331,100
13332,0
13333,100
13334,0
13335,100
13336,0
13337,100
13338,0
13339,100
13340,0
13341,100
13342,0
13343,100
13344,0
13345,100
13346,0
13347,100
13348,100
13349,100
13350,100
13351,100
13352,100
13353,100
13354,100
13355,100
13356,100
13357,100
13358,100
13359,100
13360,100
13361,100
13362,100
13363,100
13364,100
13365,100
13366,100
13367,0
13368,100
13369,0
13370,100
13371,0
13372,100
13373,0
13374,100
13375,0
13376,100
13377,0
13378,100
13379,0
13380,100
13381,0
13382,100
13383,100
13384,100
13385,100
13386,100
13387,100
13388,100
13389,100
13390,100
13391,100
13392,100
13393,100
13394,100
13395,100
13396,100
13397,100
13398,100
13399,100
13400,100
13401,100
13402,0
13403,100
13404,0
13405,100
13406,0
13407,100
13408,0
13409,100
13410,0
13411,100
13412,0
13413,100
13414,0
13415,100
13416,0
13417,100
13418,100
13419,100
13420,100
13421,100
13422,100
13423,100
13424,100
13425,100
13426,100
13427,100
13428,100
13429,100
13430,100
13431,0
13432,100
13433,100
13434,100
13435,100
13436,100
13437,0
13438,100
13439,0
13440,100
13441,0
13442,100
13443,0
13444,100
13445,0
13446,100
13447,0
13448,100
13449,0
13450,100
13451,0
13452,100
13453,100
13454,100
13455,100
13456,100
13457,100
13458,100
13459,100
13460,100
13461,100
13462,100
13463,100
13464,100
13465,100
13466,0
13467,100
13468,100
13469,100
13470,100
13471,100
13472,0
13473,100
13474,0
13475,100
13476,0
13477,100
13478,0
13479,100
13480,0
13481,100
13482,0
13483,100
13484,0
13485,100
13486,0
13487,100
13488,100
13489,100
13490,100
13491,100
13492,100
13493,100
13494,100
13495,100
13496,100
13497,100
13498,100
13499,100
13500,100
13501,100
13502,100
13503,0
13504,100
13505,100
13506,100
13507,100
13508,100
13509,0
13510,100
13511,0
13512,100
13513,0
13514,100
13515,0
13516,100
13517,0
13518,100
13519,0
13520,100
13521,0
13522,100
13523,100
13524,100
13525,100
13526,100
13527,100
13528,100
13529,100
13530,100
13531,100
13532,100
13533,100
13534,100
13535,100
13536,100
13537,100
13538,0
13539,100
13540,0
13541,100
13542,100
13543,100
13544,0
13545,100
13546,0
13547,100
13548,0
13549,100
13550,0
13551,100
13552,0
13553,100
13554,0
13555,100
13556,0
13557,100
13558,100
13559,100
13560,100
13561,100
13562,100
13563,100
13564,100
13565,100
13566,100
13567,100
13568,100
13569,100
13570,100
13571,100
13572,100
13573,0
13574,100
13575,0
13576,100
13577,100
13578,100
13579,0
13580,100
13581,0
13582,100
13583,0
13584,100
13585,0
13586,100
13587,0
13588,100
13589,0
13590,100
13591,0
13592,100
13593,0
13594,100
13595,100
13596,100
13597,100
13598,100
13599,100
13600,100
13601,100
13602,100
13603,100
13604,100
13605,100
13606,100
13607,100
13608,0
13609,100
13610,0
13611,100
13612,0
13613,100
13614,0
13615,100
13616,0
13617,100
13618,0
13619,100
13620,0
13621,100
13622,0
13623,100
13624,0
13625,100
13626,0
13627,100
13628,0
13629,100
13630,100
13631,100
13632,100
13633,100
13634,100
13635,100
13636,100
13637,100
13638,100
13639,100
13640,100
13641,100
13642,100
13643,0
13644,100
13645,0
13646,100
13647,0
13648,100
13649,0
13650,100
13651,0
13652,100
13653,0
13654,100
13655,0
13656,100
13657,0
13658,100
13659,0
13660,100
13661,0
13662,100
13663,0
13664,100
13665,100
13666,100
13667,100
13668,100
13669,100
13670,100
13671,100
13672,100
13673,100
13674,100
13675,100
13676,100
13677,100
13678,0
13679,100
13680,0
13681,100
13682,0
13683,100
13684,0
13685,100
13686,0
13687,100
13688,0
13689,100
13690,0
13691,100
13692,0
13693,100
13694,0
13695,100
13696,0
13697,100
13698,0
13699,100
13700,100
13701,100
13702,100
13703,100
13704,100
13705,100
13706,100
13707,100
13708,100
13709,100
13710,100
13711,100
13712,100
13713,0
13714,100
13715,0
13716,100
13717,0
13718,100
13719,0
13720,100
13721,0
13722,100
13723,0
13724,100
13725,0
13726,100
13727,0
13728,100
13729,0
13730,100
13731,0
13732,100
13733,0
13734,100
13735,100
13736,100
13737,100
13738,100
13739,100
13740,100
13741,100
13742,100
13743,100
13744,100
13745,100
13746,100
13747,100
13748,100
13749,100
13750,0
13751,100
13752,0
13753,100
13754,0
13755,100
13756,0
13757,100
13758,0
13759,100
13760,0
13761,100
13762,0
13763,100
13764,0
13765,100
13766,0
13767,100
13768,0
13769,100
13770,100
13771,100
13772,100
13773,100
13774,100
13775,100
13776,100
13777,100
13778,100
13779,100
13780,100
13781,100
13782,100
13783,100
13784,100
13785,0
13786,100
13787,0
13788,100
13789,0
13790,100
13791,0
13792,100
13793,0
13794,100
13795,0
13796,100
13797,0
13798,100
13799,0
13800,100
13801,0
13802,100
13803,0
13804,100
13805,100
13806,100
13807,100
13808,100
13809,100
13810,100
13811,100
13812,100
13813,100
13814,100
13815,100
13816,100
13817,100
13818,100
13819,100
13820,0
13821,100
13822,0
13823,100
13824,0
13825,100
13826,0
13827,100
13828,0
13829,100
13830,0
13831,100
13832,0
13833,100
13834,0
13835,100
13836,0
13837,100
13838,0
13839,100
13840,0
13841,100
13842,100
13843,100
13844,100
13845,100
13846,100
13847,100
13848,100
13849,100
13850,100
13851,100
13852,100
13853,100
13854,100
13855,0
13856,100
13857,0
13858,100
13859,0
13860,100
13861,0
13862,100
13863,0
13864,100
13865,0
13866,100
13867,0
13868,100
13869,0
13870,100
13871,0
13872,100
13873,0
13874,100
13875,0
13876,100
13877,100
13878,100
13879,100
13880,100
13881,100
13882,100
13883,100
13884,100
13885,100
13886,100
13887,100
13888,100
13889,100
13890,0
13891,100
13892,0
13893,100
13894,0
13895,100
13896,0
13897,100
13898,0
13899,100
13900,0
13901,100
13902,0
13903,100
13904,0
13905,100
13906,100
13907,100
13908,0
13909,100
13910,0
13911,100
13912,100
13913,100
13914,100
13915,100
13916,100
13917,100
13918,100
13919,100
13920,100
13921,100
13922,100
13923,100
13924,100
13925,0
13926,100
13927,0
13928,100
13929,0
13930,100
13931,0
13932,100
13933,0
13934,100
13935,0
13936,100
13937,0
13938,100
13939,0
13940,100
13941,100
13942,100
13943,0
13944,100
13945,0
13946,100
13947,100
13948,100
13949,100
13950,100
13951,100
13952,100
13953,100
13954,100
13955,100
13956,100
13957,100
13958,100
13959,100
13960,0
13961,100
13962,0
13963,100
13964,0
13965,100
13966,0
13967,100
13968,0
13969,100
13970,0
13971,100
13972,0
13973,100
13974,300
13975,0
13976,100
13977,100
13978,100
13979,100
13980,100
13981,100
13982,100
13983,0
13984,100
13985,100
13986,200
13987,100
13988,100
13989,100
13990,100
13991,100
13992,100
13993,0
13994,200
13995,100
13996,0
13997,200
13998,0
13999,100
14000,100
14001,100
14002,100
14003,100
14004,100
14005,100
14006,0
14007,100
14008,100
14009,100
14010,100
14011,100
14012,100
14013,100
14014,0
14015,100
14016,100
14017,100
14018,0
14019,100
14020,100
14021,100
14022,100
14023,100
14024,100
14025,100
14026,0
14027,100
14028,100
14029,0
14030,100
14031,100
14032,100
14033,100
14034,0
14035,100
14036,100
14037,0
14038,100
14039,0
14040,100
14041,0
14042,100
14043,0
14044,100
14045,0
14046,100
14047,0
14048,100
14049,0
14050,100
14051,0
14052,100
14053,0
14054,100
14055,100
14056,100
14057,100
14058,100
14059,100
14060,100
14061,100
14062,100
14063,100
14064,100
14065,100
14066,100
14067,100
14068,0
14069,100
14070,0
14071,100
14072,0
14073,100
14074,0
14075,100
14076,0
14077,100
14078,0
14079,100
14080,0
14081,100
14082,0
14083,100
14084,0
14085,100
14086,0
14087,100
14088,0
14089,100
14090,100
14091,100
14092,100
14093,100
14094,100
14095,100
14096,100
14097,100
14098,100
14099,100
14100,100
14101,100
14102,100
14103,0
14104,100
14105,0
14106,100
14107,0
14108,100
14109,0
14110,100
14111,0
14112,100
14113,0
14114,100
14115,0
14116,100
14117,0
14118,100
14119,0
14120,100
14121,0
14122,100
14123,0
14124,100
14125,100
14126,100
14127,100
14128,100
14129,100
14130,100
14131,100
14132,100
14133,100
14134,100
14135,100
14136,100
14137,100
14138,0
14139,100
14140,0
14141,100
14142,0
14143,100
14144,0
14145,100
14146,0
14147,100
14148,0
14149,100
14150,0
14151,100
14152,0
14153,100
14154,0
14155,100
14156,0
14157,100
14158,0
14159,100
14160,100
14161,100
14162,100
14163,100
14164,100
14165,100
14166,100
14167,100
14168,100
14169,100
14170,100
14171,100
14172,100
14173,0
14174,100
14175,0
14176,100
14177,0
14178,100
14179,0
14180,100
14181,0
14182,100
14183,0
14184,100
14185,0
14186,100
14187,0
14188,100
14189,0
14190,100
14191,0
14192,100
14193,0
14194,100
14195,100
14196,100
14197,100
14198,100
14199,100
14200,100
14201,100
14202,100
14203,100
14204,100
14205,100
14206,100
14207,100
14208,100
14209,100
14210,0
14211,100
14212,0
14213,100
14214,0
14215,100
14216,0
14217,100
14218,0
14219,100
14220,0
14221,100
14222,0
14223,100
14224,0
14225,100
14226,0
14227,100
14228,0
14229,100
14230,100
14231,100
14232,100
14233,100
14234,100
14235,100
14236,100
14237,100
14238,100
14239,100
14240,100
14241,100
14242,100
14243,100
14244,100
14245,0
14246,100
14247,0
14248,100
14249,0
14250,100
14251,0
14252,100
14253,0
14254,100
14255,0
14256,100
14257,0
14258,100
14259,0
14260,100
14261,0
14262,100
14263,0
14264,100
14265,100
14266,100
14267,100
14268,100
14269,100
14270,100
14271,100
14272,100
14273,100
14274,100
14275,100
14276,100
14277,100
14278,100
14279,100
14280,0
14281,100
14282,0
14283,100
14284,0
14285,100
14286,0
14287,100
14288,0
14289,100
14290,0
14291,100
14292,0
14293,100
14294,0
14295,100
14296,0
14297,100
14298,100
14299,100
14300,0
14301,100
14302,0
14303,100
14304,0
14305,100
14306,0
14307,100
14308,0
14309,100
14310,0
14311,100
14312,0
14313,100
14314,0
14315,100
14316,100
14317,100
14318,100
14319,100
14320,100
14321,100
14322,100
14323,100
14324,100
14325,100
14326,100
14327,100
14328,100
14329,100
14330,100
14331,100
14332,100
14333,100
14334,100
14335,0
14336,100
14337,0
14338,100
14339,0
14340,100
14341,0
14342,100
14343,0
14344,100
14345,0
14346,100
14347,0
14348,100
14349,0
14350,100
14351,100
14352,100
14353,100
14354,100
14355,100
14356,100
14357,100
14358,100
14359,100
14360,100
14361,100
14362,100
14363,100
14364,0
14365,100
14366,100
14367,100
14368,100
14369,100
14370,0
14371,100
14372,0
14373,100
14374,0
14375,100
14376,0
14377,100
14378,0
14379,100
14380,0
14381,100
14382,0
14383,100
14384,0
14385,100
14386,100
14387,100
14388,100
14389,100
14390,100
14391,100
14392,100
14393,100
14394,100
14395,100
14396,100
14397,100
14398,100
14399,0
14400,100
14401,100
14402,100
14403,100
14404,100
14405,0
14406,100
14407,0
14408,100
14409,0
14410,100
14411,0
14412,100
14413,0
14414,100
14415,0
14416,100
14417,0
14418,100
14419,0
14420,100
14421,100
14422,100
14423,100
14424,100
14425,100
14426,100
14427,100
14428,100
14429,100
14430,100
14431,100
14432,100
14433,100
14434,0
14435,100
14436,0
14437,100
14438,100
14439,100
14440,0
14441,100
14442,0
14443,100
14444,0
14445,100
14446,0
14447,100
14448,0
14449,100
14450,0
14451,100
14452,0
14453,100
14454,0
14455,100
14456,100
14457,100
14458,100
14459,100
14460,100
14461,100
14462,100
14463,100
14464,100
14465,100
14466,100
14467,100
14468,100
14469,100
14470,100
14471,0
14472,100
14473,0
14474,100
14475,0
14476,100
14477,0
14478,100
14479,0
14480,100
14481,0
14482,100
14483,0
14484,100
14485,0
14486,100
14487,0
14488,100
14489,0
14490,100
14491,0
14492,100
14493,100
14494,100
14495,100
14496,100
14497,100
14498,100
14499,100
14500,100
14501,100
14502,100
14503,100
14504,100
14505,100
14506,0
14507,100
14508,0
14509,100
14510,0
14511,100
14512,0
14513,100
14514,0
14515,100
14516,0
14517,100
14518,0
14519,100
14520,0
14521,100
14522,0
14523,100
14524,0
14525,100
14526,0
14527,100
14528,100
14529,100
14530,100
14531,100
14532,100
14533,100
14534,100
14535,100
14536,100
14537,100
14538,100
14539,100
14540,100
14541,0
14542,100
14543,0
14544,100
14545,0
14546,100
14547,0
14548,100
14549,0
14550,100
14551,0
14552,100
14553,0
14554,100
14555,0
14556,100
14557,0
14558,100
14559,0
14560,100
14561,0
14562,100
14563,100
14564,100
14565,100
14566,100
14567,100
14568,100
14569,100
14570,100
14571,100
14572,100
14573,100
14574,100
14575,100
14576,0
14577,100
14578,0
14579,100
14580,0
14581,100
14582,0
14583,100
14584,0
14585,100
14586,0
14587,100
14588,0
14589,100
14590,0
14591,100
14592,0
14593,100
14594,0
14595,100
14596,0
14597,100
14598,100
14599,100
14600,100
14601,100
14602,100
14603,100
14604,100
14605,100
14606,100
14607,100
14608,100
14609,100
14610,100
14611,0
14612,100
14613,0
14614,100
14615,0
14616,100
14617,0
14618,100
14619,0
14620,100
14621,0
14622,100
14623,0
14624,100
14625,0
14626,100
14627,0
14628,100
14629,0
14630,100
14631,0
14632,100
14633,100
14634,100
14635,100
14636,100
14637,100
14638,100
14639,100
14640,100
14641,100
14642,100
14643,100
14644,100
14645,100
14646,0
14647,100
14648,0
14649,100
14650,0
14651,100
14652,0
14653,100
14654,0
14655,100
14656,0
14657,100
14658,0
14659,100
14660,0
14661,100
14662,0
14663,100
14664,0
14665,100
14666,0
14667,100
14668,100
14669,100
14670,100
14671,100
14672,100
14673,100
14674,100
14675,100
14676,100
14677,100
14678,100
14679,100
14680,100
14681,100
14682,100
14683,0
14684,100
14685,0
14686,100
14687,0
14688,100
14689,0
14690,100
14691,0
14692,100
14693,0
14694,100
14695,0
14696,100
14697,0
14698,100
14699,0
14700,100
14701,0
14702,100
14703,100
14704,100
14705,100
14706,100
14707,100
14708,100
14709,100
14710,100
14711,100
14712,100
14713,100
14714,100
14715,100
14716,100
14717,100
14718,0
14719,100
14720,0
14721,100
14722,0
14723,100
14724,0
14725,100
14726,0
14727,100
14728,0
14729,100
14730,0
14731,100
14732,0
14733,100
14734,0
14735,100
14736,0
14737,100
14738,0
14739,100
14740,100
14741,100
14742,100
14743,100
14744,100
14745,100
14746,100
14747,100
14748,100
14749,100
14750,100
14751,100
14752,100
14753,0
14754,100
14755,0
14756,100
14757,0
14758,100
14759,0
14760,100
14761,0
14762,100
14763,0
14764,100
14765,0
14766,100
14767,0
14768,100
14769,0
14770,100
14771,0
14772,100
14773,100
14774,100
14775,100
14776,100
14777,100
14778,100
14779,100
14780,100
14781,100
14782,100
14783,100
14784,100
14785,100
14786,100
14787,100
14788,0
14789,100
14790,0
14791,100
14792,0
14793,100
14794,0
14795,100
14796,0
14797,100
14798,0
14799,100
14800,0
14801,100
14802,0
14803,100
14804,0
14805,100
14806,0
14807,100
14808,0
14809,100
14810,100
14811,100
14812,100
14813,100
14814,100
14815,100
14816,100
14817,100
14818,100
14819,100
14820,100
14821,100
14822,100
14823,0
14824,100
14825,0
14826,100
14827,0
14828,100
14829,0
14830,100
14831,0
14832,100
14833,0
14834,100
14835,0
14836,100
14837,0
14838,100
14839,100
14840,100
14841,0
14842,100
14843,0
14844,100
14845,100
14846,100
14847,100
14848,100
14849,100
14850,100
14851,100
14852,100
14853,100
14854,100
14855,100
14856,100
14857,100
14858,0
14859,100
14860,0
14861,100
14862,0
14863,100
14864,0
14865,100
14866,0
14867,100
14868,0
14869,100
14870,0
14871,100
14872,0
14873,100
14874,100
14875,100
14876,0
14877,100
14878,0
14879,100
14880,100
14881,100
14882,100
14883,100
14884,100
14885,100
14886,100
14887,100
14888,100
14889,100
14890,100
14891,100
14892,100
14893,0
14894,100
14895,0
14896,100
14897,0
14898,100
14899,0
14900,100
14901,0
14902,100
14903,0
14904,100
14905,0
14906,100
14907,0
14908,100
14909,100
14910,100
14911,100
14912,100
14913,0
14914,100
14915,100
14916,100
14917,100
14918,100
14919,100
14920,100
14921,100
14922,100
14923,100
14924,100
14925,100
14926,100
14927,100
14928,0
14929,100
14930,0
14931,100
14932,0
14933,100
14934,0
14935,100
14936,0
14937,100
14938,0
14939,100
14940,0
14941,100
14942,0
14943,100
14944,100
14945,100
14946,100
14947,100
14948,100
14949,100
14950,100
14951,100
14952,100
14953,100
14954,100
14955,100
14956,100
14957,100
14958,100
14959,100
14960,100
14961,100
14962,100
14963,100
14964,100
14965,0
14966,100
14967,0
14968,100
14969,0
14970,100
14971,0
14972,100
14973,0
14974,100
14975,0
14976,100
14977,0
14978,100
14979,100
14980,100
14981,100
14982,100
14983,100
14984,100
14985,100
14986,100
14987,100
14988,100
14989,100
14990,100
14991,100
14992,100
14993,100
14994,100
14995,100
14996,100
14997,100
14998,100
14999,100
15000,0
15001,100
15002,0
15003,100
15004,0
15005,100
15006,0
15007,100
15008,0
15009,100
15010,0
15011,100
15012,0
15013,100
15014,0
15015,100
15016,100
15017,100
15018,100
15019,100
15020,100
15021,100
15022,100
15023,100
15024,100
15025,100
15026,100
15027,100
15028,100
15029,100
15030,100
15031,100
15032,100
15033,100
15034,100
15035,0
15036,100
15037,0
15038,100
15039,0
15040,100
15041,0
15042,100
15043,0
15044,100
15045,0
15046,100
15047,0
15048,100
15049,0
15050,100
15051,100
15052,100
15053,100
15054,100
15055,100
15056,100
15057,100
15058,100
15059,100
15060,100
15061,100
15062,100
15063,100
15064,100
15065,100
15066,100
15067,100
15068,100
15069,100
15070,0
15071,100
15072,0
15073,100
15074,0
15075,100
15076,0
15077,100
15078,0
15079,100
15080,0
15081,100
15082,0
15083,100
15084,0
15085,100
15086,100
15087,100
15088,100
15089,100
15090,100
15091,100
15092,100
15093,100
15094,100
15095,100
15096,100
15097,100
15098,100
15099,100
15100,100
15101,100
15102,100
15103,100
15104,100
15105,0
15106,100
15107,0
15108,100
15109,0
15110,100
15111,0
15112,100
15113,0
15114,100
15115,0
15116,100
15117,0
15118,100
15119,0
15120,100
15121,100
15122,100
15123,100
15124,100
15125,100
15126,100
15127,100
15128,100
15129,100
15130,100
15131,100
15132,100
15133,100
15134,100
15135,100
15136,100
15137,100
15138,100
15139,100
15140,0
15141,100
15142,0
15143,100
15144,0
15145,100
15146,0
15147,100
15148,0
15149,100
15150,0
15151,100
15152,0
15153,100
15154,0
15155,100
15156,100
15157,100
15158,100
15159,100
15160,100
15161,100
15162,100
15163,100
15164,100
15165,100
15166,100
15167,100
15168,100
15169,100
15170,100
15171,100
15172,100
15173,100
15174,100
15175,0
15176,100
15177,0
15178,100
15179,0
15180,100
15181,0
15182,100
15183,0
15184,100
15185,0
15186,100
15187,0
15188,100
15189,0
15190,100
15191,100
15192,100
15193,100
15194,100
15195,100
15196,100
15197,100
15198,100
15199,100
15200,100
15201,100
15202,100
15203,100
15204,100
15205,100
15206,100
15207,100
15208,100
15209,100
15210,100
15211,100
15212,0
15213,100
15214,0
15215,100
15216,0
15217,100
15218,0
15219,100
15220,0
15221,100
15222,0
15223,100
15224,0
15225,100
15226,0
15227,100
15228,100
15229,100
15230,100
15231,100
15232,100
15233,100
15234,100
15235,100
15236,100
15237,100
15238,100
15239,100
15240,100
15241,100
15242,100
15243,100
15244,100
15245,100
15246,100
15247,0
15248,100
15249,0
15250,100
15251,0
15252,100
15253,0
15254,100
15255,0
15256,100
15257,0
15258,100
15259,0
15260,100
15261,100
15262,100
15263,100
15264,100
15265,100
15266,100
15267,100
15268,100
15269,100
15270,100
15271,100
15272,100
15273,100
15274,100
15275,100
15276,0
15277,100
15278,100
15279,100
15280,100
15281,100
15282,0
15283,100
15284,0
15285,100
15286,0
15287,100
15288,0
15289,100
15290,0
15291,100
15292,0
15293,100
15294,0
15295,100
15296,0
15297,100
15298,100
15299,100
15300,100
15301,100
15302,100
15303,100
15304,100
15305,100
15306,100
15307,100
15308,100
15309,100
15310,100
15311,0
15312,100
15313,0
15314,100
15315,100
15316,100
15317,0
15318,100
15319,0
15320,100
15321,0
15322,100
15323,0
15324,100
15325,0
15326,100
15327,0
15328,100
15329,0
15330,100
15331,0
15332,100
15333,100
15334,100
15335,100
15336,100
15337,100
15338,100
15339,100
15340,100
15341,100
15342,100
15343,100
15344,100
15345,100
15346,0
15347,100
15348,0
15349,100
15350,100
15351,100
15352,0
15353,100
15354,0
15355,100
15356,0
15357,100
15358,0
15359,100
15360,0
15361,100
15362,0
15363,100
15364,0
15365,100
15366,0
15367,100
15368,100
15369,100
15370,100
15371,100
15372,100
15373,100
15374,100
15375,100
15376,100
15377,100
15378,100
15379,100
15380,100
15381,0
15382,100
15383,0
15384,100
15385,0
15386,100
15387,0
15388,100
15389,0
15390,100
15391,0
15392,100
15393,0
15394,100
15395,0
15396,100
15397,0
15398,100
15399,0
15400,100
15401,0
15402,100
15403,100
15404,100
15405,100
15406,100
15407,100
15408,100
15409,100
15410,100
15411,100
15412,100
15413,100
15414,100
15415,100
15416,0
15417,100
15418,0
15419,100
15420,0
15421,100
15422,0
15423,100
15424,0
15425,100
15426,0
15427,100
15428,0
15429,100
15430,0
15431,100
15432,0
15433,100
15434,0
15435,100
15436,0
15437,100
15438,100
15439,100
15440,100
15441,100
15442,100
15443,100
15444,100
15445,100
15446,100
15447,100
15448,100
15449,100
15450,100
15451,100
15452,100
15453,0
15454,100
15455,0
15456,100
15457,0
15458,100
15459,0
15460,100
15461,0
15462,100
15463,0
15464,100
15465,0
15466,100
15467,0
15468,100
15469,0
15470,100
15471,0
15472,100
15473,100
15474,100
15475,100
15476,100
15477,100
15478,100
15479,100
15480,100
15481,100
15482,100
15483,100
15484,100
15485,100
15486,100
15487,100
15488,0
15489,100
15490,0
15491,100
15492,0
15493,100
15494,0
15495,100
15496,0
15497,100
15498,0
15499,100
15500,0
15501,100
15502,0
15503,100
15504,0
15505,100
15506,0
15507,100
15508,100
15509,100
15510,100
15511,100
15512,100
15513,100
15514,100
15515,100
15516,100
15517,100
15518,100
15519,100
15520,100
15521,100
15522,100
15523,0
15524,100
15525,0
15526,100
15527,0
15528,100
15529,0
15530,100
15531,0
15532,100
15533,0
15534,100
15535,0
15536,100
15537,0
15538,100
15539,0
15540,100
15541,0
15542,100
15543,0
15544,100
15545,100
15546,100
15547,100
15548,100
15549,100
15550,100
15551,100
15552,100
15553,100
15554,100
15555,100
15556,100
15557,100
15558,0
15559,100
15560,0
15561,100
15562,0
15563,100
15564,0
15565,100
15566,0
15567,100
15568,0
15569,100
15570,0
15571,100
15572,0
15573,100
15574,0
15575,100
15576,0
15577,100
15578,0
15579,100
15580,100
15581,100
15582,100
15583,100
15584,100
15585,100
15586,100
15587,100
15588,100
15589,100
15590,100
15591,100
15592,100
15593,0
15594,100
15595,0
15596,100
15597,0
15598,100
15599,0
15600,100
15601,0
15602,100
15603,0
15604,100
15605,0
15606,100
15607,0
15608,100
15609,0
15610,100
15611,0
15612,100
15613,0
15614,100
15615,100
15616,100
15617,100
15618,100
15619,100
15620,100
15621,100
15622,100
15623,100
15624,100
15625,100
15626,100
15627,100
15628,0
15629,100
15630,0
15631,100
15632,0
15633,100
15634,0
15635,100
15636,0
15637,100
15638,0
15639,100
15640,0
15641,100
15642,0
15643,100
15644,0
15645,100
15646,0
15647,100
15648,0
15649,100
15650,100
15651,100
15652,100
15653,100
15654,100
15655,100
15656,100
15657,100
15658,100
15659,100
15660,100
15661,100
15662,100
15663,0
15664,100
15665,0
15666,100
15667,0
15668,100
15669,0
15670,100
15671,0
15672,100
15673,0
15674,100
15675,0
15676,100
15677,0
15678,100
15679,0
15680,100
15681,0
15682,100
15683,0
15684,100
15685,100
15686,100
15687,100
15688,100
15689,100
15690,100
15691,100
15692,100
15693,100
15694,100
15695,100
15696,100
15697,100
15698,100
15699,100
15700,0
15701,100
15702,0
15703,100
15704,0
15705,100
15706,0
15707,100
15708,0
15709,100
15710,0
15711,100
15712,0
15713,100
15714,0
15715,100
15716,0
15717,100
15718,0
15719,100
15720,100
15721,100
15722,100
15723,100
15724,100
15725,100
15726,100
15727,100
15728,100
15729,100
15730,100
15731,100
15732,100
15733,100
15734,100
15735,0
15736,100
15737,0
15738,100
15739,0
15740,100
15741,0
15742,100
15743,0
15744,100
15745,0
15746,100
15747,0
15748,100
15749,0
15750,100
15751,100
15752,100
15753,0
15754,100
15755,0
15756,100
15757,100
15758,100
15759,100
15760,100
15761,100
15762,100
15763,100
15764,100
15765,100
15766,100
15767,100
15768,100
15769,100
15770,0
15771,100
15772,0
15773,100
15774,0
15775,100
15776,0
15777,100
15778,0
15779,100
15780,0
15781,100
15782,0
15783,100
15784,0
15785,100
15786,100
15787,100
15788,100
15789,100
15790,0
15791,100
15792,100
15793,100
15794,100
15795,100
15796,100
15797,100
15798,100
15799,100
15800,100
15801,100
15802,100
15803,100
15804,100
15805,0
15806,100
15807,0
15808,100
15809,0
15810,100
15811,0
15812,100
15813,0
15814,100
15815,0
15816,100
15817,0
15818,100
15819,0
15820,100
15821,100
15822,100
15823,100
15824,100
15825,0
15826,100
15827,100
15828,100
15829,100
15830,100
15831,100
15832,100
15833,100
15834,100
15835,100
15836,100
15837,100
15838,100
15839,100
15840,0
15841,100
15842,0
15843,100
15844,0
15845,100
15846,0
15847,100
15848,0
15849,100
15850,0
15851,100
15852,0
15853,100
15854,0
15855,100
15856,100
15857,100
15858,100
15859,100
15860,100
15861,100
15862,100
15863,100
15864,100
15865,100
15866,100
15867,100
15868,100
15869,100
15870,100
15871,100
15872,100
15873,100
15874,100
15875,0
15876,100
15877,0
15878,100
15879,0
15880,100
15881,0
15882,100
15883,0
15884,100
15885,0
15886,100
15887,0
15888,100
15889,0
15890,100
15891,100
15892,100
15893,100
15894,100
15895,100
15896,100
15897,100
15898,100
15899,100
15900,100
15901,100
15902,100
15903,100
15904,100
15905,100
15906,100
15907,100
15908,100
15909,100
15910,0
15911,100
15912,0
15913,100
15914,0
15915,100
15916,0
15917,100
15918,0
15919,100
15920,0
15921,100
15922,0
15923,100
15924,0
15925,100
15926,100
15927,100
15928,100
15929,100
15930,100
15931,100
15932,100
15933,100
15934,100
15935,100
15936,100
15937,100
15938,100
15939,100
15940,100
15941,100
15942,100
15943,100
15944,100
15945,100
15946,100
15947,0
15948,100
15949,0
15950,100
15951,0
15952,100
15953,0
15954,100
15955,0
15956,100
15957,0
15958,100
15959,0
15960,100
15961,100
15962,100
15963,100
15964,100
15965,100
15966,100
15967,100
15968,100
15969,100
15970,100
15971,100
15972,100
15973,100
15974,100
15975,100
15976,100
15977,100
15978,100
15979,100
15980,100
15981,100
15982,0
15983,100
15984,0
15985,100
15986,0
15987,100
15988,0
15989,100
15990,0
15991,100
15992,0
15993,100
15994,0
15995,100
15996,0
15997,100
15998,100
15999,100
16000,100
16001,100
16002,100
16003,100
16004,100
16005,100
16006,100
16007,100
16008,100
16009,100
16010,100
16011,100
16012,100
16013,100
16014,100
16015,100
16016,100
16017,0
16018,100
16019,0
16020,100
16021,0
16022,100
16023,0
16024,100
16025,0
16026,100
16027,0
16028,100
16029,0
16030,100
16031,0
16032,100
16033,100
16034,100
16035,100
16036,100
16037,100
16038,100
16039,100
16040,100
16041,100
16042,100
16043,100
16044,100
16045,100
16046,100
16047,100
16048,100
16049,100
16050,100
16051,100
16052,0
16053,100
16054,0
16055,100
16056,0
16057,100
16058,0
16059,100
16060,0
16061,100
16062,0
16063,100
16064,0
16065,100
16066,0
16067,100
16068,100
16069,100
16070,100
16071,100
16072,100
16073,100
16074,100
16075,100
16076,100
16077,100
16078,100
16079,100
16080,100
16081,100
16082,100
16083,100
16084,100
16085,100
16086,100
16087,0
16088,100
16089,0
16090,100
16091,0
16092,100
16093,0
16094,100
16095,0
16096,100
16097,0
16098,100
16099,0
16100,100
16101,0
16102,100
16103,100
16104,100
16105,100
16106,100
16107,100
16108,100
16109,100
16110,100
16111,100
16112,100
16113,100
16114,100
16115,100
16116,0
16117,100
16118,100
16119,100
16120,100
16121,100
16122,0
16123,100
16124,0
16125,100
16126,0
16127,100
16128,0
16129,100
16130,0
16131,100
16132,0
16133,100
16134,0
16135,100
16136,0
16137,100
16138,100
16139,100
16140,100
16141,100
16142,100
16143,100
16144,100
16145,100
16146,100
16147,100
16148,100
16149,100
16150,100
16151,0
16152,100
16153,0
16154,100
16155,100
16156,100
16157,0
16158,100
16159,0
16160,100
16161,0
16162,100
16163,0
16164,100
16165,0
16166,100
16167,0
16168,100
16169,0
16170,100
16171,0
16172,100
16173,100
16174,100
16175,100
16176,100
16177,100
16178,100
16179,100
16180,100
16181,100
16182,100
16183,100
16184,100
16185,100
16186,100
16187,100
16188,0
16189,100
16190,100
16191,100
16192,0
16193,100
16194,0
16195,100
16196,0
16197,100
16198,0
16199,100
16200,0
16201,100
16202,0
16203,100
16204,0
16205,100
16206,0
16207,100
16208,100
16209,100
16210,100
16211,100
16212,100
16213,100
16214,100
16215,100
16216,100
16217,100
16218,100
16219,100
16220,100
16221,100
16222,100
16223,0
16224,100
16225,0
16226,100
16227,100
16228,100
16229,0
16230,100
16231,0
16232,100
16233,0
16234,100
16235,0
16236,100
16237,0
16238,100
16239,0
16240,100
16241,0
16242,100
16243,0
16244,100
16245,100
16246,100
16247,100
16248,100
16249,100
16250,100
16251,100
16252,100
16253,100
16254,100
16255,100
16256,100
16257,100
16258,0
16259,100
16260,0
16261,100
16262,0
16263,100
16264,0
16265,100
16266,0
16267,100
16268,0
16269,100
16270,0
16271,100
16272,0
16273,100
16274,0
16275,100
16276,0
16277,100
16278,0
16279,100
16280,100
16281,100
16282,100
16283,100
16284,100
16285,100
16286,100
16287,100
16288,100
16289,100
16290,100
16291,100
16292,100
16293,0
16294,100
16295,0
16296,100
16297,0
16298,100
16299,0
16300,100
16301,0
16302,100
16303,0
16304,100
16305,0
16306,100
16307,0
16308,100
16309,0
16310,100
16311,0
16312,100
16313,0
16314,100
16315,100
16316,100
16317,100
16318,100
16319,100
16320,100
16321,100
16322,100
16323,100
16324,100
16325,100
16326,100
16327,100
16328,0
16329,100
16330,0
16331,100
16332,0
16333,100
16334,0
16335,100
16336,0
16337,100
16338,0
16339,100
16340,0
16341,100
16342,0
16343,100
16344,0
16345,100
16346,0
16347,100
16348,0
16349,100
16350,100
16351,100
16352,100
16353,100
16354,100
16355,100
16356,100
16357,100
16358,100
16359,100
16360,100
16361,100
16362,100
16363,0
16364,100
16365,0
16366,100
16367,0
16368,100
16369,0
16370,100
16371,0
16372,100
16373,0
16374,100
16375,0
16376,100
16377,0
16378,100
16379,0
16380,100
16381,0
16382,100
16383,0
16384,100
16385,100
16386,100
16387,100
16388,100
16389,100
16390,100
16391,100
16392,100
16393,100
16394,100
16395,100
16396,100
16397,100
16398,100
16399,100
16400,0
16401,100
16402,0
16403,100
16404,0
16405,100
16406,0
16407,100
16408,0
16409,100
16410,0
16411,100
16412,0
16413,100
16414,0
16415,100
16416,0
16417,100
16418,0
16419,100
16420,100
16421,100
16422,100
16423,100
16424,100
16425,100
16426,100
16427,100
16428,100
16429,100
16430,100
16431,100
16432,100
16433,100
16434,100
16435,0
16436,100
16437,0
16438,100
16439,0
16440,100
16441,0
16442,100
16443,0
16444,100
16445,0
16446,100
16447,0
16448,100
16449,0
16450,100
16451,0
16452,100
16453,0
16454,100
16455,100
16456,100
16457,100
16458,100
16459,100
16460,100
16461,100
16462,100
16463,100
16464,100
16465,100
16466,100
16467,100
16468,100
16469,100
16470,0
16471,100
16472,0
16473,100
16474,0
16475,100
16476,0
16477,100
16478,0
16479,100
16480,0
16481,100
16482,0
16483,100
16484,0
16485,100
16486,0
16487,100
16488,0
16489,100
16490,0
16491,100
16492,100
16493,100
16494,100
16495,100
16496,100
16497,100
16498,100
16499,100
16500,100
16501,100
16502,100
16503,100
16504,100
16505,0
16506,100
16507,0
16508,100
16509,0
16510,100
16511,0
16512,100
16513,0
16514,100
16515,0
16516,100
16517,0
16518,100
16519,0
16520,100
16521,0
16522,100
16523,0
16524,100
16525,0
16526,100
16527,100
16528,100
16529,100
16530,100
16531,100
16532,100
16533,100
16534,100
16535,100
16536,100
16537,100
16538,100
16539,100
16540,0
16541,100
16542,0
16543,100
16544,0
16545,100
16546,0
16547,100
16548,0
16549,100
16550,0
16551,100
16552,0
16553,100
16554,0
16555,100
16556,0
16557,100
16558,0
16559,100
16560,0
16561,100
16562,100
16563,100
16564,100
16565,100
16566,100
16567,100
16568,100
16569,100
16570,100
16571,100
16572,100
16573,100
16574,100
16575,0
16576,100
16577,0
16578,100
16579,0
16580,100
16581,0
16582,100
16583,0
16584,100
16585,0
16586,100
16587,0
16588,100
16589,0
16590,100
16591,100
16592,100
16593,0
16594,100
16595,0
16596,100
16597,100
16598,100
16599,100
16600,100
16601,100
16602,100
16603,100
16604,100
16605,100
16606,100
16607,100
16608,100
16609,100
16610,0
16611,100
16612,0
16613,100
16614,0
16615,100
16616,0
16617,100
16618,0
16619,100
16620,0
16621,100
16622,0
16623,100
16624,0
16625,100
16626,100
16627,100
16628,100
16629,100
16630,0
16631,100
16632,100
16633,100
16634,100
16635,100
16636,100
16637,100
16638,100
16639,100
16640,100
16641,100
16642,100
16643,100
16644,100
16645,100
16646,100
16647,0
16648,100
16649,0
16650,100
16651,0
16652,100
16653,0
16654,100
16655,0
16656,100
16657,0
16658,100
16659,0
16660,100
16661,100
16662,100
16663,100
16664,100
16665,0
16666,100
16667,100
16668,100
16669,100
16670,100
16671,100
16672,100
16673,100
16674,100
16675,100
16676,100
16677,100
16678,100
16679,100
16680,0
16681,100
16682,0
16683,100
16684,0
16685,100
16686,0
16687,100
16688,0
16689,100
16690,0
16691,100
16692,0
16693,100
16694,0
16695,100
16696,100
16697,100
16698,100
16699,100
16700,100
16701,100
16702,100
16703,100
16704,100
16705,100
16706,100
16707,100
16708,100
16709,100
16710,100
16711,100
16712,100
16713,100
16714,100
16715,100
16716,100
16717,0
16718,100
16719,0
16720,100
16721,0
16722,100
16723,0
16724,100
16725,0
16726,100
16727,0
16728,100
16729,0
16730,100
16731,0
16732,100
16733,100
16734,100
16735,100
16736,100
16737,100
16738,100
16739,100
16740,100
16741,100
16742,100
16743,100
16744,100
16745,100
16746,100
16747,100
16748,100
16749,100
16750,100
16751,100
16752,0
16753,100
16754,0
16755,100
16756,0
16757,100
16758,0
16759,100
16760,0
16761,100
16762,0
16763,100
16764,0
16765,100
16766,0
16767,100
16768,100
16769,100
16770,100
16771,100
16772,100
16773,100
16774,100
16775,100
16776,100
16777,100
16778,100
16779,100
16780,100
16781,100
16782,100
16783,100
16784,100
16785,100
16786,100
16787,0
16788,100
16789,0
16790,100
16791,0
16792,100
16793,0
16794,100
16795,0
16796,100
16797,0
16798,100
16799,0
16800,100
16801,0
16802,100
16803,100
16804,100
16805,100
16806,100
16807,100
16808,100
16809,100
16810,100
16811,100
16812,100
16813,100
16814,100
16815,100
16816,100
16817,100
16818,100
16819,100
16820,100
16821,100
16822,0
16823,100
16824,0
16825,100
16826,0
16827,100
16828,0
16829,100
16830,0
16831,100
16832,0
16833,100
16834,0
16835,100
16836,0
16837,100
16838,100
16839,100
16840,100
16841,100
16842,100
16843,100
16844,100
16845,100
16846,100
16847,100
16848,100
16849,100
16850,100
16851,100
16852,100
16853,100
16854,100
16855,100
16856,100
16857,0
16858,100
16859,0
16860,100
16861,0
16862,100
16863,0
16864,100
16865,0
16866,100
16867,0
16868,100
16869,0
16870,100
16871,0
16872,100
16873,100
16874,100
16875,100
16876,100
16877,100
16878,100
16879,100
16880,100
16881,100
16882,100
16883,100
16884,100
16885,100
16886,100
16887,100
16888,100
16889,100
16890,100
16891,100
16892,0
16893,100
16894,0
16895,100
16896,0
16897,100
16898,0
16899,100
16900,0
16901,100
16902,0
16903,100
16904,0
16905,100
16906,0
16907,100
16908,100
16909,100
16910,100
16911,100
16912,100
16913,100
16914,100
16915,100
16916,100
16917,100
16918,100
16919,100
16920,100
16921,100
16922,100
16923,100
16924,100
16925,100
16926,100
16927,0
16928,100
16929,0
16930,100
16931,0
16932,100
16933,0
16934,100
16935,0
16936,100
16937,0
16938,100
16939,0
16940,100
16941,0
16942,100
16943,100
16944,100
16945,100
16946,100
16947,100
16948,100
16949,100
16950,100
16951,100
16952,100
16953,100
16954,100
16955,100
16956,100
16957,100
16958,100
16959,100
16960,100
16961,100
16962,100
16963,100
16964,0
16965,100
16966,0
16967,100
16968,0
16969,100
16970,0
16971,100
16972,0
16973,100
16974,0
16975,100
16976,0
16977,100
16978,0
16979,100
16980,100
16981,100
16982,100
16983,100
16984,100
16985,100
16986,100
16987,100
16988,100
16989,100
16990,100
16991,100
16992,100
16993,100
16994,100
16995,100
16996,100
16997,100
16998,100
16999,0
17000,100
17001,0
17002,100
17003,0
17004,100
17005,0
17006,100
17007,0
17008,100
17009,0
17010,100
17011,0
17012,100
17013,0
17014,100
17015,100
17016,100
17017,100
17018,100
17019,100
17020,100
17021,100
17022,100
17023,100
17024,100
17025,100
17026,100
17027,100
17028,0
17029,100
17030,100
17031,100
17032,100
17033,100
17034,0
17035,100
17036,0
17037,100
17038,0
17039,100
17040,0
17041,100
17042,0
17043,100
17044,0
17045,100
17046,0
17047,100
17048,0
17049,100
17050,100
17051,100
17052,100
17053,100
17054,100
17055,100
17056,100
17057,100
17058,100
17059,100
17060,100
17061,100
17062,100
17063,0
17064,100
17065,0
17066,100
17067,100
17068,100
17069,0
17070,100
17071,0
17072,100
17073,0
17074,100
17075,0
17076,100
17077,0
17078,100
17079,0
17080,100
17081,0
17082,100
17083,0
17084,100
17085,100
17086,100
17087,100
17088,100
17089,100
17090,100
17091,100
17092,100
17093,100
17094,100
17095,100
17096,100
17097,100
17098,0
17099,100
17100,0
17101,100
17102,0
17103,100
17104,0
17105,100
17106,0
17107,100
17108,0
17109,100
17110,0
17111,100
17112,0
17113,100
17114,0
17115,100
17116,0
17117,100
17118,0
17119,100
17120,100
17121,100
17122,100
17123,100
17124,100
17125,100
17126,100
17127,100
17128,100
17129,100
17130,100
17131,100
17132,100
17133,100
17134,100
17135,0
17136,100
17137,0
17138,100
17139,0
17140,100
17141,0
17142,100
17143,0
17144,100
17145,0
17146,100
17147,0
17148,100
17149,0
17150,100
17151,0
17152,100
17153,0
17154,100
17155,100
17156,100
17157,100
17158,100
17159,100
17160,100
17161,100
17162,100
17163,100
17164,100
17165,100
17166,100
17167,100
17168,0
17169,100
17170,0
17171,100
17172,0
17173,100
17174,0
17175,100
17176,0
17177,100
17178,0
17179,100
17180,0
17181,100
17182,0
17183,100
17184,0
17185,100
17186,0
17187,100
17188,0
17189,100
17190,100
17191,100
17192,100
17193,100
17194,100
17195,100
17196,100
17197,100
17198,100
17199,100
17200,100
17201,100
17202,100
17203,100
17204,100
17205,0
17206,100
17207,0
17208,100
17209,0
17210,100
17211,0
17212,100
17213,0
17214,100
17215,0
17216,100
17217,0
17218,100
17219,0
17220,100
17221,0
17222,100
17223,0
17224,100
17225,100
17226,100
17227,100
17228,100
17229,100
17230,100
17231,100
17232,100
17233,100
17234,100
17235,100
17236,100
17237,100
17238,100
17239,100
17240,0
17241,100
17242,0
17243,100
17244,0
17245,100
17246,0
17247,100
17248,0
17249,100
17250,0
17251,100
17252,0
17253,100
17254,0
17255,100
17256,0
17257,100
17258,0
17259,100
17260,0
17261,100
17262,100
17263,100
17264,100
17265,100
17266,100
17267,100
17268,100
17269,100
17270,100
17271,100
17272,100
17273,100
17274,100
17275,0
17276,100
17277,0
17278,100
17279,0
17280,100
17281,0
17282,100
17283,0
17284,100
17285,0
17286,100
17287,0
17288,100
17289,0
17290,100
17291,0
17292,100
17293,0
17294,100
17295,0
17296,100
17297,100
17298,100
17299,100
17300,100
17301,100
17302,100
17303,100
17304,100
17305,100
17306,100
17307,100
17308,100
17309,100
17310,0
17311,100
17312,0
17313,100
17314,0
17315,100
17316,0
17317,100
17318,0
17319,100
17320,0
17321,100
17322,0
17323,100
17324,0
17325,100
17326,0
17327,100
17328,0
17329,100
17330,0
17331,100
17332,100
17333,100
17334,100
17335,100
17336,100
17337,100
17338,100
17339,100
17340,100
17341,100
17342,100
17343,100
17344,100
17345,0
17346,100
17347,0
17348,100
17349,0
17350,100
17351,0
17352,100
17353,0
17354,100
17355,0
17356,100
17357,0
17358,100
17359,0
17360,100
17361,0
17362,100
17363,0
17364,100
17365,0
17366,100
17367,100
17368,100
17369,100
17370,100
17371,100
17372,100
17373,100
17374,100
17375,100
17376,100
17377,100
17378,100
17379,100
17380,0
17381,100
17382,0
17383,100
17384,0
17385,100
17386,0
17387,100
17388,0
17389,100
17390,0
17391,100
17392,0
17393,100
17394,0
17395,100
17396,0
17397,100
17398,0
17399,100
17400,0
17401,100
17402,100
17403,100
17404,100
17405,100
17406,100
17407,100
17408,100
17409,100
17410,100
17411,100
17412,100
17413,100
17414,100
17415,0
17416,100
17417,0
17418,100
17419,0
17420,100
17421,0
17422,100
17423,0
17424,100
17425,0
17426,100
17427,0
17428,100
17429,0
17430,100
17431,0
17432,100
17433,0
17434,100
17435,0
17436,100
17437,100
17438,100
17439,100
17440,100
17441,100
17442,100
17443,100
17444,100
17445,100
17446,100
17447,100
17448,100
17449,100
17450,100
17451,100
17452,0
17453,100
17454,0
17455,100
17456,0
17457,100
17458,0
17459,100
17460,0
17461,100
17462,0
17463,100
17464,0
17465,100
17466,0
17467,100
17468,0
17469,100
17470,0
17471,100
17472,0
17473,100
17474,100
17475,100
17476,100
17477,100
17478,100
17479,100
17480,100
17481,100
17482,100
17483,100
17484,100
17485,100
17486,100
17487,0
17488,100
17489,0
17490,100
17491,0
17492,100
17493,0
17494,100
17495,0
17496,100
17497,0
17498,100
17499,0
17500,100
17501,0
17502,100
17503,100
17504,100
17505,0
17506,100
17507,0
17508,100
17509,100
17510,100
17511,100
17512,100
17513,100
17514,100
17515,100
17516,100
17517,100
17518,100
17519,100
17520,100
17521,100
17522,0
17523,100
17524,0
17525,100
17526,0
17527,100
17528,0
17529,100
17530,0
17531,100
17532,0
17533,100
17534,0
17535,100
17536,0
17537,100
17538,100
17539,100
17540,100
17541,100
17542,0
17543,100
17544,100
17545,100
17546,100
17547,100
17548,100
17549,100
17550,100
17551,100
17552,100
17553,100
17554,100
17555,100
17556,100
17557,0
17558,100
17559,0
17560,100
17561,0
17562,100
17563,0
17564,100
17565,0
17566,100
17567,0
17568,100
17569,0
17570,100
17571,0
17572,100
17573,100
17574,100
17575,100
17576,100
17577,100
17578,100
17579,100
17580,100
17581,100
17582,100
17583,100
17584,100
17585,100
17586,100
17587,100
17588,100
17589,100
17590,100
17591,100
17592,0
17593,100
17594,0
17595,100
17596,0
17597,100
17598,0
17599,100
17600,0
17601,100
17602,0
17603,100
17604,0
17605,100
17606,0
17607,100
17608,100
17609,100
17610,100
17611,100
17612,100
17613,100
17614,100
17615,100
17616,100
17617,100
17618,100
17619,100
17620,100
17621,100
17622,100
17623,100
17624,100
17625,100
17626,100
17627,0
17628,100
17629,0
17630,100
17631,0
17632,100
17633,0
17634,100
17635,0
17636,100
17637,0
17638,100
17639,0
17640,100
17641,0
17642,100
17643,100
17644,100
17645,100
17646,100
17647,100
17648,100
17649,100
17650,100
17651,100
17652,100
17653,100
17654,100
17655,100
17656,100
17657,100
17658,100
17659,100
17660,100
17661,100
17662,100
17663,100
17664,0
17665,100
17666,0
17667,100
17668,0
17669,100
17670,0
17671,100
17672,0
17673,100
17674,0
17675,100
17676,0
17677,100
17678,0
17679,100
17680,100
17681,100
17682,100
17683,100
17684,100
17685,100
17686,100
17687,100
17688,100
17689,100
17690,100
17691,100
17692,100
17693,100
17694,100
17695,100
17696,100
17697,100
17698,100
17699,0
17700,100
17701,0
17702,100
17703,0
17704,100
17705,0
17706,100
17707,0
17708,100
17709,0
17710,100
17711,0
17712,100
17713,100
17714,100
17715,100
17716,100
17717,100
17718,100
17719,100
17720,100
17721,100
17722,100
17723,100
17724,100
17725,100
17726,100
17727,100
17728,100
17729,100
17730,100
17731,100
17732,100
17733,100
17734,0
17735,100
17736,0
17737,100
17738,0
17739,100
17740,0
17741,100
17742,0
17743,100
17744,0
17745,100
17746,0
17747,100
17748,0
17749,100
17750,100
17751,100
17752,100
17753,100
17754,100
17755,100
17756,100
17757,100
17758,100
17759,100
17760,100
17761,100
17762,100
17763,100
17764,100
17765,100
17766,100
17767,100
17768,100
17769,0
17770,100
17771,0
17772,100
17773,0
17774,100
17775,0
17776,100
17777,0
17778,100
17779,0
17780,100
17781,0
17782,100
17783,0
17784,100
17785,100
17786,100
17787,100
17788,100
17789,100
17790,100
17791,100
17792,100
17793,100
17794,100
17795,100
17796,100
17797,100
17798,100
17799,100
17800,100
17801,100
17802,100
17803,100
17804,0
17805,100
17806,0
17807,100
17808,0
17809,100
17810,0
17811,100
17812,0
17813,100
17814,0
17815,100
17816,0
17817,100
17818,0
17819,100
17820,100
17821,100
17822,100
17823,100
17824,100
17825,100
17826,100
17827,100
17828,100
17829,100
17830,100
17831,100
17832,100
17833,100
17834,100
17835,100
17836,100
17837,100
17838,100
17839,0
17840,100
17841,0
17842,100
17843,0
17844,100
17845,0
17846,100
17847,0
17848,100
17849,0
17850,100
17851,0
17852,100
17853,0
17854,100
17855,100
17856,100
17857,100
17858,100
17859,100
17860,100
17861,100
17862,100
17863,100
17864,100
17865,100
17866,100
17867,100
17868,0
17869,100
17870,100
17871,100
17872,100
17873,100
17874,0
17875,100
17876,0
17877,100
17878,0
17879,100
17880,0
17881,100
17882,0
17883,100
17884,0
17885,100
17886,0
17887,100
17888,0
17889,100
17890,100
17891,100
17892,100
17893,100
17894,100
17895,100
17896,100
17897,100
17898,100
17899,100
17900,100
17901,100
17902,100
17903,100
17904,100
17905,0
17906,100
17907,100
17908,100
17909,100
17910,100
17911,0
17912,100
17913,0
17914,100
17915,0
17916,100
17917,0
17918,100
17919,0
17920,100
17921,0
17922,100
17923,0
17924,100
17925,100
17926,100
17927,100
17928,100
17929,100
17930,100
17931,100
17932,100
17933,100
17934,100
17935,100
17936,100
17937,100
17938,100
17939,100
17940,0
17941,100
17942,100
17943,100
17944,100
17945,100
17946,0
17947,100
17948,0
17949,100
17950,0
17951,100
17952,0
17953,100
17954,0
17955,100
17956,0
17957,100
17958,0
17959,100
17960,100
17961,100
17962,100
17963,100
17964,100
17965,100
17966,100
17967,100
17968,100
17969,100
17970,100
17971,100
17972,100
17973,100
17974,100
17975,0
17976,100
17977,0
17978,100
17979,100
17980,100
17981,0
17982,100
17983,0
17984,100
17985,0
17986,100
17987,0
17988,100
17989,0
17990,100
17991,0
17992,100
17993,0
17994,100
17995,0
17996,100
17997,100
17998,100
17999,100
18000,100
18001,100
18002,100
18003,100
18004,100
18005,100
18006,100
18007,100
18008,100
18009,100
18010,0
18011,100
18012,0
18013,100
18014,0
18015,100
18016,0
18017,100
18018,0
18019,100
18020,0
18021,100
18022,0
18023,100
18024,0
18025,100
18026,0
18027,100
18028,0
18029,100
18030,0
18031,100
18032,100
18033,100
18034,100
18035,100
18036,100
18037,100
18038,100
18039,100
18040,100
18041,100
18042,100
18043,100
18044,100
18045,0
18046,100
18047,0
18048,100
18049,0
18050,100
18051,0
18052,100
18053,0
18054,100
18055,0
18056,100
18057,0
18058,100
18059,0
18060,100
18061,0
18062,100
18063,0
18064,100
18065,0
18066,100
18067,100
18068,100
18069,100
18070,100
18071,100
18072,100
18073,100
18074,100
18075,100
18076,100
18077,100
18078,100
18079,100
18080,0
18081,100
18082,0
18083,100
18084,0
18085,100
18086,0
18087,100
18088,0
18089,100
18090,0
18091,100
18092,0
18093,100
18094,0
18095,100
18096,0
18097,100
18098,0
18099,100
18100,0
18101,100
18102,100
18103,100
18104,100
18105,100
18106,100
18107,100
18108,100
18109,100
18110,100
18111,100
18112,100
18113,100
18114,100
18115,0
18116,100
18117,0
18118,100
18119,0
18120,100
18121,0
18122,100
18123,0
18124,100
18125,0
18126,100
18127,0
18128,100
18129,0
18130,100
18131,0
18132,100
18133,0
18134,100
18135,0
18136,100
18137,100
18138,100
18139,100
18140,100
18141,100
18142,100
18143,100
18144,100
18145,100
18146,100
18147,100
18148,100
18149,100
18150,100
18151,100
18152,0
18153,100
18154,0
18155,100
18156,0
18157,100
18158,0
18159,100
18160,0
18161,100
18162,0
18163,100
18164,0
18165,100
18166,0
18167,100
18168,0
18169,100
18170,0
18171,100
18172,100
18173,100
18174,100
18175,100
18176,100
18177,100
18178,100
18179,100
18180,100
18181,100
18182,100
18183,100
18184,100
18185,100
18186,100
18187,0
18188,100
18189,0
18190,100
18191,0
18192,100
18193,0
18194,100
18195,0
18196,100
18197,0
18198,100
18199,0
18200,100
18201,0
18202,100
18203,0
18204,100
18205,0
18206,100
18207,0
18208,100
18209,100
18210,100
18211,100
18212,100
18213,100
18214,100
18215,100
18216,100
18217,100
18218,100
18219,100
18220,100
18221,100
18222,0
18223,100
18224,0
18225,100
18226,0
18227,100
18228,0
18229,100
18230,0
18231,100
18232,0
18233,100
18234,0
18235,100
18236,0
18237,100
18238,0
18239,100
18240,0
18241,100
18242,0
18243,100
18244,100
18245,100
18246,100
18247,100
18248,100
18249,100
18250,100
18251,100
18252,100
18253,100
18254,100
18255,100
18256,100
18257,0
18258,100
18259,0
18260,100
18261,0
18262,100
18263,0
18264,100
18265,0
18266,100
18267,0
18268,100
18269,0
18270,100
18271,0
18272,100
18273,0
18274,100
18275,0
18276,100
18277,0
18278,100
18279,100
18280,100
18281,100
18282,100
18283,100
18284,100
18285,100
18286,100
18287,100
18288,100
18289,100
18290,100
18291,100
18292,0
18293,100
18294,0
18295,100
18296,0
18297,100
18298,0
18299,100
18300,0
18301,100
18302,0
18303,100
18304,0
18305,100
18306,0
18307,100
18308,0
18309,100
18310,0
18311,100
18312,0
18313,100
18314,100
18315,100
18316,100
18317,100
18318,100
18319,100
18320,100
18321,100
18322,100
18323,100
18324,100
18325,100
18326,100
18327,0
18328,100
18329,0
18330,100
18331,0
18332,100
18333,0
18334,100
18335,0
18336,100
18337,0
18338,100
18339,0
18340,100
18341,0
18342,100
18343,100
18344,100
18345,0
18346,100
18347,0
18348,100
18349,100
18350,100
18351,100
18352,100
18353,100
18354,100
18355,100
18356,100
18357,100
18358,100
18359,100
18360,100
18361,100
18362,0
18363,100
18364,0
18365,100
18366,0
18367,100
18368,0
18369,100
18370,0
18371,100
18372,0
18373,100
18374,0
18375,100
18376,0
18377,100
18378,100
18379,100
18380,100
18381,100
18382,0
18383,100
18384,100
18385,100
18386,100
18387,100
18388,100
18389,100
18390,100
18391,100
18392,100
18393,100
18394,100
18395,100
18396,100
18397,100
18398,100
18399,0
18400,100
18401,0
18402,100
18403,0
18404,100
18405,0
18406,100
18407,0
18408,100
18409,0
18410,100
18411,0
18412,100
18413,100
18414,100
18415,100
18416,100
18417,100
18418,100
18419,100
18420,100
18421,100
18422,100
18423,100
18424,100
18425,100
18426,100
18427,100
18428,100
18429,100
18430,100
18431,100
18432,100
18433,100
18434,0
18435,100
18436,0
18437,100
18438,0
18439,100
18440,0
18441,100
18442,0
18443,100
18444,0
18445,100
18446,0
18447,100
18448,100
18449,100
18450,100
18451,100
18452,100
18453,100
18454,0
18455,100
18456,100
18457,100
18458,100
18459,100
18460,100
18461,100
18462,100
18463,100
18464,100
18465,100
18466,100
18467,100
18468,100
18469,0
18470,100
18471,0
18472,100
18473,0
18474,100
18475,0
18476,100
18477,0
18478,100
18479,0
18480,100
18481,0
18482,100
18483,0
18484,100
18485,100
18486,100
18487,100
18488,100
18489,100
18490,100
18491,100
18492,100
18493,100
18494,100
18495,100
18496,100
18497,100
18498,100
18499,100
18500,100
18501,100
18502,100
18503,100
18504,0
18505,100
18506,0
18507,100
18508,0
18509,100
18510,0
18511,100
18512,0
18513,100
18514,0
18515,100
18516,0
18517,100
18518,0
18519,100
18520,100
18521,100
18522,100
18523,100
18524,100
18525,100
18526,100
18527,100
18528,100
18529,100
18530,100
18531,100
18532,100
18533,100
18534,100
18535,100
18536,100
18537,100
18538,100
18539,0
18540,100
18541,0
18542,100
18543,0
18544,100
18545,0
18546,100
18547,0
18548,100
18549,0
18550,100
18551,0
18552,100
18553,0
18554,100
18555,100
18556,100
18557,100
18558,100
18559,100
18560,100
18561,100
18562,100
18563,100
18564,100
18565,100
18566,100
18567,100
18568,100
18569,100
18570,100
18571,100
18572,100
18573,100
18574,0
18575,100
18576,0
18577,100
18578,0
18579,100
18580,0
18581,100
18582,0
18583,100
18584,0
18585,100
18586,0
18587,100
18588,0
18589,100
18590,100
18591,100
18592,100
18593,100
18594,100
18595,100
18596,100
18597,100
18598,100
18599,100
18600,100
18601,100
18602,100
18603,100
18604,100
18605,100
18606,100
18607,100
18608,100
18609,0
18610,100
18611,0
18612,100
18613,0
18614,100
18615,0
18616,100
18617,0
18618,100
18619,0
18620,100
18621,0
18622,100
18623,0
18624,100
18625,100
18626,100
18627,100
18628,100
18629,100
18630,100
18631,100
18632,100
18633,100
18634,100
18635,100
18636,100
18637,100
18638,100
18639,100
18640,100
18641,100
18642,100
18643,100
18644,0
18645,100
18646,0
18647,100
18648,0
18649,100
18650,0
18651,100
18652,0
18653,100
18654,0
18655,100
18656,0
18657,100
18658,0
18659,100
18660,100
18661,100
18662,100
18663,100
18664,100
18665,100
18666,100
18667,100
18668,100
18669,100
18670,100
18671,100
18672,100
18673,100
18674,100
18675,100
18676,100
18677,100
18678,100
18679,100
18680,100
18681,0
18682,100
18683,0
18684,100
18685,0
18686,100
18687,0
18688,100
18689,0
18690,100
18691,0
18692,100
18693,0
18694,100
18695,0
18696,100
18697,100
18698,100
18699,100
18700,100
18701,100
18702,100
18703,100
18704,100
18705,100
18706,100
18707,100
18708,100
18709,100
18710,100
18711,100
18712,100
18713,100
18714,100
18715,100
18716,0
18717,100
18718,0
18719,100
18720,0
18721,100
18722,0
18723,100
18724,0
18725,100
18726,0
18727,100
18728,0
18729,100
18730,0
18731,100
18732,100
18733,100
18734,100
18735,100
18736,100
18737,100
18738,100
18739,100
18740,100
18741,100
18742,100
18743,100
18744,100
18745,0
18746,100
18747,100
18748,100
18749,100
18750,100
18751,0
18752,100
18753,0
18754,100
18755,0
18756,100
18757,0
18758,100
18759,0
18760,100
18761,0
18762,100
18763,0
18764,100
18765,0
18766,100
18767,100
18768,100
18769,100
18770,100
18771,100
18772,100
18773,100
18774,100
18775,100
18776,100
18777,100
18778,100
18779,100
18780,0
18781,100
18782,100
18783,100
18784,100
18785,100
18786,0
18787,100
18788,0
18789,100
18790,0
18791,100
18792,0
18793,100
18794,0
18795,100
18796,0
18797,100
18798,0
18799,100
18800,0
18801,100
18802,100
18803,100
18804,100
18805,100
18806,100
18807,100
18808,100
18809,100
18810,100
18811,100
18812,100
18813,100
18814,100
18815,0
18816,100
18817,0
18818,100
18819,100
18820,100
18821,0
18822,100
18823,0
18824,100
18825,0
18826,100
18827,0
18828,100
18829,0
18830,100
18831,0
18832,100
18833,0
18834,100
18835,0
18836,100
18837,100
18838,100
18839,100
18840,100
18841,100
18842,100
18843,100
18844,100
18845,100
18846,100
18847,100
18848,100
18849,100
18850,0
18851,100
18852,0
18853,100
18854,0
18855,100
18856,0
18857,100
18858,0
18859,100
18860,0
18861,100
18862,0
18863,100
18864,0
18865,100
18866,0
18867,100
18868,0
18869,100
18870,0
18871,100
18872,100
18873,100
18874,100
18875,100
18876,100
18877,100
18878,100
18879,100
18880,100
18881,100
18882,100
18883,100
18884,100
18885,100
18886,100
18887,0
18888,100
18889,0
18890,100
18891,0
18892,100
18893,0
18894,100
18895,0
18896,100
18897,0
18898,100
18899,0
18900,100
18901,0
18902,100
18903,0
18904,100
18905,0
18906,100
18907,100
18908,100
18909,100
18910,100
18911,100
18912,100
18913,100
18914,100
18915,100
18916,100
18917,100
18918,100
18919,100
18920,100
18921,100
18922,0
18923,100
18924,0
18925,100
18926,0
18927,100
18928,0
18929,100
18930,0
18931,100
18932,0
18933,100
18934,0
18935,100
18936,0
18937,100
18938,0
18939,100
18940,0
18941,100
18942,0
18943,100
18944,100
18945,100
18946,100
18947,100
18948,100
18949,100
18950,100
18951,100
18952,100
18953,100
18954,100
18955,100
18956,100
18957,0
18958,100
18959,0
18960,100
18961,0
18962,100
18963,0
18964,100
18965,0
18966,100
18967,0
18968,100
18969,0
18970,100
18971,0
18972,100
18973,0
18974,100
18975,0
18976,100
18977,0
18978,100
18979,100
18980,100
18981,100
18982,100
18983,100
18984,100
18985,100
18986,100
18987,100
18988,100
18989,100
18990,100
18991,100
18992,0
18993,100
18994,0
18995,100
18996,0
18997,100
18998,0
18999,100
19000,0
19001,100
19002,0
19003,100
19004,0
19005,100
19006,0
19007,100
19008,0
19009,100
19010,0
19011,100
19012,0
19013,100
19014,100
19015,100
19016,100
19017,100
19018,100
19019,100
19020,100
19021,100
19022,100
19023,100
19024,100
19025,100
19026,100
19027,0
19028,100
19029,0
19030,100
19031,0
19032,100
19033,0
19034,100
19035,0
19036,100
19037,0
19038,100
19039,0
19040,100
19041,0
19042,100
19043,0
19044,100
19045,0
19046,100
19047,0
19048,100
19049,100
19050,100
19051,100
19052,100
19053,100
19054,100
19055,100
19056,100
19057,100
19058,100
19059,100
19060,100
19061,100
19062,0
19063,100
19064,0
19065,100
19066,0
19067,100
19068,0
19069,100
19070,0
19071,100
19072,0
19073,100
19074,0
19075,100
19076,0
19077,100
19078,0
19079,100
19080,0
19081,100
19082,0
19083,100
19084,100
19085,100
19086,100
19087,100
19088,100
19089,100
19090,100
19091,100
19092,100
19093,100
19094,100
19095,100
19096,100
19097,0
19098,100
19099,0
19100,100
19101,0
19102,100
19103,0
19104,100
19105,0
19106,100
19107,0
19108,100
19109,0
19110,100
19111,0
19112,100
19113,0
19114,100
19115,0
19116,100
19117,0
19118,100
19119,100
19120,100
19121,100
19122,100
19123,100
19124,100
19125,100
19126,100
19127,100
19128,100
19129,100
19130,100
19131,100
19132,0
19133,100
19134,0
19135,100
19136,0
19137,100
19138,0
19139,100
19140,0
19141,100
19142,0
19143,100
19144,0
19145,100
19146,0
19147,100
19148,0
19149,100
19150,0
19151,100
19152,0
19153,100
19154,0
19155,100
19156,100
19157,100
19158,100
19159,100
19160,100
19161,100
19162,100
19163,100
19164,100
19165,100
19166,100
19167,100
19168,100
19169,0
19170,100
19171,0
19172,100
19173,0
19174,100
19175,0
19176,100
19177,0
19178,100
19179,0
19180,100
19181,0
19182,100
19183,0
19184,100
19185,0
19186,100
19187,0
19188,100
19189,100
19190,100
19191,100
19192,100
19193,100
19194,100
19195,100
19196,100
19197,100
19198,100
19199,100
19200,100
19201,100
19202,100
19203,100
19204,0
19205,100
19206,0
19207,100
19208,0
19209,100
19210,0
19211,100
19212,0
19213,100
19214,0
19215,100
19216,0
19217,100
19218,0
19219,100
19220,100
19221,100
19222,0
19223,100
19224,0
19225,100
19226,100
19227,100
19228,100
19229,100
19230,100
19231,100
19232,100
19233,100
19234,100
19235,100
19236,100
19237,100
19238,100
19239,0
19240,100
19241,0
19242,100
19243,0
19244,100
19245,0
19246,100
19247,0
19248,100
19249,0
19250,100
19251,0
19252,100
19253,0
19254,100
19255,100
19256,100
19257,0
19258,100
19259,0
19260,100
19261,100
19262,100
19263,100
19264,100
19265,100
19266,100
19267,100
19268,100
19269,100
19270,100
19271,100
19272,100
19273,100
19274,0
19275,100
19276,0
19277,100
19278,0
19279,100
19280,0
19281,100
19282,0
19283,100
19284,0
19285,100
19286,0
19287,100
19288,0
19289,100
19290,100
19291,100
19292,100
19293,100
19294,0
19295,100
19296,100
19297,100
19298,100
19299,100
19300,100
19301,100
19302,100
19303,100
19304,100
19305,100
19306,100
19307,100
19308,100
19309,0
19310,100
19311,0
19312,100
19313,0
19314,100
19315,0
19316,100
19317,0
19318,100
19319,0
19320,100
19321,0
19322,100
19323,0
19324,100
19325,100
19326,100
19327,100
19328,100
19329,100
19330,100
19331,100
19332,100
19333,100
19334,100
19335,100
19336,100
19337,100
19338,100
19339,100
19340,100
19341,100
19342,100
19343,100
19344,0
19345,100
19346,0
19347,100
19348,0
19349,100
19350,0
19351,100
19352,0
19353,100
19354,0
19355,100
19356,0
19357,100
19358,0
19359,100
19360,100
19361,100
19362,100
19363,100
19364,100
19365,100
19366,100
19367,100
19368,100
19369,100
19370,100
19371,100
19372,100
19373,100
19374,100
19375,100
19376,100
19377,100
19378,100
19379,100
19380,100
19381,0
19382,100
19383,0
19384,100
19385,0
19386,100
19387,0
19388,100
19389,0
19390,100
19391,0
19392,100
19393,0
19394,100
19395,100
19396,100
19397,100
19398,100
19399,100
19400,100
19401,100
19402,100
19403,100
19404,100
19405,100
19406,100
19407,100
19408,100
19409,100
19410,100
19411,100
19412,100
19413,100
19414,100
19415,100
19416,0
19417,100
19418,0
19419,100
19420,0
19421,100
19422,0
19423,100
19424,0
19425,100
19426,0
19427,100
19428,0
19429,100
19430,0
19431,100
19432,100
19433,100
19434,100
19435,100
19436,100
19437,100
19438,100
19439,100
19440,100
19441,100
19442,100
19443,100
19444,100
19445,100
19446,100
19447,100
19448,100
19449,100
19450,100
19451,0
19452,100
19453,0
19454,100
19455,0
19456,100
19457,0
19458,100
19459,0
19460,100
19461,0
19462,100
19463,0
19464,100
19465,0
19466,100
19467,100
19468,100
19469,100
19470,100
19471,100
19472,100
19473,100
19474,100
19475,100
19476,100
19477,100
19478,100
19479,100
19480,100
19481,100
19482,100
19483,100
19484,100
19485,100
19486,0
19487,100
19488,0
19489,100
19490,0
19491,100
19492,0
19493,100
19494,0
19495,100
19496,0
19497,100
19498,0
19499,100
19500,0
19501,100
19502,100
19503,100
19504,100
19505,100
19506,100
19507,100
19508,100
19509,100
19510,100
19511,100
19512,100
19513,100
19514,100
19515,100
19516,100
19517,100
19518,100
19519,0
19520,100
19521,0
19522,100
19523,0
19524,100
19525,0
19526,100
19527,0
19528,100
19529,0
19530,100
19531,0
19532,100
19533,0
19534,100
19535,100
19536,100
19537,100
19538,100
19539,100
19540,100
19541,100
19542,100
19543,100
19544,100
19545,100
19546,0
19547,100
19548,0
19549,100
19550,100
19551,100
19552,0
19553,100
19554,0
19555,100
19556,0
19557,100
19558,0
19559,100
19560,0
19561,100
19562,0
19563,100
19564,0
19565,100
19566,0
19567,100
19568,100
19569,100
19570,100
19571,100
19572,100
19573,100
19574,100
19575,100
19576,100
19577,100
19578,100
19579,100
19580,100
19581,0
19582,100
19583,0
19584,100
19585,100
19586,100
19587,0
19588,100
19589,0
19590,100
19591,0
19592,100
19593,0
19594,100
19595,0
19596,100
19597,0
19598,100
19599,0
19600,100
19601,0
19602,100
19603,100
19604,100
19605,100
19606,100
19607,100
19608,100
19609,100
19610,100
19611,100
19612,100
19613,100
19614,100
19615,100
19616,0
19617,100
19618,0
19619,100
19620,0
19621,100
19622,0
19623,100
19624,0
19625,100
19626,0
19627,100
19628,0
19629,100
19630,0
19631,100
19632,0
19633,100
19634,0
19635,100
19636,0
19637,100
19638,100
19639,100
19640,100
19641,100
19642,100
19643,100
19644,100
19645,100
19646,100
19647,100
19648,100
19649,100
19650,100
19651,0
19652,100
19653,0
19654,100
19655,0
19656,100
19657,0
19658,100
19659,0
19660,100
19661,0
19662,100
19663,0
19664,100
19665,0
19666,100
19667,0
19668,100
19669,0
19670,100
19671,0
19672,100
19673,100
19674,100
19675,100
19676,100
19677,100
19678,100
19679,100
19680,100
19681,100
19682,100
19683,100
19684,100
19685,100
19686,100
19687,100
19688,0
19689,100
19690,0
19691,100
19692,0
19693,100
19694,0
19695,100
19696,0
19697,100
19698,0
19699,100
19700,0
19701,100
19702,0
19703,100
19704,0
19705,100
19706,0
19707,100
19708,100
19709,100
19710,100
19711,100
19712,100
19713,100
19714,100
19715,100
19716,100
19717,100
19718,100
19719,100
19720,100
19721,100
19722,100
19723,0
19724,100
19725,0
19726,100
19727,0
19728,100
19729,0
19730,100
19731,0
19732,100
19733,0
19734,100
19735,0
19736,100
19737,0
19738,100
19739,0
19740,100
19741,0
19742,100
19743,0
19744,100
19745,100
19746,100
19747,100
19748,100
19749,100
19750,100
19751,100
19752,100
19753,100
19754,100
19755,100
19756,100
19757,100
19758,0
19759,100
19760,0
19761,100
19762,0
19763,100
19764,0
19765,100
19766,0
19767,100
19768,0
19769,100
19770,0
19771,100
19772,0
19773,100
19774,0
19775,100
19776,0
19777,100
19778,0
19779,100
19780,100
19781,100
19782,100
19783,100
19784,100
19785,100
19786,100
19787,100
19788,100
19789,100
19790,100
19791,100
19792,100
19793,0
19794,100
19795,0
19796,100
19797,0
19798,100
19799,0
19800,100
19801,0
19802,100
19803,0
19804,100
19805,0
19806,100
19807,0
19808,100
19809,0
19810,100
19811,0
19812,100
19813,0
19814,100
19815,100
19816,100
19817,100
19818,100
19819,100
19820,100
19821,100
19822,100
19823,100
19824,100
19825,100
19826,100
19827,100
19828,0
19829,100
19830,0
19831,100
19832,0
19833,100
19834,0
19835,100
19836,0
19837,100
19838,0
19839,100
19840,0
19841,100
19842,0
19843,100
19844,0
19845,100
19846,0
19847,100
19848,0
19849,100
19850,100
19851,100
19852,100
19853,100
19854,100
19855,100
19856,100
19857,100
19858,100
19859,100
19860,100
19861,100
19862,100
19863,0
19864,100
19865,0
19866,100
19867,0
19868,100
19869,0
19870,100
19871,0
19872,100
19873,0
19874,100
19875,0
19876,100
19877,0
19878,100
19879,0
19880,100
19881,0
19882,100
19883,0
19884,100
19885,100
19886,100
19887,100
19888,100
19889,100
19890,100
19891,100
19892,100
19893,100
19894,100
19895,100
19896,100
19897,100
19898,100
19899,100
19900,0
19901,100
19902,0
19903,100
19904,0
19905,100
19906,0
19907,100
19908,0
19909,100
19910,0
19911,100
19912,0
19913,100
19914,0
19915,100
19916,0
19917,100
19918,0
19919,100
19920,100
19921,100
19922,100
19923,100
19924,100
19925,100
19926,100
19927,100
19928,100
19929,100
19930,100
19931,100
19932,100
19933,100
19934,100
19935,0
19936,100
19937,0
19938,100
19939,0
19940,100
19941,0
19942,100
19943,0
19944,100
19945,0
19946,100
19947,0
19948,100
19949,100
19950,100
19951,0
19952,100
19953,0
19954,100
19955,100
19956,100
19957,100
19958,100
19959,100
19960,100
19961,100
19962,100
19963,100
19964,100
19965,100
19966,100
19967,100
19968,100
19969,100
19970,0
19971,100
19972,0
19973,100
19974,0
19975,100
19976,0
19977,100
19978,0
19979,100
19980,0
19981,100
19982,0
19983,100
19984,0
19985,100
19986,100
19987,100
19988,0
19989,100
19990,0
19991,100
19992,100
19993,100
19994,100
19995,100
19996,100
19997,100
19998,100
19999,100
20000,100
20001,100
20002,100
20003,100
20004,100
20005,0
20006,100
20007,0
20008,100
20009,0
20010,100
20011,0
20012,100
20013,0
20014,100
20015,0
20016,100
20017,0
20018,100
20019,0
20020,100
20021,100
20022,100
20023,100
20024,100
20025,0
20026,100
20027,100
20028,100
20029,100
20030,100
20031,100
20032,100
20033,100
20034,100
20035,100
20036,100
20037,100
20038,100
20039,100
20040,0
20041,100
20042,0
20043,100
20044,0
20045,100
20046,0
20047,100
20048,0
20049,100
20050,0
20051,100
20052,0
20053,100
20054,0
20055,100
20056,100
20057,100
20058,100
20059,100
20060,0
20061,100
20062,100
20063,100
20064,100
20065,100
20066,100
20067,100
20068,100
20069,100
20070,100
20071,100
20072,100
20073,100
20074,100
20075,0
20076,100
20077,0
20078,100
20079,0
20080,100
20081,0
20082,100
20083,0
20084,100
20085,0
20086,100
20087,0
20088,100
20089,0
20090,100
20091,100
20092,100
20093,100
20094,100
20095,100
20096,100
20097,100
20098,100
20099,100
20100,100
20101,100
20102,100
20103,100
20104,100
20105,100
20106,100
20107,100
20108,100
20109,100
20110,0
20111,100
20112,0
20113,100
20114,0
20115,100
20116,0
20117,100
20118,0
20119,100
20120,0
20121,100
20122,0
20123,100
20124,0
20125,100
20126,100
20127,100
20128,100
20129,100
20130,100
20131,100
20132,100
20133,100
20134,100
20135,100
20136,100
20137,100
20138,100
20139,100
20140,100
20141,100
20142,100
20143,100
20144,100
20145,100
20146,100
20147,0
20148,100
20149,0
20150,100
20151,0
20152,100
20153,0
20154,100
20155,0
20156,100
20157,0
20158,100
20159,0
20160,100
20161,100
20162,100
20163,100
20164,100
20165,100
20166,100
20167,100
20168,100
20169,100
20170,100
20171,100
20172,100
20173,100
20174,100
20175,100
20176,100
20177,100
20178,100
20179,100
20180,0
20181,100
20182,0
20183,100
20184,0
20185,100
20186,0
20187,100
20188,0
20189,100
20190,0
20191,100
20192,0
20193,100
20194,0
20195,100
20196,100
20197,100
20198,100
20199,100
20200,100
20201,100
20202,100
20203,100
20204,100
20205,100
20206,100
20207,100
20208,100
20209,100
20210,100
20211,100
20212,100
20213,100
20214,100
20215,100
20216,100
20217,0
20218,100
20219,0
20220,100
20221,0
20222,100
20223,0
20224,100
20225,0
20226,100
20227,0
20228,100
20229,0
20230,100
20231,0
20232,100
20233,100
20234,100
20235,100
20236,100
20237,100
20238,100
20239,100
20240,100
20241,100
20242,100
20243,100
20244,100
20245,100
20246,100
20247,100
20248,100
20249,100
20250,100
20251,100
20252,0
20253,100
20254,0
20255,100
20256,0
20257,100
20258,0
20259,100
20260,0
20261,100
20262,0
20263,100
20264,0
20265,100
20266,0
20267,100
20268,100
20269,100
20270,100
20271,100
20272,100
20273,100
20274,100
20275,100
20276,100
20277,100
20278,100
20279,100
20280,100
20281,100
20282,100
20283,100
20284,100
20285,100
20286,100
20287,0
20288,100
20289,0
20290,100
20291,0
20292,100
20293,0
20294,100
20295,0
20296,100
20297,0
20298,100
20299,0
20300,100
20301,0
20302,100
20303,100
20304,100
20305,100
20306,100
20307,100
20308,100
20309,100
20310,100
20311,100
20312,100
20313,100
20314,100
20315,100
20316,100
20317,100
20318,100
20319,100
20320,100
20321,100
20322,0
20323,100
20324,0
20325,100
20326,0
20327,100
20328,0
20329,100
20330,0
20331,100
20332,0
20333,100
20334,0
20335,100
20336,0
20337,100
20338,100
20339,100
20340,100
20341,100
20342,100
20343,100
20344,100
20345,100
20346,100
20347,100
20348,100
20349,100
20350,100
20351,0
20352,100
20353,100
20354,100
20355,100
20356,100
20357,0
20358,100
20359,0
20360,100
20361,0
20362,100
20363,0
20364,100
20365,0
20366,100
20367,0
20368,100
20369,0
20370,100
20371,0
20372,100
20373,100
20374,100
20375,100
20376,100
20377,100
20378,100
20379,100
20380,100
20381,100
20382,100
20383,100
20384,100
20385,100
20386,0
20387,100
20388,0
20389,100
20390,100
20391,100
20392,0
20393,100
20394,0
20395,100
20396,0
20397,100
20398,0
20399,100
20400,0
20401,100
20402,0
20403,100
20404,0
20405,100
20406,0
20407,100
20408,100
20409,100
20410,100
20411,100
20412,100
20413,100
20414,100
20415,100
20416,100
20417,100
20418,100
20419,100
20420,100
20421,100
20422,100
20423,0
20424,100
20425,100
20426,100
20427,0
20428,100
20429,0
20430,100
20431,0
20432,100
20433,0
20434,100
20435,0
20436,100
20437,0
20438,100
20439,0
20440,100
20441,0
20442,100
20443,100
20444,100
20445,100
20446,100
20447,100
20448,100
20449,100
20450,100
20451,100
20452,100
20453,100
20454,100
20455,100
20456,100
20457,100
20458,0
20459,100
20460,0
20461,100
20462,100
20463,100
20464,0
20465,100
20466,0
20467,100
20468,0
20469,100
20470,0
20471,100
20472,0
20473,100
20474,0
20475,100
20476,0
20477,100
20478,0
20479,100
20480,100
20481,100
20482,100
20483,100
20484,100
20485,100
20486,100
20487,100
20488,100
20489,100
20490,100
20491,100
20492,100
20493,0
20494,100
20495,0
20496,100
20497,0
20498,100
20499,0
20500,100
20501,0
20502,100
20503,0
20504,100
20505,0
20506,100
20507,0
20508,100
20509,0
20510,100
20511,0
20512,100
20513,0
20514,100
20515,100
20516,100
20517,100
20518,100
20519,100
20520,100
20521,100
20522,100
20523,100
20524,100
20525,100
20526,100
20527,100
20528,0
20529,100
20530,0
20531,100
20532,0
20533,100
20534,0
20535,100
20536,0
20537,100
20538,0
20539,100
20540,0
20541,100
20542,0
20543,100
20544,0
20545,100
20546,0
20547,100
20548,0
20549,100
20550,100
20551,100
20552,100
20553,100
20554,100
20555,100
20556,100
20557,100
20558,100
20559,100
20560,100
20561,100
20562,100
20563,0
20564,100
20565,0
20566,100
20567,0
20568,100
20569,0
20570,100
20571,0
20572,100
20573,0
20574,100
20575,0
20576,100
20577,0
20578,100
20579,0
20580,100
20581,0
20582,100
20583,0
20584,100
20585,100
20586,100
20587,100
20588,100
20589,100
20590,100
20591,100
20592,100
20593,100
20594,100
20595,100
20596,100
20597,100
20598,0
20599,100
20600,0
20601,100
20602,0
20603,100
20604,0
20605,100
20606,0
20607,100
20608,0
20609,100
20610,0
20611,100
20612,0
20613,100
20614,0
20615,100
20616,0
20617,100
20618,0
20619,100
20620,100
20621,100
20622,100
20623,100
20624,100
20625,100
20626,100
20627,100
20628,100
20629,100
20630,100
20631,100
20632,100
20633,100
20634,100
20635,0
20636,100
20637,0
20638,100
20639,0
20640,100
20641,0
20642,100
20643,0
20644,100
20645,0
20646,100
20647,0
20648,100
20649,0
20650,100
20651,0
20652,100
20653,0
20654,100
20655,100
20656,100
20657,100
20658,100
20659,100
20660,100
20661,100
20662,100
20663,100
20664,100
20665,100
20666,100
20667,100
20668,0
20669,100
20670,0
20671,100
20672,0
20673,100
20674,0
20675,100
20676,0
20677,100
20678,0
20679,100
20680,0
20681,100
20682,0
20683,100
20684,0
20685,100
20686,0
20687,100
20688,0
20689,100
20690,100
20691,100
20692,100
20693,100
20694,100
20695,100
20696,0
20697,100
20698,100
20699,0
20700,200
20701,100
20702,100
20703,100
20704,100
20705,100
20706,100
20707,100
20708,0
20709,100
20710,0
20711,100
20712,100
20713,100
20714,0
20715,100
20716,100
20717,100
20718,0
20719,100
20720,100
20721,100
20722,100
20723,100
20724,100
20725,0
20726,100
20727,100
20728,100
20729,100
20730,100
20731,0
20732,100
20733,100
20734,0
20735,100
20736,100
20737,100
20738,100
20739,0
20740,100
20741,100
20742,0
20743,100
20744,100
20745,0
20746,100
20747,100
20748,100
20749,100
20750,0
20751,100
20752,0
20753,100
20754,0
20755,100
20756,100
20757,100
20758,100
20759,100
20760,100
20761,100
20762,100
20763,100
20764,100
20765,100
20766,100
20767,100
20768,100
20769,0
20770,100
20771,0
20772,100
20773,0
20774,100
20775,0
20776,100
20777,0
20778,100
20779,0
20780,100
20781,0
20782,100
20783,0
20784,100
20785,0
20786,100
20787,0
20788,100
20789,0
20790,100
20791,100
20792,100
20793,100
20794,100
20795,100
20796,100
20797,100
20798,100
20799,100
20800,100
20801,100
20802,100
20803,100
20804,0
20805,100
20806,0
20807,100
20808,0
20809,100
20810,0
20811,100
20812,0
20813,100
20814,0
20815,100
20816,0
20817,100
20818,0
20819,100
20820,0
20821,100
20822,0
20823,100
20824,0
20825,100
20826,100
20827,100
20828,100
20829,100
20830,100
20831,100
20832,100
20833,100
20834,100
20835,100
20836,100
20837,100
20838,100
20839,0
20840,100
20841,0
20842,100
20843,0
20844,100
20845,0
20846,100
20847,0
20848,100
20849,0
20850,100
20851,0
20852,100
20853,0
20854,100
20855,0
20856,100
20857,0
20858,100
20859,0
20860,100
20861,100
20862,100
20863,100
20864,100
20865,100
20866,100
20867,100
20868,100
20869,100
20870,100
20871,100
20872,100
20873,100
20874,0
20875,100
20876,0
20877,100
20878,0
20879,100
20880,0
20881,100
20882,0
20883,100
20884,0
20885,100
20886,0
20887,100
20888,0
20889,100
20890,0
20891,100
20892,0
20893,100
20894,0
20895,100
20896,100
20897,100
20898,100
20899,100
20900,100
20901,100
20902,100
20903,100
20904,100
20905,100
20906,100
20907,100
20908,100
20909,100
20910,100
20911,0
20912,100
20913,0
20914,100
20915,0
20916,100
20917,0
20918,100
20919,0
20920,100
20921,0
20922,100
20923,0
20924,100
20925,0
20926,100
20927,0
20928,100
20929,0
20930,100
20931,100
20932,100
20933,100
20934,100
20935,100
20936,100
20937,100
20938,100
20939,100
20940,100
20941,100
20942,100
20943,100
20944,100
20945,100
20946,0
20947,100
20948,0
20949,100
20950,0
20951,100
20952,0
20953,100
20954,0
20955,100
20956,0
20957,100
20958,0
20959,100
20960,0
20961,100
20962,0
20963,100
20964,0
20965,100
20966,0
20967,100
20968,100
20969,100
20970,100
20971,100
20972,100
20973,100
20974,100
20975,100
20976,100
20977,100
20978,100
20979,100
20980,100
20981,0
20982,100
20983,0
20984,100
20985,0
20986,100
20987,0
20988,100
20989,0
20990,100
20991,0
20992,100
20993,0
20994,100
20995,0
20996,100
20997,0
20998,100
20999,0
21000,100
21001,0
21002,100
21003,100
21004,100
21005,100
21006,100
21007,100
21008,100
21009,100
21010,100
21011,100
21012,100
21013,100
21014,100
21015,100
21016,0
21017,100
21018,0
21019,100
21020,0
21021,100
21022,0
21023,100
21024,0
21025,100
21026,0
21027,100
21028,0
21029,100
21030,0
21031,100
21032,0
21033,100
21034,0
21035,100
21036,0
21037,100
21038,100
21039,100
21040,100
21041,100
21042,100
21043,100
21044,100
21045,100
21046,100
21047,100
21048,100
21049,100
21050,100
21051,0
21052,100
21053,0
21054,100
21055,0
21056,100
21057,0
21058,100
21059,0
21060,100
21061,0
21062,100
21063,0
21064,100
21065,0
21066,100
21067,100
21068,100
21069,0
21070,100
21071,0
21072,100
21073,100
21074,100
21075,100
21076,100
21077,100
21078,100
21079,100
21080,100
21081,100
21082,100
21083,100
21084,100
21085,100
21086,0
21087,100
21088,0
21089,100
21090,0
21091,100
21092,0
21093,100
21094,0
21095,100
21096,0
21097,100
21098,0
21099,100
21100,0
21101,100
21102,100
21103,100
21104,100
21105,100
21106,0
21107,100
21108,100
21109,100
21110,100
21111,100
21112,100
21113,100
21114,100
21115,100
21116,100
21117,100
21118,100
21119,100
21120,100
21121,0
21122,100
21123,0
21124,100
21125,0
21126,100
21127,0
21128,100
21129,0
21130,100
21131,0
21132,100
21133,0
21134,100
21135,0
21136,100
21137,100
21138,100
21139,100
21140,100
21141,100
21142,100
21143,100
21144,100
21145,100
21146,100
21147,100
21148,100
21149,100
21150,100
21151,100
21152,100
21153,100
21154,100
21155,100
21156,0
21157,100
21158,0
21159,100
21160,0
21161,100
21162,0
21163,100
21164,0
21165,100
21166,0
21167,100
21168,0
21169,100
21170,0
21171,100
21172,100
21173,100
21174,100
21175,100
21176,100
21177,100
21178,0
21179,100
21180,100
21181,100
21182,100
21183,100
21184,100
21185,100
21186,100
21187,100
21188,100
21189,100
21190,100
21191,100
21192,100
21193,0
21194,100
21195,0
21196,100
21197,0
21198,100
21199,0
21200,100
21201,0
21202,100
21203,0
21204,100
21205,0
21206,100
21207,0
21208,100
21209,0
21210,100
21211,0
21212,100
21213,100
21214,100
21215,0
21216,100
21217,0
21218,100
21219,100
21220,100
21221,100
21222,100
21223,100
21224,100
21225,100
21226,100
21227,100
21228,100
21229,100
21230,100
21231,100
21232,100
21233,100
21234,0
21235,100
21236,0
21237,100
21238,0
21239,100
21240,0
21241,100
21242,0
21243,100
21244,0
21245,100
21246,0
21247,100
21248,100
21249,100
21250,100
21251,100
21252,0
21253,100
21254,100
21255,100
21256,100
21257,100
21258,100
21259,100
21260,100
21261,100
21262,100
21263,100
21264,100
21265,100
21266,100
21267,100
21268,100
21269,0
21270,100
21271,0
21272,100
21273,0
21274,100
21275,0
21276,100
21277,0
21278,100
21279,0
21280,100
21281,0
21282,100
21283,100
21284,100
21285,100
21286,100
21287,100
21288,100
21289,0
21290,100
21291,100
21292,100
21293,100
21294,100
21295,100
21296,100
21297,100
21298,100
21299,100
21300,100
21301,100
21302,100
21303,100
21304,0
21305,100
21306,0
21307,100
21308,0
21309,100
21310,0
21311,100
21312,0
21313,100
21314,0
21315,100
21316,0
21317,100
21318,0
21319,100
21320,100
21321,100
21322,100
21323,100
21324,100
21325,100
21326,100
21327,100
21328,100
21329,100
21330,100
21331,100
21332,100
21333,100
21334,100
21335,100
21336,100
21337,100
21338,100
21339,0
21340,100
21341,0
21342,100
21343,0
21344,100
21345,0
21346,100
21347,0
21348,100
21349,0
21350,100
21351,0
21352,100
21353,0
21354,100
21355,100
21356,100
21357,100
21358,100
21359,100
21360,100
21361,100
21362,100
21363,100
21364,100
21365,100
21366,100
21367,100
21368,100
21369,100
21370,100
21371,100
21372,100
21373,100
21374,0
21375,100
21376,0
21377,100
21378,0
21379,100
21380,0
21381,100
21382,0
21383,100
21384,0
21385,100
21386,0
21387,100
21388,0
21389,100
21390,100
21391,100
21392,100
21393,100
21394,100
21395,100
21396,100
21397,100
21398,100
21399,100
21400,100
21401,100
21402,100
21403,100
21404,100
21405,100
21406,100
21407,100
21408,100
21409,0
21410,100
21411,0
21412,100
21413,0
21414,100
21415,0
21416,100
21417,0
21418,100
21419,0
21420,100
21421,0
21422,100
21423,0
21424,100
21425,100
21426,100
21427,100
21428,100
21429,100
21430,100
21431,100
21432,100
21433,100
21434,100
21435,100
21436,100
21437,100
21438,100
21439,100
21440,100
21441,100
21442,100
21443,100
21444,0
21445,100
21446,0
21447,100
21448,0
21449,100
21450,0
21451,100
21452,0
21453,100
21454,0
21455,100
21456,0
21457,100
21458,0
21459,100
21460,100
21461,100
21462,100
21463,100
21464,100
21465,100
21466,100
21467,100
21468,100
21469,100
21470,100
21471,100
21472,100
21473,100
21474,100
21475,100
21476,100
21477,100
21478,100
21479,0
21480,100
21481,0
21482,100
21483,0
21484,100
21485,0
21486,100
21487,0
21488,100
21489,0
21490,100
21491,0
21492,100
21493,0
21494,100
21495,100
21496,100
21497,100
21498,100
21499,100
21500,100
21501,100
21502,100
21503,100
21504,100
21505,100
21506,100
21507,100
21508,100
21509,100
21510,100
21511,100
21512,100
21513,100
21514,100
21515,100
21516,0
21517,100
21518,0
21519,100
21520,0
21521,100
21522,0
21523,100
21524,0
21525,100
21526,0
21527,100
21528,0
21529,100
21530,100
21531,100
21532,100
21533,100
21534,100
21535,100
21536,100
21537,100
21538,100
21539,100
21540,100
21541,100
21542,100
21543,100
21544,100
21545,100
21546,100
21547,100
21548,100
21549,100
21550,100
21551,0
21552,100
21553,0
21554,100
21555,0
21556,100
21557,0
21558,100
21559,0
21560,100
21561,0
21562,100
21563,0
21564,100
21565,0
21566,100
21567,100
21568,100
21569,100
21570,100
21571,100
21572,100
21573,100
21574,100
21575,100
21576,100
21577,100
21578,100
21579,100
21580,100
21581,100
21582,100
21583,100
21584,100
21585,100
21586,0
21587,100
21588,0
21589,100
21590,0
21591,100
21592,0
21593,100
21594,0
21595,100
21596,0
21597,100
21598,0
21599,100
21600,0
21601,100
21602,100
21603,100
21604,100
21605,100
21606,100
21607,100
21608,100
21609,100
21610,100
21611,100
21612,100
21613,100
21614,100
21615,0
21616,100
21617,100
21618,100
21619,100
21620,100
21621,0
21622,100
21623,0
21624,100
21625,0
21626,100
21627,0
21628,100
21629,0
21630,100
21631,0
21632,100
21633,0
21634,100
21635,100
21636,100
21637,100
21638,100
21639,100
21640,100
21641,100
21642,100
21643,100
21644,100
21645,100
21646,100
21647,100
21648,100
21649,100
21650,0
21651,100
21652,100
21653,100
21654,100
21655,100
21656,0
21657,100
21658,0
21659,100
21660,0
21661,100
21662,0
21663,100
21664,0
21665,100
21666,0
21667,100
21668,0
21669,100
21670,100
21671,100
21672,100
21673,100
21674,100
21675,100
21676,100
21677,100
21678,100
21679,100
21680,100
21681,100
21682,100
21683,100
21684,100
21685,0
21686,100
21687,0
21688,100
21689,100
21690,100
21691,0
21692,100
21693,0
21694,100
21695,0
21696,100
21697,0
21698,100
21699,0
21700,100
21701,0
21702,100
21703,0
21704,100
21705,0
21706,100
21707,100
21708,100
21709,100
21710,100
21711,100
21712,100
21713,100
21714,100
21715,100
21716,100
21717,100
21718,100
21719,100
21720,0
21721,100
21722,0
21723,100
21724,0
21725,100
21726,0
21727,100
21728,0
21729,100
21730,0
21731,100
21732,0
21733,100
21734,0
21735,100
21736,0
21737,100
21738,0
21739,100
21740,0
21741,100
21742,100
21743,100
21744,100
21745,100
21746,100
21747,100
21748,100
21749,100
21750,100
21751,100
21752,100
21753,100
21754,100
21755,0
21756,100
21757,0
21758,100
21759,0
21760,100
21761,0
21762,100
21763,0
21764,100
21765,0
21766,100
21767,0
21768,100
21769,0
21770,100
21771,0
21772,100
21773,0
21774,100
21775,0
21776,100
21777,100
21778,100
21779,100
21780,100
21781,100
21782,100
21783,100
21784,100
21785,100
21786,100
21787,100
21788,100
21789,100
21790,0
21791,100
21792,0
21793,100
21794,0
21795,100
21796,0
21797,100
21798,0
21799,100
21800,0
21801,100
21802,0
21803,100
21804,0
21805,100
21806,0
21807,100
21808,0
21809,100
21810,0
21811,100
21812,100
21813,100
21814,100
21815,100
21816,100
21817,100
21818,100
21819,100
21820,100
21821,100
21822,100
21823,100
21824,100
21825,0
21826,100
21827,0
21828,100
21829,0
21830,100
21831,0
21832,100
21833,0
21834,100
21835,0
21836,100
21837,0
21838,100
21839,0
21840,100
21841,0
21842,100
21843,0
21844,100
21845,0
21846,100
21847,100
21848,100
21849,100
21850,100
21851,100
21852,100
21853,100
21854,100
21855,100
21856,100
21857,100
21858,100
21859,100
21860,0
21861,100
21862,0
21863,100
21864,0
21865,100
21866,0
21867,100
21868,0
21869,100
21870,0
21871,100
21872,0
21873,100
21874,0
21875,100
21876,0
21877,100
21878,0
21879,100
21880,0
21881,100
21882,100
21883,100
21884,100
21885,100
21886,100
21887,100
21888,100
21889,100
21890,100
21891,100
21892,100
21893,100
21894,100
21895,100
21896,100
21897,0
21898,100
21899,0
21900,100
21901,0
21902,100
21903,0
21904,100
21905,0
21906,100
21907,0
21908,100
21909,0
21910,100
21911,0
21912,100
21913,0
21914,100
21915,0
21916,100
21917,0
21918,100
21919,100
21920,100
21921,100
21922,100
21923,100
21924,100
21925,100
21926,100
21927,100
21928,100
21929,100
21930,100
21931,100
21932,0
21933,100
21934,0
21935,100
21936,0
21937,100
21938,0
21939,100
21940,0
21941,100
21942,0
21943,100
21944,0
21945,100
21946,0
21947,100
21948,0
21949,100
21950,0
21951,100
21952,0
21953,100
21954,100
21955,100
21956,100
21957,100
21958,100
21959,100
21960,100
21961,100
21962,100
21963,100
21964,100
21965,100
21966,100
21967,0
21968,100
21969,0
21970,100
21971,0
21972,100
21973,0
21974,100
21975,0
21976,100
21977,0
21978,100
21979,0
21980,100
21981,0
21982,100
21983,0
21984,100
21985,0
21986,100
21987,0
21988,100
21989,100
21990,100
21991,100
21992,100
21993,100
21994,100
21995,100
21996,100
21997,100
21998,100
21999,100
22000,100
22001,100
22002,0
22003,100
22004,0
22005,100
22006,0
22007,100
22008,0
22009,100
22010,0
22011,100
22012,0
22013,100
22014,0
22015,100
22016,0
22017,100
22018,0
22019,100
22020,0
22021,100
22022,0
22023,100
22024,100
22025,100
22026,100
22027,100
22028,100
22029,100
22030,100
22031,100
22032,100
22033,100
22034,100
22035,100
22036,100
22037,0
22038,100
22039,0
22040,100
22041,0
22042,100
22043,0
22044,100
22045,0
22046,100
22047,0
22048,100
22049,0
22050,100
22051,0
22052,100
22053,100
22054,100
22055,0
22056,100
22057,0
22058,100
22059,100
22060,100
22061,100
22062,100
22063,100
22064,100
22065,100
22066,100
22067,100
22068,100
22069,100
22070,100
22071,100
22072,0
22073,100
22074,0
22075,100
22076,0
22077,100
22078,0
22079,100
22080,0
22081,100
22082,0
22083,100
22084,0
22085,100
22086,0
22087,100
22088,100
22089,100
22090,100
22091,100
22092,0
22093,100
22094,100
22095,100
22096,100
22097,100
22098,100
22099,100
22100,100
22101,100
22102,100
22103,100
22104,100
22105,100
22106,100
22107,100
22108,100
22109,0
22110,100
22111,0
22112,100
22113,0
22114,100
22115,0
22116,100
22117,0
22118,100
22119,0
22120,100
22121,0
22122,100
22123,0
22124,100
22125,100
22126,100
22127,0
22128,100
22129,100
22130,100
22131,100
22132,100
22133,100
22134,100
22135,100
22136,100
22137,100
22138,100
22139,100
22140,100
22141,100
22142,100
22143,100
22144,0
22145,100
22146,0
22147,100
22148,0
22149,100
22150,0
22151,100
22152,0
22153,100
22154,0
22155,100
22156,0
22157,100
22158,100
22159,100
22160,100
22161,100
22162,100
22163,100
22164,0
22165,100
22166,100
22167,100
22168,100
22169,100
22170,100
22171,100
22172,100
22173,100
22174,100
22175,100
22176,100
22177,100
22178,100
22179,0
22180,100
22181,0
22182,100
22183,0
22184,100
22185,0
22186,100
22187,0
22188,100
22189,0
22190,100
22191,0
22192,100
22193,0
22194,100
22195,100
22196,100
22197,100
22198,100
22199,100
22200,100
22201,100
22202,100
22203,100
22204,100
22205,100
22206,100
22207,100
22208,100
22209,100
22210,100
22211,100
22212,100
22213,100
22214,0
22215,100
22216,0
22217,100
22218,0
22219,100
22220,0
22221,100
22222,0
22223,100
22224,0
22225,100
22226,0
22227,100
22228,0
22229,100
22230,100
22231,100
22232,100
22233,100
22234,100
22235,100
22236,100
22237,100
22238,100
22239,100
22240,100
22241,100
22242,100
22243,100
22244,100
22245,100
22246,100
22247,100
22248,100
22249,0
22250,100
22251,0
22252,100
22253,0
22254,100
22255,0
22256,100
22257,0
22258,100
22259,0
22260,100
22261,0
22262,100
22263,0
22264,100
22265,100
22266,100
22267,100
22268,100
22269,100
22270,100
22271,100
22272,100
22273,100
22274,100
22275,100
22276,100
22277,100
22278,100
22279,100
22280,100
22281,100
22282,100
22283,100
22284,0
22285,100
22286,0
22287,100
22288,0
22289,100
22290,0
22291,100
22292,0
22293,100
22294,0
22295,100
22296,0
22297,100
22298,0
22299,100
22300,100
22301,100
22302,100
22303,100
22304,100
22305,100
22306,100
22307,100
22308,100
22309,100
22310,100
22311,100
22312,100
22313,100
22314,100
22315,100
22316,100
22317,100
22318,100
22319,0
22320,100
22321,0
22322,100
22323,0
22324,100
22325,0
22326,100
22327,0
22328,100
22329,0
22330,100
22331,0
22332,100
22333,0
22334,100
22335,100
22336,100
22337,100
22338,100
22339,100
22340,100
22341,100
22342,100
22343,100
22344,100
22345,100
22346,100
22347,100
22348,100
22349,100
22350,100
22351,100
22352,100
22353,100
22354,100
22355,100
22356,0
22357,100
22358,0
22359,100
22360,0
22361,100
22362,0
22363,100
22364,0
22365,100
22366,0
22367,100
22368,0
22369,100
22370,100
22371,100
22372,100
22373,100
22374,100
22375,100
22376,100
22377,100
22378,100
22379,100
22380,100
22381,100
22382,100
22383,100
22384,100
22385,100
22386,100
22387,100
22388,100
22389,100
22390,100
22391,0
22392,100
22393,0
22394,100
22395,0
22396,100
22397,0
22398,100
22399,0
22400,100
22401,0
22402,100
22403,0
22404,100
22405,100
22406,100
22407,100
22408,100
22409,100
22410,100
22411,100
22412,100
22413,100
22414,100
22415,100
22416,100
22417,100
22418,100
22419,100
22420,100
22421,100
22422,100
22423,100
22424,100
22425,100
22426,0
22427,100
22428,0
22429,100
22430,0
22431,100
22432,0
22433,100
22434,0
22435,100
22436,0
22437,100
22438,0
22439,100
22440,0
22441,100
22442,100
22443,100
22444,100
22445,100
22446,100
22447,100
22448,100
22449,100
22450,100
22451,100
22452,100
22453,100
22454,100
22455,100
22456,100
22457,100
22458,100
22459,100
22460,100
22461,0
22462,100
22463,0
22464,100
22465,0
22466,100
22467,0
22468,100
22469,0
22470,100
22471,0
22472,100
22473,0
22474,100
22475,0
22476,100
22477,100
22478,100
22479,100
22480,100
22481,100
22482,100
22483,100
22484,100
22485,100
22486,100
22487,100
22488,100
22489,100
22490,0
22491,100
22492,100
22493,100
22494,100
22495,100
22496,0
22497,100
22498,0
22499,100
22500,0
22501,100
22502,0
22503,100
22504,0
22505,100
22506,0
22507,100
22508,0
22509,100
22510,0
22511,100
22512,100
22513,100
22514,100
22515,100
22516,100
22517,100
22518,100
22519,100
22520,100
22521,100
22522,100
22523,100
22524,100
22525,0
22526,100
22527,0
22528,100
22529,100
22530,100
22531,0
22532,100
22533,0
22534,100
22535,0
22536,100
22537,0
22538,100
22539,0
22540,100
22541,0
22542,100
22543,0
22544,100
22545,0
22546,100
22547,100
22548,100
22549,100
22550,100
22551,100
22552,100
22553,100
22554,100
22555,100
22556,100
22557,100
22558,100
22559,100
22560,0
22561,100
22562,0
22563,100
22564,0
22565,100
22566,100
22567,100
22568,0
22569,100
22570,0
22571,100
22572,0
22573,100
22574,0
22575,100
22576,0
22577,100
22578,0
22579,100
22580,0
22581,100
22582,100
22583,100
22584,100
22585,100
22586,100
22587,100
22588,100
22589,100
22590,100
22591,100
22592,100
22593,100
22594,100
22595,100
22596,100
22597,0
22598,100
22599,0
22600,100
22601,0
22602,100
22603,0
22604,100
22605,0
22606,100
22607,0
22608,100
22609,0
22610,100
22611,0
22612,100
22613,0
22614,100
22615,0
22616,100
22617,100
22618,100
22619,100
22620,100
22621,100
22622,100
22623,100
22624,100
22625,100
22626,100
22627,100
22628,100
22629,100
22630,100
22631,100
22632,0
22633,100
22634,0
22635,100
22636,0
22637,100
22638,0
22639,100
22640,0
22641,100
22642,0
22643,100
22644,0
22645,100
22646,0
22647,100
22648,0
22649,100
22650,0
22651,100
22652,0
22653,100
22654,100
22655,100
22656,100
22657,100
22658,100
22659,100
22660,100
22661,100
22662,100
22663,100
22664,100
22665,100
22666,100
22667,0
22668,100
22669,0
22670,100
22671,0
22672,100
22673,0
22674,100
22675,0
22676,100
22677,0
22678,100
22679,0
22680,100
22681,0
22682,100
22683,0
22684,100
22685,0
22686,100
22687,0
22688,100
22689,100
22690,100
22691,100
22692,100
22693,100
22694,100
22695,100
22696,100
22697,100
22698,100
22699,100
22700,100
22701,100
22702,0
22703,100
22704,0
22705,100
22706,0
22707,100
22708,0
22709,100
22710,0
22711,100
22712,0
22713,100
22714,0
22715,100
22716,0
22717,100
22718,0
22719,100
22720,0
22721,100
22722,0
22723,100
22724,100
22725,100
22726,100
22727,100
22728,100
22729,100
22730,100
22731,100
22732,100
22733,100
22734,100
22735,100
22736,100
22737,0
22738,100
22739,0
22740,100
22741,0
22742,100
22743,0
22744,100
22745,0
22746,100
22747,0
22748,100
22749,0
22750,100
22751,0
22752,100
22753,0
22754,100
22755,0
22756,100
22757,0
22758,100
22759,100
22760,100
22761,100
22762,100
22763,100
22764,100
22765,100
22766,100
22767,100
22768,100
22769,100
22770,100
22771,100
22772,0
22773,100
22774,0
22775,100
22776,0
22777,100
22778,0
22779,100
22780,0
22781,100
22782,0
22783,100
22784,0
22785,100
22786,0
22787,100
22788,0
22789,100
22790,0
22791,100
22792,0
22793,100
22794,100
22795,100
22796,100
22797,100
22798,100
22799,100
22800,100
22801,100
22802,100
22803,100
22804,100
22805,100
22806,100
22807,0
22808,100
22809,0
22810,100
22811,0
22812,100
22813,0
22814,100
22815,0
22816,100
22817,0
22818,100
22819,0
22820,100
22821,0
22822,100
22823,0
22824,100
22825,0
22826,100
22827,0
22828,100
22829,100
22830,100
22831,100
22832,100
22833,100
22834,100
22835,100
22836,100
22837,100
22838,100
22839,100
22840,100
22841,100
22842,100
22843,100
22844,0
22845,100
22846,0
22847,100
22848,0
22849,100
22850,0
22851,100
22852,0
22853,100
22854,0
22855,100
22856,0
22857,100
22858,0
22859,100
22860,0
22861,100
22862,0
22863,100
22864,100
22865,100
22866,100
22867,100
22868,100
22869,100
22870,100
22871,100
22872,100
22873,100
22874,100
22875,100
22876,100
22877,100
22878,100
22879,0
22880,100
22881,0
22882,100
22883,0
22884,100
22885,0
22886,100
22887,0
22888,100
22889,0
22890,100
22891,0
22892,100
22893,100
22894,100
22895,0
22896,100
22897,0
22898,100
22899,0
22900,100
22901,100
22902,100
22903,100
22904,100
22905,100
22906,100
22907,100
22908,100
22909,100
22910,100
22911,100
22912,100
22913,100
22914,0
22915,100
22916,0
22917,100
22918,0
22919,100
22920,0
22921,100
22922,0
22923,100
22924,0
22925,100
22926,0
22927,100
22928,0
22929,100
22930,0
22931,100
22932,0
22933,100
22934,100
22935,100
22936,100
22937,100
22938,100
22939,100
22940,100
22941,100
22942,100
22943,100
22944,100
22945,100
22946,100
22947,100
22948,100
22949,0
22950,100
22951,0
22952,100
22953,0
22954,100
22955,0
22956,100
22957,0
22958,100
22959,0
22960,100
22961,0
22962,100
22963,0
22964,100
22965,100
22966,100
22967,0
22968,100
22969,0
22970,100
22971,100
22972,100
22973,100
22974,100
22975,100
22976,100
22977,100
22978,100
22979,100
22980,100
22981,100
22982,100
22983,100
22984,0
22985,100
22986,0
22987,100
22988,0
22989,100
22990,0
22991,100
22992,0
22993,100
22994,0
22995,100
22996,0
22997,100
22998,0
22999,100
23000,100
23001,100
23002,100
23003,100
23004,0
23005,100
23006,100
23007,100
23008,100
23009,100
23010,100
23011,100
23012,100
23013,100
23014,100
23015,100
23016,100
23017,100
23018,100
23019,0
23020,100
23021,0
23022,100
23023,0
23024,100
23025,0
23026,100
23027,0
23028,100
23029,0
23030,100
23031,0
23032,100
23033,0
23034,100
23035,100
23036,100
23037,100
23038,100
23039,100
23040,100
23041,100
23042,100
23043,100
23044,100
23045,100
23046,100
23047,100
23048,100
23049,100
23050,100
23051,100
23052,100
23053,100
23054,0
23055,100
23056,0
23057,100
23058,0
23059,100
23060,0
23061,100
23062,0
23063,100
23064,0
23065,100
23066,0
23067,100
23068,0
23069,100
23070,100
23071,100
23072,100
23073,100
23074,100
23075,100
23076,100
23077,100
23078,100
23079,100
23080,100
23081,100
23082,100
23083,100
23084,100
23085,100
23086,100
23087,100
23088,100
23089,0
23090,100
23091,0
23092,100
23093,0
23094,100
23095,0
23096,100
23097,0
23098,100
23099,0
23100,100
23101,0
23102,100
23103,0
23104,100
23105,100
23106,100
23107,100
23108,100
23109,100
23110,100
23111,100
23112,100
23113,100
23114,100
23115,100
23116,100
23117,100
23118,100
23119,100
23120,100
23121,100
23122,100
23123,100
23124,100
23125,100
23126,0
23127,100
23128,0
23129,100
23130,0
23131,100
23132,0
23133,100
23134,0
23135,100
23136,0
23137,100
23138,0
23139,100
23140,0
23141,100
23142,100
23143,100
23144,100
23145,100
23146,100
23147,100
23148,100
23149,100
23150,100
23151,100
23152,100
23153,100
23154,100
23155,100
23156,100
23157,100
23158,100
23159,100
23160,100
23161,0
23162,100
23163,0
23164,100
23165,0
23166,100
23167,0
23168,100
23169,0
23170,100
23171,0
23172,100
23173,0
23174,100
23175,0
23176,100
23177,100
23178,100
23179,100
23180,100
23181,100
23182,100
23183,100
23184,100
23185,100
23186,100
23187,100
23188,100
23189,100
23190,100
23191,100
23192,100
23193,100
23194,100
23195,100
23196,0
23197,100
23198,0
23199,100
23200,0
23201,100
23202,0
23203,100
23204,0
23205,100
23206,0
23207,100
23208,0
23209,100
23210,0
23211,100
23212,100
23213,100
23214,100
23215,100
23216,100
23217,100
23218,100
23219,100
23220,100
23221,100
23222,100
23223,100
23224,100
23225,100
23226,100
23227,100
23228,100
23229,100
23230,100
23231,0
23232,100
23233,0
23234,100
23235,0
23236,100
23237,0
23238,100
23239,0
23240,100
23241,0
23242,100
23243,0
23244,100
23245,0
23246,100
23247,100
23248,100
23249,100
23250,100
23251,100
23252,100
23253,100
23254,100
23255,100
23256,100
23257,100
23258,100
23259,100
23260,100
23261,100
23262,100
23263,100
23264,100
23265,100
23266,0
23267,100
23268,0
23269,100
23270,0
23271,100
23272,0
23273,100
23274,0
23275,100
23276,0
23277,100
23278,0
23279,100
23280,0
23281,100
23282,100
23283,100
23284,100
23285,100
23286,100
23287,100
23288,100
23289,100
23290,100
23291,100
23292,100
23293,100
23294,100
23295,100
23296,100
23297,100
23298,100
23299,100
23300,100
23301,0
23302,100
23303,0
23304,100
23305,0
23306,100
23307,0
23308,100
23309,0
23310,100
23311,0
23312,100
23313,0
23314,100
23315,0
23316,100
23317,100
23318,100
23319,100
23320,100
23321,100
23322,100
23323,100
23324,100
23325,100
23326,100
23327,100
23328,100
23329,100
23330,100
23331,100
23332,100
23333,100
23334,100
23335,100
23336,0
23337,100
23338,0
23339,100
23340,0
23341,100
23342,0
23343,100
23344,0
23345,100
23346,0
23347,100
23348,0
23349,100
23350,0
23351,100
23352,100
23353,100
23354,100
23355,100
23356,100
23357,100
23358,100
23359,100
23360,100
23361,100
23362,100
23363,100
23364,100
23365,100
23366,100
23367,0
23368,100
23369,100
23370,100
23371,100
23372,100
23373,0
23374,100
23375,0
23376,100
23377,0
23378,100
23379,0
23380,100
23381,0
23382,100
23383,0
23384,100
23385,0
23386,100
23387,0
23388,100
23389,100
23390,100
23391,100
23392,100
23393,100
23394,100
23395,100
23396,100
23397,100
23398,100
23399,100
23400,100
23401,100
23402,0
23403,100
23404,0
23405,100
23406,100
23407,100
23408,0
23409,100
23410,0
23411,100
23412,0
23413,100
23414,0
23415,100
23416,0
23417,100
23418,0
23419,100
23420,0
23421,100
23422,0
23423,100
23424,100
23425,100
23426,100
23427,100
23428,100
23429,100
23430,100
23431,100
23432,100
23433,100
23434,100
23435,100
23436,100
23437,0
23438,100
23439,0
23440,100
23441,100
23442,100
23443,0
23444,100
23445,0
23446,100
23447,0
23448,100
23449,0
23450,100
23451,0
23452,100
23453,0
23454,100
23455,0
23456,100
23457,0
23458,100
23459,100
23460,100
23461,100
23462,100
23463,100
23464,100
23465,100
23466,100
23467,100
23468,100
23469,100
23470,100
23471,100
23472,0
23473,100
23474,0
23475,100
23476,0
23477,100
23478,0
23479,100
23480,0
23481,100
23482,0
23483,100
23484,0
23485,100
23486,0
23487,100
23488,0
23489,100
23490,0
23491,100
23492,0
23493,100
23494,100
23495,100
23496,100
23497,100
23498,100
23499,100
23500,100
23501,100
23502,100
23503,100
23504,100
23505,100
23506,100
23507,0
23508,100
23509,0
23510,100
23511,0
23512,100
23513,0
23514,100
23515,0
23516,100
23517,0
23518,100
23519,0
23520,100
23521,0
23522,100
23523,0
23524,100
23525,0
23526,100
23527,0
23528,100
23529,100
23530,100
23531,100
23532,100
23533,100
23534,100
23535,100
23536,100
23537,100
23538,100
23539,100
23540,100
23541,100
23542,0
23543,100
23544,0
23545,100
23546,0
23547,100
23548,0
23549,100
23550,0
23551,100
23552,0
23553,100
23554,0
23555,100
23556,0
23557,100
23558,0
23559,100
23560,0
23561,100
23562,0
23563,100
23564,100
23565,100
23566,100
23567,100
23568,100
23569,100
23570,100
23571,100
23572,100
23573,100
23574,100
23575,100
23576,100
23577,0
23578,100
23579,0
23580,100
23581,0
23582,100
23583,0
23584,100
23585,0
23586,100
23587,0
23588,100
23589,0
23590,100
23591,0
23592,100
23593,0
23594,100
23595,0
23596,100
23597,0
23598,100
23599,0
23600,100
23601,100
23602,100
23603,100
23604,100
23605,100
23606,100
23607,100
23608,100
23609,100
23610,100
23611,100
23612,100
23613,100
23614,0
23615,100
23616,0
23617,100
23618,0
23619,100
23620,0
23621,100
23622,0
23623,100
23624,0
23625,100
23626,0
23627,100
23628,0
23629,100
23630,0
23631,100
23632,0
23633,100
23634,100
23635,100
23636,100
23637,100
23638,100
23639,100
23640,100
23641,100
23642,100
23643,100
23644,100
23645,100
23646,100
23647,100
23648,100
23649,0
23650,100
23651,0
23652,100
23653,0
23654,100
23655,0
23656,100
23657,0
23658,100
23659,0
23660,100
23661,0
23662,100
23663,0
23664,100
23665,0
23666,100
23667,0
23668,100
23669,0
23670,100
23671,100
23672,100
23673,100
23674,100
23675,100
23676,100
23677,100
23678,100
23679,100
23680,100
23681,100
23682,100
23683,100
23684,0
23685,100
23686,0
23687,100
23688,0
23689,100
23690,0
23691,100
23692,0
23693,100
23694,0
23695,100
23696,0
23697,100
23698,0
23699,100
23700,0
23701,100
23702,0
23703,100
23704,0
23705,100
23706,100
23707,100
23708,100
23709,100
23710,100
23711,100
23712,100
23713,100
23714,100
23715,100
23716,100
23717,100
23718,100
23719,0
23720,100
23721,0
23722,100
23723,0
23724,100
23725,0
23726,100
23727,0
23728,100
23729,0
23730,100
23731,0
23732,100
23733,0
23734,100
23735,0
23736,100
23737,0
23738,100
23739,0
23740,100
23741,100
23742,100
23743,100
23744,100
23745,100
23746,100
23747,100
23748,100
23749,100
23750,100
23751,100
23752,100
23753,100
23754,0
23755,100
23756,0
23757,100
23758,0
23759,100
23760,0
23761,100
23762,0
23763,100
23764,0
23765,100
23766,0
23767,100
23768,0
23769,100
23770,0
23771,100
23772,0
23773,100
23774,0
23775,100
23776,100
23777,100
23778,100
23779,100
23780,100
23781,100
23782,100
23783,100
23784,100
23785,100
23786,100
23787,100
23788,100
23789,0
23790,100
23791,0
23792,100
23793,0
23794,100
23795,0
23796,100
23797,0
23798,100
23799,0
23800,100
23801,0
23802,100
23803,0
23804,100
23805,100
23806,100
23807,0
23808,100
23809,0
23810,100
23811,100
23812,100
23813,100
23814,100
23815,100
23816,100
23817,100
23818,100
23819,100
23820,100
23821,100
23822,100
23823,100
23824,100
23825,100
23826,0
23827,100
23828,0
23829,100
23830,0
23831,100
23832,0
23833,100
23834,0
23835,100
23836,0
23837,100
23838,0
23839,100
23840,100
23841,100
23842,100
23843,100
23844,0
23845,100
23846,100
23847,100
23848,100
23849,100
23850,100
23851,100
23852,100
23853,100
23854,100
23855,100
23856,100
23857,100
23858,100
23859,0
23860,100
23861,0
23862,100
23863,0
23864,100
23865,0
23866,100
23867,0
23868,100
23869,0
23870,100
23871,0
23872,100
23873,0
23874,100
23875,100
23876,100
23877,100
23878,100
23879,100
23880,100
23881,100
23882,100
23883,100
23884,100
23885,100
23886,100
23887,100
23888,100
23889,100
23890,100
23891,100
23892,100
23893,100
23894,0
23895,100
23896,0
23897,100
23898,0
23899,100
23900,0
23901,100
23902,0
23903,100
23904,0
23905,100
23906,0
23907,100
23908,0
23909,100
23910,100
23911,100
23912,100
23913,100
23914,100
23915,100
23916,100
23917,100
23918,100
23919,100
23920,100
23921,100
23922,100
23923,100
23924,100
23925,100
23926,100
23927,100
23928,100
23929,0
23930,100
23931,0
23932,100
23933,0
23934,100
23935,0
23936,100
23937,0
23938,100
23939,0
23940,100
23941,0
23942,100
23943,0
23944,100
23945,100
23946,100
23947,100
23948,100
23949,100
23950,100
23951,100
23952,100
23953,100
23954,100
23955,100
23956,100
23957,100
23958,100
23959,100
23960,100
23961,100
23962,100
23963,100
23964,100
23965,100
23966,0
23967,100
23968,0
23969,100
23970,0
23971,100
23972,0
23973,100
23974,0
23975,100
23976,0
23977,100
23978,0
23979,100
23980,100
23981,100
23982,100
23983,100
23984,100
23985,100
23986,100
23987,100
23988,100
23989,100
23990,100
23991,100
23992,100
23993,100
23994,100
23995,100
23996,100
23997,100
23998,100
23999,100
24000,100
24001,0
24002,100
24003,0
24004,100
24005,0
24006,100
24007,0
24008,100
24009,0
24010,100
24011,0
24012,100
24013,0
24014,100
24015,0
24016,100
24017,100
24018,100
24019,100
24020,100
24021,100
24022,100
24023,100
24024,100
24025,100
24026,100
24027,100
24028,100
24029,100
24030,100
24031,100
24032,100
24033,100
24034,100
24035,100
24036,0
24037,100
24038,0
24039,100
24040,0
24041,100
24042,0
24043,100
24044,0
24045,100
24046,0
24047,100
24048,0
24049,100
24050,0
24051,100
24052,100
24053,100
24054,100
24055,100
24056,100
24057,100
24058,100
24059,100
24060,100
24061,100
24062,100
24063,100
24064,100
24065,100
24066,100
24067,100
24068,100
24069,100
24070,100
24071,0
24072,100
24073,0
24074,100
24075,0
24076,100
24077,0
24078,100
24079,0
24080,100
24081,0
24082,100
24083,0
24084,100
24085,0
24086,100
24087,100
24088,100
24089,100
24090,100
24091,100
24092,100
24093,100
24094,100
24095,100
24096,100
24097,100
24098,100
24099,100
24100,100
24101,100
24102,100
24103,100
24104,100
24105,100
24106,0
24107,100
24108,0
24109,100
24110,0
24111,100
24112,0
24113,100
24114,0
24115,100
24116,0
24117,100
24118,0
24119,100
24120,0
24121,100
24122,100
24123,100
24124,100
24125,100
24126,100
24127,100
24128,100
24129,100
24130,100
24131,100
24132,100
24133,100
24134,100
24135,100
24136,100
24137,100
24138,100
24139,100
24140,100
24141,0
24142,100
24143,0
24144,100
24145,0
24146,100
24147,0
24148,100
24149,0
24150,100
24151,0
24152,100
24153,0
24154,100
24155,0
24156,100
24157,100
24158,100
24159,100
24160,100
24161,100
24162,100
24163,100
24164,100
24165,100
24166,100
24167,100
24168,100
24169,100
24170,0
24171,100
24172,100
24173,100
24174,100
24175,100
24176,100
24177,100
24178,0
24179,100
24180,0
24181,100
24182,0
24183,100
24184,0
24185,100
24186,0
24187,100
24188,0
24189,100
24190,0
24191,100
24192,100
24193,100
24194,100
24195,100
24196,100
24197,100
24198,100
24199,100
24200,100
24201,100
24202,100
24203,100
24204,100
24205,100
24206,100
24207,0
24208,100
24209,100
24210,100
24211,0
24212,100
24213,0
24214,100
24215,0
24216,100
24217,0
24218,100
24219,0
24220,100
24221,0
24222,100
24223,0
24224,100
24225,0
24226,100
24227,100
24228,100
24229,100
24230,100
24231,100
24232,100
24233,100
24234,100
24235,100
24236,100
24237,100
24238,100
24239,100
24240,100
24241,100
24242,0
24243,100
24244,100
24245,100
24246,100
24247,100
24248,0
24249,100
24250,0
24251,100
24252,0
24253,100
24254,0
24255,100
24256,0
24257,100
24258,0
24259,100
24260,0
24261,100
24262,0
24263,100
24264,100
24265,100
24266,100
24267,100
24268,100
24269,100
24270,100
24271,100
24272,100
24273,100
24274,100
24275,100
24276,100
24277,0
24278,100
24279,0
24280,100
24281,100
24282,100
24283,0
24284,100
24285,0
24286,100
24287,0
24288,100
24289,0
24290,100
24291,0
24292,100
24293,0
24294,100
24295,0
24296,100
24297,0
24298,100
24299,100
24300,100
24301,100
24302,100
24303,100
24304,100
24305,100
24306,100
24307,100
24308,100
24309,100
24310,100
24311,100
24312,0
24313,100
24314,0
24315,100
24316,0
24317,100
24318,0
24319,100
24320,0
24321,100
24322,0
24323,100
24324,0
24325,100
24326,0
24327,100
24328,0
24329,100
24330,0
24331,100
24332,0
24333,100
24334,100
24335,100
24336,100
24337,100
24338,100
24339,100
24340,100
24341,100
24342,100
24343,100
24344,100
24345,100
24346,100
24347,0
24348,100
24349,0
24350,100
24351,0
24352,100
24353,0
24354,100
24355,0
24356,100
24357,0
24358,100
24359,0
24360,100
24361,0
24362,100
24363,0
24364,100
24365,0
24366,100
24367,0
24368,100
24369,100
24370,100
24371,100
24372,100
24373,100
24374,100
24375,100
24376,100
24377,100
24378,100
24379,100
24380,100
24381,100
24382,0
24383,100
24384,0
24385,100
24386,0
24387,100
24388,0
24389,100
24390,0
24391,100
24392,0
24393,100
24394,0
24395,100
24396,0
24397,100
24398,0
24399,100
24400,0
24401,100
24402,0
24403,100
24404,100
24405,100
24406,100
24407,100
24408,100
24409,100
24410,100
24411,100
24412,100
24413,100
24414,100
24415,100
24416,100
24417,0
24418,100
24419,0
24420,100
24421,0
24422,100
24423,0
24424,100
24425,0
24426,100
24427,0
24428,100
24429,0
24430,100
24431,0
24432,100
24433,0
24434,100
24435,0
24436,100
24437,0
24438,100
24439,100
24440,100
24441,100
24442,100
24443,100
24444,100
24445,100
24446,100
24447,100
24448,100
24449,100
24450,100
24451,100
24452,100
24453,100
24454,0
24455,100
24456,0
24457,100
24458,0
24459,100
24460,0
24461,100
24462,0
24463,100
24464,0
24465,100
24466,0
24467,100
24468,0
24469,100
24470,0
24471,100
24472,0
24473,100
24474,0
24475,100
24476,100
24477,100
24478,100
24479,100
24480,100
24481,100
24482,100
24483,100
24484,100
24485,100
24486,100
24487,100
24488,100
24489,0
24490,100
24491,0
24492,100
24493,0
24494,100
24495,0
24496,100
24497,0
24498,100
24499,0
24500,100
24501,0
24502,100
24503,0
24504,100
24505,0
24506,100
24507,0
24508,100
24509,0
24510,100
24511,100
24512,100
24513,100
24514,100
24515,100
24516,100
24517,100
24518,100
24519,100
24520,100
24521,100
24522,100
24523,100
24524,0
24525,100
24526,0
24527,100
24528,0
24529,100
24530,0
24531,100
24532,0
24533,100
24534,0
24535,100
24536,0
24537,100
24538,0
24539,100
24540,0
24541,100
24542,0
24543,100
24544,0
24545,100
24546,100
24547,100
24548,100
24549,100
24550,100
24551,100
24552,100
24553,100
24554,100
24555,100
24556,100
24557,100
24558,100
24559,0
24560,100
24561,0
24562,100
24563,0
24564,100
24565,0
24566,100
24567,0
24568,100
24569,0
24570,100
24571,0
24572,100
24573,0
24574,100
24575,0
24576,100
24577,0
24578,100
24579,0
24580,100
24581,100
24582,100
24583,100
24584,100
24585,100
24586,100
24587,100
24588,100
24589,100
24590,100
24591,100
24592,100
24593,100
24594,0
24595,100
24596,0
24597,100
24598,0
24599,100
24600,0
24601,100
24602,0
24603,100
24604,0
24605,100
24606,0
24607,100
24608,0
24609,100
24610,0
24611,100
24612,0
24613,100
24614,0
24615,100
24616,100
24617,100
24618,100
24619,100
24620,100
24621,100
24622,100
24623,100
24624,100
24625,100
24626,100
24627,100
24628,100
24629,0
24630,100
24631,0
24632,100
24633,0
24634,100
24635,0
24636,100
24637,0
24638,100
24639,0
24640,100
24641,0
24642,100
24643,0
24644,100
24645,100
24646,100
24647,0
24648,100
24649,0
24650,100
24651,100
24652,100
24653,100
24654,100
24655,100
24656,100
24657,100
24658,100
24659,100
24660,100
24661,100
24662,100
24663,100
24664,100
24665,100
24666,0
24667,100
24668,0
24669,100
24670,0
24671,100
24672,0
24673,100
24674,0
24675,100
24676,0
24677,100
24678,0
24679,100
24680,100
24681,100
24682,100
24683,100
24684,0
24685,100
24686,100
24687,100
24688,100
24689,100
24690,100
24691,100
24692,100
24693,100
24694,100
24695,100
24696,100
24697,100
24698,100
24699,100
24700,100
24701,0
24702,100
24703,0
24704,100
24705,0
24706,100
24707,0
24708,100
24709,0
24710,100
24711,0
24712,100
24713,0
24714,100
24715,100
24716,100
24717,100
24718,100
24719,0
24720,100
24721,0
24722,100
24723,100
24724,100
24725,100
24726,100
24727,100
24728,100
24729,100
24730,100
24731,100
24732,100
24733,100
24734,100
24735,100
24736,0
24737,100
24738,0
24739,100
24740,0
24741,100
24742,0
24743,100
24744,0
24745,100
24746,0
24747,100
24748,0
24749,100
24750,0
24751,100
24752,100
24753,100
24754,100
24755,100
24756,100
24757,100
24758,100
24759,100
24760,100
24761,100
24762,100
24763,100
24764,100
24765,100
24766,100
24767,100
24768,100
24769,100
24770,100
24771,0
24772,100
24773,0
24774,100
24775,0
24776,100
24777,0
24778,100
24779,0
24780,100
24781,0
24782,100
24783,0
24784,100
24785,0
24786,100
24787,100
24788,100
24789,100
24790,100
24791,100
24792,100
24793,100
24794,100
24795,100
24796,100
24797,100
24798,100
24799,100
24800,100
24801,100
24802,100
24803,100
24804,100
24805,100
24806,0
24807,100
24808,0
24809,100
24810,0
24811,100
24812,0
24813,100
24814,0
24815,100
24816,0
24817,100
24818,0
24819,100
24820,0
24821,100
24822,100
24823,100
24824,100
24825,100
24826,100
24827,100
24828,100
24829,100
24830,100
24831,100
24832,100
24833,100
24834,100
24835,100
24836,100
24837,100
24838,100
24839,100
24840,100
24841,0
24842,100
24843,0
24844,100
24845,0
24846,100
24847,0
24848,100
24849,0
24850,100
24851,0
24852,100
24853,0
24854,100
24855,0
24856,100
24857,100
24858,100
24859,100
24860,100
24861,100
24862,100
24863,100
24864,100
24865,100
24866,100
24867,100
24868,100
24869,100
24870,100
24871,100
24872,100
24873,100
24874,100
24875,100
24876,0
24877,100
24878,0
24879,100
24880,0
24881,100
24882,0
24883,100
24884,0
24885,100
24886,0
24887,100
24888,0
24889,100
24890,0
24891,100
24892,100
24893,100
24894,100
24895,100
24896,100
24897,100
24898,100
24899,100
24900,100
24901,100
24902,100
24903,100
24904,100
24905,100
24906,100
24907,100
24908,100
24909,100
24910,100
24911,0
24912,100
24913,0
24914,100
24915,0
24916,100
24917,0
24918,100
24919,0
24920,100
24921,0
24922,100
24923,0
24924,100
24925,0
24926,100
24927,100
24928,100
24929,100
24930,100
24931,100
24932,100
24933,100
24934,100
24935,100
24936,100
24937,100
24938,100
24939,100
24940,100
24941,100
24942,100
24943,100
24944,100
24945,100
24946,100
24947,100
24948,0
24949,100
24950,0
24951,100
24952,0
24953,100
24954,0
24955,100
24956,0
24957,100
24958,0
24959,100
24960,0
24961,100
24962,100
24963,100
24964,100
24965,100
24966,100
24967,100
24968,100
24969,100
24970,100
24971,100
24972,100
24973,100
24974,100
24975,100
24976,100
24977,100
24978,100
24979,100
24980,100
24981,100
24982,100
24983,0
24984,100
24985,0
24986,100
24987,0
24988,100
24989,0
24990,100
24991,0
24992,100
24993,0
24994,100
24995,0
24996,100
24997,0
24998,100
24999,100
25000,100
25001,100
25002,100
25003,100
25004,100
25005,100
25006,100
25007,100
25008,100
25009,100
25010,100
25011,100
25012,100
25013,100
25014,100
25015,100
25016,100
25017,100
25018,0
25019,100
25020,0
25021,100
25022,0
25023,100
25024,0
25025,100
25026,0
25027,100
25028,0
25029,100
25030,0
25031,100
25032,0
25033,100
25034,100
25035,100
25036,100
25037,100
25038,100
25039,100
25040,100
25041,100
25042,100
25043,100
25044,100
25045,100
25046,100
25047,100
25048,100
25049,100
25050,100
25051,100
25052,100
25053,0
25054,100
25055,0
25056,100
25057,0
25058,100
25059,0
25060,100
25061,0
25062,100
25063,0
25064,100
25065,0
25066,100
25067,0
25068,100
25069,100
25070,100
25071,100
25072,100
25073,100
25074,100
25075,100
25076,100
25077,100
25078,100
25079,100
25080,100
25081,100
25082,0
25083,100
25084,100
25085,100
25086,100
25087,100
25088,0
25089,100
25090,0
25091,100
25092,0
25093,100
25094,0
25095,100
25096,0
25097,100
25098,0
25099,100
25100,0
25101,100
25102,0
25103,100
25104,100
25105,100
25106,100
25107,100
25108,100
25109,100
25110,100
25111,100
25112,100
25113,100
25114,100
25115,100
25116,100
25117,0
25118,100
25119,0
25120,100
25121,100
25122,100
25123,0
25124,100
25125,0
25126,100
25127,0
25128,100
25129,0
25130,100
25131,0
25132,100
25133,0
25134,100
25135,0
25136,100
25137,0
25138,100
25139,100
25140,100
25141,100
25142,100
25143,100
25144,100
25145,100
25146,100
25147,100
25148,100
25149,100
25150,100
25151,100
25152,100
25153,100
25154,0
25155,100
25156,0
25157,100
25158,0
25159,100
25160,0
25161,100
25162,0
25163,100
25164,0
25165,100
25166,0
25167,100
25168,0
25169,100
25170,0
25171,100
25172,0
25173,100
25174,100
25175,100
25176,100
25177,100
25178,100
25179,100
25180,100
25181,100
25182,100
25183,100
25184,100
25185,100
25186,100
25187,0
25188,100
25189,0
25190,100
25191,0
25192,100
25193,100
25194,100
25195,0
25196,100
25197,0
25198,100
25199,0
25200,100
25201,0
25202,100
25203,0
25204,100
25205,0
25206,100
25207,0
25208,100
25209,0
25210,100
25211,100
25212,100
25213,100
25214,100
25215,100
25216,100
25217,100
25218,100
25219,100
25220,100
25221,100
25222,100
25223,100
25224,0
25225,100
25226,0
25227,100
25228,0
25229,100
25230,0
25231,100
25232,0
25233,100
25234,0
25235,100
25236,0
25237,100
25238,0
25239,100
25240,0
25241,100
25242,0
25243,100
25244,100
25245,100
25246,100
25247,100
25248,100
25249,100
25250,100
25251,100
25252,100
25253,100
25254,100
25255,100
25256,100
25257,100
25258,100
25259,0
25260,100
25261,0
25262,100
25263,0
25264,100
25265,0
25266,100
25267,0
25268,100
25269,0
25270,100
25271,0
25272,100
25273,0
25274,100
25275,0
25276,100
25277,0
25278,100
25279,0
25280,100
25281,100
25282,100
25283,100
25284,100
25285,100
25286,100
25287,100
25288,100
25289,100
25290,100
25291,100
25292,100
25293,100
25294,0
25295,100
25296,0
25297,100
25298,0
25299,100
25300,0
25301,100
25302,0
25303,100
25304,0
25305,100
25306,0
25307,100
25308,0
25309,100
25310,0
25311,100
25312,0
25313,100
25314,0
25315,100
25316,100
25317,100
25318,100
25319,100
25320,100
25321,100
25322,100
25323,100
25324,100
25325,100
25326,100
25327,100
25328,100
25329,0
25330,100
25331,0
25332,100
25333,0
25334,100
25335,0
25336,100
25337,0
25338,100
25339,0
25340,100
25341,0
25342,100
25343,0
25344,100
25345,0
25346,100
25347,0
25348,100
25349,0
25350,100
25351,100
25352,100
25353,100
25354,100
25355,100
25356,100
25357,100
25358,100
25359,100
25360,100
25361,100
25362,100
25363,100
25364,0
25365,100
25366,0
25367,100
25368,0
25369,100
25370,0
25371,100
25372,0
25373,100
25374,0
25375,100
25376,0
25377,100
25378,0
25379,100
25380,0
25381,100
25382,0
25383,100
25384,0
25385,100
25386,100
25387,100
25388,100
25389,100
25390,100
25391,100
25392,100
25393,100
25394,100
25395,100
25396,100
25397,100
25398,100
25399,0
25400,100
25401,0
25402,100
25403,0
25404,100
25405,0
25406,100
25407,0
25408,100
25409,0
25410,100
25411,0
25412,100
25413,0
25414,100
25415,0
25416,100
25417,0
25418,100
25419,0
25420,100
25421,100
25422,100
25423,100
25424,100
25425,100
25426,100
25427,100
25428,100
25429,100
25430,100
25431,100
25432,100
25433,100
25434,100
25435,100
25436,0
25437,100
25438,0
25439,100
25440,0
25441,100
25442,0
25443,100
25444,0
25445,100
25446,0
25447,100
25448,0
25449,100
25450,0
25451,100
25452,0
25453,100
25454,0
25455,100
25456,100
25457,100
25458,100
25459,100
25460,100
25461,100
25462,100
25463,100
25464,100
25465,100
25466,100
25467,100
25468,100
25469,100
25470,100
25471,0
25472,100
25473,0
25474,100
25475,0
25476,100
25477,0
25478,100
25479,0
25480,100
25481,0
25482,100
25483,0
25484,100
25485,0
25486,100
25487,0
25488,100
25489,0
25490,100
25491,100
25492,100
25493,100
25494,100
25495,100
25496,100
25497,100
25498,100
25499,100
25500,100
25501,100
25502,100
25503,100
25504,100
25505,100
25506,0
25507,100
25508,0
25509,100
25510,0
25511,100
25512,0
25513,100
25514,0
25515,100
25516,0
25517,100
25518,0
25519,100
25520,0
25521,100
25522,100
25523,100
25524,0
25525,100
25526,0
25527,100
25528,100
25529,100
25530,100
25531,100
25532,100
25533,100
25534,100
25535,100
25536,100
25537,100
25538,100
25539,100
25540,100
25541,0
25542,100
25543,0
25544,100
25545,0
25546,100
25547,0
25548,100
25549,0
25550,100
25551,0
25552,100
25553,0
25554,100
25555,0
25556,100
25557,100
25558,100
25559,0
25560,100
25561,0
25562,100
25563,100
25564,100
25565,100
25566,100
25567,100
25568,100
25569,100
25570,100
25571,100
25572,100
25573,100
25574,100
25575,100
25576,0
25577,100
25578,0
25579,100
25580,0
25581,100
25582,0
25583,100
25584,0
25585,100
25586,0
25587,100
25588,0
25589,100
25590,0
25591,100
25592,100
25593,100
25594,100
25595,100
25596,0
25597,100
25598,100
25599,100
25600,100
25601,100
25602,100
25603,100
25604,100
25605,100
25606,100
25607,100
25608,100
25609,100
25610,100
25611,0
25612,100
25613,0
25614,100
25615,0
25616,100
25617,0
25618,100
25619,0
25620,100
25621,0
25622,100
25623,0
25624,100
25625,0
25626,100
25627,100
25628,100
25629,100
25630,100
25631,100
25632,100
25633,100
25634,100
25635,100
25636,100
25637,100
25638,100
25639,100
25640,100
25641,100
25642,100
25643,100
25644,100
25645,100
25646,0
25647,100
25648,0
25649,100
25650,0
25651,100
25652,0
25653,100
25654,0
25655,100
25656,0
25657,100
25658,0
25659,100
25660,0
25661,100
25662,100
25663,100
25664,100
25665,100
25666,100
25667,100
25668,100
25669,100
25670,100
25671,100
25672,100
25673,100
25674,100
25675,100
25676,100
25677,100
25678,100
25679,100
25680,100
25681,100
25682,100
25683,0
25684,100
25685,0
25686,100
25687,0
25688,100
25689,0
25690,100
25691,0
25692,100
25693,0
25694,100
25695,0
25696,100
25697,0
25698,100
25699,100
25700,100
25701,100
25702,100
25703,100
25704,100
25705,100
25706,100
25707,100
25708,100
25709,100
25710,100
25711,100
25712,100
25713,100
25714,100
25715,100
25716,100
25717,100
25718,0
25719,100
25720,0
25721,100
25722,0
25723,100
25724,0
25725,100
25726,0
25727,100
25728,0
25729,100
25730,0
25731,100
25732,0
25733,100
25734,100
25735,100
25736,100
25737,100
25738,100
25739,100
25740,100
25741,100
25742,100
25743,100
25744,100
25745,100
25746,100
25747,100
25748,100
25749,100
25750,100
25751,100
25752,100
25753,0
25754,100
25755,0
25756,100
25757,0
25758,100
25759,0
25760,100
25761,0
25762,100
25763,0
25764,100
25765,0
25766,100
25767,0
25768,100
25769,100
25770,100
25771,100
25772,100
25773,100
25774,100
25775,100
25776,100
25777,100
25778,100
25779,100
25780,100
25781,100
25782,100
25783,100
25784,100
25785,100
25786,100
25787,100
25788,0
25789,100
25790,0
25791,100
25792,0
25793,100
25794,0
25795,100
25796,0
25797,100
25798,0
25799,100
25800,0
25801,100
25802,0
25803,100
25804,100
25805,100
25806,100
25807,100
25808,100
25809,100
25810,100
25811,100
25812,100
25813,100
25814,100
25815,100
25816,100
25817,100
25818,100
25819,100
25820,100
25821,100
25822,100
25823,0
25824,100
25825,0
25826,100
25827,0
25828,100
25829,0
25830,100
25831,0
25832,100
25833,0
25834,100
25835,0
25836,100
25837,0
25838,100
25839,100
25840,100
25841,100
25842,100
25843,100
25844,100
25845,100
25846,100
25847,100
25848,100
25849,100
25850,100
25851,100
25852,100
25853,100
25854,100
25855,100
25856,100
25857,100
25858,0
25859,100
25860,0
25861,100
25862,0
25863,100
25864,0
25865,100
25866,0
25867,100
25868,0
25869,100
25870,0
25871,100
25872,0
25873,100
25874,100
25875,100
25876,100
25877,100
25878,100
25879,100
25880,100
25881,100
25882,100
25883,100
25884,100
25885,100
25886,100
25887,100
25888,100
25889,100
25890,100
25891,100
25892,100
25893,0
25894,100
25895,0
25896,100
25897,0
25898,100
25899,0
25900,100
25901,0
25902,100
25903,0
25904,100
25905,0
25906,100
25907,0
25908,100
25909,100
25910,100
25911,100
25912,100
25913,100
25914,100
25915,100
25916,100
25917,100
25918,100
25919,100
25920,100
25921,100
25922,100
25923,100
25924,100
25925,100
25926,100
25927,100
25928,100
25929,100
25930,0
25931,100
25932,0
25933,100
25934,0
25935,100
25936,0
25937,100
25938,0
25939,100
25940,0
25941,100
25942,0
25943,100
25944,100
25945,100
25946,100
25947,100
25948,100
25949,100
25950,100
25951,100
25952,100
25953,100
25954,100
25955,100
25956,100
25957,100
25958,100
25959,0
25960,100
25961,100
25962,100
25963,100
25964,100
25965,0
25966,100
25967,0
25968,100
25969,0
25970,100
25971,0
25972,100
25973,0
25974,100
25975,0
25976,100
25977,0
25978,100
25979,0
25980,100
25981,100
25982,100
25983,100
25984,100
25985,100
25986,100
25987,100
25988,100
25989,100
25990,100
25991,100
25992,100
25993,100
25994,0
25995,100
25996,0
25997,100
25998,100
25999,100
26000,0
26001,100
26002,0
26003,100
26004,0
26005,100
26006,0
26007,100
26008,0
26009,100
26010,0
26011,100
26012,0
26013,100
26014,0
26015,100
26016,100
26017,100
26018,100
26019,100
26020,100
26021,100
26022,100
26023,100
26024,100
26025,100
26026,100
26027,100
26028,100
26029,0
26030,100
26031,0
26032,100
26033,100
26034,100
26035,0
26036,100
26037,0
26038,100
26039,0
26040,100
26041,0
26042,100
26043,0
26044,100
26045,0
26046,100
26047,0
26048,100
26049,0
26050,100
26051,100
26052,100
26053,100
26054,0
26055,100
26056,100
26057,100
26058,100
26059,100
26060,100
26061,100
26062,100
26063,100
26064,100
26065,100
26066,100
26067,100
26068,100
26069,0
26070,100
26071,0
26072,100
26073,0
26074,100
26075,0
26076,100
26077,0
26078,100
26079,0
26080,100
26081,0
26082,100
26083,0
26084,100
26085,0
26086,100
26087,0
26088,100
26089,0
26090,100
26091,100
26092,100
26093,100
26094,100
26095,100
26096,100
26097,100
26098,100
26099,100
26100,100
26101,100
26102,100
26103,100
26104,100
26105,100
26106,0
26107,100
26108,0
26109,100
26110,0
26111,100
26112,0
26113,100
26114,0
26115,100
26116,0
26117,100
26118,0
26119,100
26120,0
26121,100
26122,0
26123,100
26124,0
26125,100
26126,100
26127,100
26128,100
26129,100
26130,100
26131,100
26132,100
26133,100
26134,100
26135,100
26136,100
26137,100
26138,100
26139,100
26140,100
26141,0
26142,100
26143,0
26144,100
26145,0
26146,100
26147,0
26148,100
26149,0
26150,100
26151,0
26152,100
26153,0
26154,100
26155,0
26156,100
26157,0
26158,100
26159,0
26160,100
26161,100
26162,100
26163,100
26164,100
26165,100
26166,100
26167,100
26168,100
26169,100
26170,100
26171,100
26172,100
26173,100
26174,100
26175,100
26176,0
26177,100
26178,0
26179,100
26180,0
26181,100
26182,0
26183,100
26184,0
26185,100
26186,0
26187,100
26188,0
26189,100
26190,0
26191,100
26192,0
26193,100
26194,0
26195,100
26196,0
26197,100
26198,100
26199,100
26200,100
26201,100
26202,100
26203,100
26204,100
26205,100
26206,100
26207,100
26208,100
26209,100
26210,100
26211,0
26212,100
26213,0
26214,100
26215,0
26216,100
26217,0
26218,100
26219,0
26220,100
26221,0
26222,100
26223,0
26224,100
26225,0
26226,100
26227,0
26228,100
26229,0
26230,100
26231,0
26232,100
26233,100
26234,100
26235,100
26236,100
26237,100
26238,100
26239,100
26240,100
26241,100
26242,100
26243,100
26244,100
26245,100
26246,0
26247,100
26248,0
26249,100
26250,0
26251,100
26252,0
26253,100
26254,0
26255,100
26256,0
26257,100
26258,0
26259,100
26260,0
26261,100
26262,100
26263,100
26264,0
26265,100
26266,0
26267,100
26268,100
26269,100
26270,100
26271,100
26272,100
26273,100
26274,100
26275,100
26276,100
26277,100
26278,100
26279,100
26280,100
26281,0
26282,100
26283,0
26284,100
26285,0
26286,100
26287,0
26288,100
26289,0
26290,100
26291,0
26292,100
26293,0
26294,100
26295,0
26296,100
26297,100
26298,100
26299,0
26300,100
26301,0
26302,100
26303,100
26304,100
26305,100
26306,100
26307,100
26308,100
26309,100
26310,100
26311,100
26312,100
26313,100
26314,100
26315,100
26316,0
26317,100
26318,0
26319,100
26320,0
26321,100
26322,0
26323,100
26324,0
26325,100
26326,0
26327,100
26328,0
26329,100
26330,0
26331,100
26332,100
26333,100
26334,100
26335,100
26336,0
26337,100
26338,100
26339,100
26340,100
26341,100
26342,100
26343,100
26344,100
26345,100
26346,100
26347,100
26348,100
26349,100
26350,100
26351,100
26352,100
26353,0
26354,100
26355,0
26356,100
26357,0
26358,100
26359,0
26360,100
26361,0
26362,100
26363,0
26364,100
26365,0
26366,100
26367,0
26368,100
26369,100
26370,100
26371,100
26372,100
26373,100
26374,100
26375,100
26376,100
26377,100
26378,100
26379,100
26380,100
26381,100
26382,100
26383,100
26384,100
26385,100
26386,100
26387,100
26388,0
26389,100
26390,0
26391,100
26392,0
26393,100
26394,0
26395,100
26396,0
26397,100
26398,0
26399,100
26400,0
26401,100
26402,100
26403,100
26404,100
26405,100
26406,100
26407,100
26408,100
26409,100
26410,100
26411,100
26412,100
26413,100
26414,100
26415,100
26416,100
26417,100
26418,100
26419,100
26420,100
26421,100
26422,100
26423,0
26424,100
26425,0
26426,100
26427,0
26428,100
26429,0
26430,100
26431,0
26432,100
26433,0
26434,100
26435,0
26436,100
26437,0
26438,100
26439,100
26440,100
26441,100
26442,100
26443,100
26444,100
26445,100
26446,100
26447,100
26448,100
26449,100
26450,100
26451,100
26452,100
26453,100
26454,100
26455,100
26456,100
26457,100
26458,0
26459,100
26460,0
26461,100
26462,0
26463,100
26464,0
26465,100
26466,0
26467,100
26468,0
26469,100
26470,0
26471,100
26472,0
26473,100
26474,100
26475,100
26476,100
26477,100
26478,100
26479,100
26480,100
26481,100
26482,100
26483,100
26484,100
26485,100
26486,100
26487,100
26488,100
26489,100
26490,100
26491,100
26492,100
26493,0
26494,100
26495,0
26496,100
26497,0
26498,100
26499,0
26500,100
26501,0
26502,100
26503,0
26504,100
26505,0
26506,100
26507,0
26508,100
26509,100
26510,100
26511,100
26512,100
26513,100
26514,100
26515,100
26516,100
26517,100
26518,100
26519,100
26520,100
26521,100
26522,100
26523,100
26524,100
26525,100
26526,100
26527,100
26528,0
26529,100
26530,0
26531,100
26532,0
26533,100
26534,0
26535,100
26536,0
26537,100
26538,0
26539,100
26540,0
26541,100
26542,0
26543,100
26544,100
26545,100
26546,100
26547,100
26548,100
26549,100
26550,100
26551,100
26552,100
26553,100
26554,100
26555,100
26556,100
26557,100
26558,100
26559,100
26560,100
26561,100
26562,100
26563,0
26564,100
26565,0
26566,100
26567,0
26568,100
26569,0
26570,100
26571,0
26572,100
26573,0
26574,100
26575,0
26576,100
26577,0
26578,100
26579,100
26580,100
26581,100
26582,100
26583,100
26584,100
26585,100
26586,100
26587,100
26588,100
26589,100
26590,100
26591,100
26592,100
26593,100
26594,100
26595,100
26596,100
26597,100
26598,100
26599,100
26600,0
26601,100
26602,0
26603,100
26604,0
26605,100
26606,0
26607,100
26608,0
26609,100
26610,0
26611,100
26612,0
26613,100
26614,100
26615,100
26616,100
26617,100
26618,100
26619,100
26620,100
26621,100
26622,100
26623,100
26624,100
26625,100
26626,100
26627,100
26628,100
26629,100
26630,100
26631,100
26632,100
26633,100
26634,100
26635,0
26636,100
26637,0
26638,100
26639,0
26640,100
26641,0
26642,100
26643,0
26644,100
26645,0
26646,100
26647,0
26648,100
26649,100
26650,100
26651,100
26652,100
26653,100
26654,100
26655,100
26656,100
26657,100
26658,100
26659,100
26660,100
26661,100
26662,100
26663,100
26664,100
26665,100
26666,100
26667,100
26668,100
26669,100
26670,0
26671,100
26672,0
26673,100
26674,0
26675,100
26676,0
26677,100
26678,0
26679,100
26680,0
26681,100
26682,0
26683,100
26684,0
26685,100
26686,100
26687,100
26688,100
26689,100
26690,100
26691,100
26692,100
26693,100
26694,100
26695,100
26696,100
26697,100
26698,100
26699,0
26700,100
26701,100
26702,100
26703,100
26704,100
26705,0
26706,100
26707,0
26708,100
26709,0
26710,100
26711,0
26712,100
26713,0
26714,100
26715,0
26716,100
26717,0
26718,100
26719,0
26720,100
26721,100
26722,100
26723,100
26724,100
26725,100
26726,100
26727,100
26728,100
26729,100
26730,100
26731,100
26732,100
26733,100
26734,0
26735,100
26736,0
26737,100
26738,100
26739,100
26740,0
26741,100
26742,0
26743,100
26744,0
26745,100
26746,0
26747,100
26748,0
26749,100
26750,0
26751,100
26752,0
26753,100
26754,0
26755,100
26756,100
26757,100
26758,100
26759,100
26760,100
26761,100
26762,100
26763,100
26764,100
26765,100
26766,100
26767,100
26768,100
26769,0
26770,100
26771,0
26772,100
26773,100
26774,100
26775,0
26776,100
26777,0
26778,100
26779,0
26780,100
26781,0
26782,100
26783,0
26784,100
26785,0
26786,100
26787,0
26788,100
26789,0
26790,100
26791,100
26792,100
26793,100
26794,100
26795,100
26796,100
26797,100
26798,100
26799,100
26800,100
26801,100
26802,100
26803,100
26804,0
26805,100
26806,0
26807,100
26808,0
26809,100
26810,0
26811,100
26812,0
26813,100
26814,0
26815,100
26816,0
26817,100
26818,0
26819,100
26820,0
26821,100
26822,0
26823,100
26824,0
26825,100
26826,100
26827,100
26828,100
26829,100
26830,100
26831,100
26832,100
26833,100
26834,100
26835,100
26836,100
26837,100
26838,100
26839,100
26840,100
26841,0
26842,100
26843,0
26844,100
26845,0
26846,100
26847,0
26848,100
26849,0
26850,100
26851,0
26852,100
26853,0
26854,100
26855,0
26856,100
26857,0
26858,100
26859,0
26860,100
26861,100
26862,100
26863,100
26864,100
26865,100
26866,100
26867,100
26868,100
26869,100
26870,100
26871,100
26872,100
26873,100
26874,100
26875,100
26876,0
26877,100
26878,0
26879,100
26880,0
26881,100
26882,0
26883,100
26884,0
26885,100
26886,0
26887,100
26888,0
26889,100
26890,0
26891,100
26892,0
26893,100
26894,0
26895,100
26896,0
26897,100
26898,100
26899,100
26900,100
26901,100
26902,100
26903,100
26904,100
26905,100
26906,100
26907,100
26908,100
26909,100
26910,100
26911,0
26912,100
26913,0
26914,100
26915,0
26916,100
26917,0
26918,100
26919,0
26920,100
26921,0
26922,100
26923,0
26924,100
26925,0
26926,100
26927,0
26928,100
26929,0
26930,100
26931,0
26932,100
26933,100
26934,100
26935,100
26936,100
26937,100
26938,100
26939,100
26940,100
26941,100
26942,100
26943,100
26944,100
26945,100
26946,0
26947,100
26948,0
26949,100
26950,0
26951,100
26952,0
26953,100
26954,0
26955,100
26956,0
26957,100
26958,0
26959,100
26960,0
26961,100
26962,0
26963,100
26964,0
26965,100
26966,0
26967,100
26968,100
26969,100
26970,100
26971,100
26972,100
26973,100
26974,100
26975,100
26976,100
26977,100
26978,100
26979,100
26980,100
26981,0
26982,100
26983,0
26984,100
26985,0
26986,100
26987,0
26988,100
26989,0
26990,100
26991,0
26992,100
26993,0
26994,100
26995,0
26996,100
26997,0
26998,100
26999,0
27000,100
27001,0
27002,100
27003,100
27004,100
27005,100
27006,100
27007,100
27008,100
27009,100
27010,100
27011,100
27012,100
27013,100
27014,100
27015,100
27016,0
27017,100
27018,0
27019,100
27020,0
27021,100
27022,0
27023,100
27024,0
27025,100
27026,0
27027,100
27028,0
27029,100
27030,0
27031,100
27032,0
27033,100
27034,0
27035,100
27036,0
27037,100
27038,100
27039,100
27040,100
27041,100
27042,100
27043,100
27044,100
27045,100
27046,100
27047,100
27048,100
27049,100
27050,100
27051,0
27052,100
27053,0
27054,100
27055,0
27056,100
27057,0
27058,100
27059,0
27060,100
27061,0
27062,100
27063,0
27064,100
27065,0
27066,100
27067,0
27068,100
27069,0
27070,100
27071,0
27072,100
27073,100
27074,100
27075,100
27076,100
27077,100
27078,100
27079,100
27080,100
27081,100
27082,100
27083,100
27084,100
27085,100
27086,100
27087,100
27088,0
27089,100
27090,0
27091,100
27092,0
27093,100
27094,0
27095,100
27096,0
27097,100
27098,0
27099,100
27100,0
27101,100
27102,0
27103,100
27104,0
27105,100
27106,0
27107,100
27108,100
27109,100
27110,100
27111,100
27112,100
27113,100
27114,100
27115,100
27116,100
27117,100
27118,100
27119,100
27120,100
27121,100
27122,100
27123,0
27124,100
27125,0
27126,100
27127,0
27128,100
27129,0
27130,100
27131,0
27132,100
27133,0
27134,100
27135,0
27136,100
27137,0
27138,100
27139,0
27140,100
27141,0
27142,100
27143,0
27144,100
27145,100
27146,100
27147,100
27148,100
27149,100
27150,100
27151,100
27152,100
27153,100
27154,100
27155,100
27156,100
27157,100
27158,0
27159,100
27160,0
27161,100
27162,0
27163,100
27164,0
27165,100
27166,0
27167,100
27168,0
27169,100
27170,0
27171,100
27172,0
27173,100
27174,100
27175,100
27176,0
27177,100
27178,0
27179,100
27180,100
27181,100
27182,100
27183,100
27184,100
27185,100
27186,100
27187,100
27188,100
27189,100
27190,100
27191,100
27192,100
27193,0
27194,100
27195,0
27196,100
27197,0
27198,100
27199,0
27200,100
27201,0
27202,100
27203,0
27204,100
27205,0
27206,100
27207,0
27208,100
27209,100
27210,100
27211,100
27212,100
27213,0
27214,100
27215,100
27216,100
27217,100
27218,100
27219,100
27220,100
27221,100
27222,100
27223,100
27224,100
27225,100
27226,100
27227,100
27228,0
27229,100
27230,0
27231,100
27232,0
27233,100
27234,0
27235,100
27236,0
27237,100
27238,0
27239,100
27240,0
27241,100
27242,0
27243,100
27244,100
27245,100
27246,100
27247,100
27248,0
27249,100
27250,100
27251,100
27252,100
27253,100
27254,100
27255,100
27256,100
27257,100
27258,100
27259,100
27260,100
27261,100
27262,100
27263,0
27264,100
27265,0
27266,100
27267,0
27268,100
27269,0
27270,100
27271,0
27272,100
27273,0
27274,100
27275,0
27276,100
27277,0
27278,100
27279,100
27280,100
27281,100
27282,100
27283,100
27284,100
27285,100
27286,100
27287,100
27288,100
27289,100
27290,100
27291,100
27292,100
27293,100
27294,100
27295,100
27296,100
27297,100
27298,0
27299,100
27300,0
27301,100
27302,0
27303,100
27304,0
27305,100
27306,0
27307,100
27308,0
27309,100
27310,0
27311,100
27312,0
27313,100
27314,100
27315,100
27316,100
27317,100
27318,100
27319,100
27320,100
27321,100
27322,100
27323,100
27324,100
27325,100
27326,100
27327,100
27328,100
27329,100
27330,100
27331,100
27332,100
27333,0
27334,100
27335,0
27336,100
27337,0
27338,100
27339,0
27340,100
27341,0
27342,100
27343,0
27344,100
27345,0
27346,100
27347,0
27348,100
27349,100
27350,100
27351,100
27352,100
27353,100
27354,100
27355,100
27356,100
27357,100
27358,100
27359,100
27360,100
27361,100
27362,100
27363,100
27364,100
27365,100
27366,100
27367,100
27368,100
27369,100
27370,0
27371,100
27372,0
27373,100
27374,0
27375,100
27376,0
27377,100
27378,0
27379,400
27380,100
27381,100
27382,0
27383,100
27384,100
27385,100
27386,0
27387,100
27388,100
27389,100
27390,0
27391,100
27392,100
27393,100
27394,100
27395,100
27396,100
27397,100
27398,100
27399,0
27400,100
27401,100
27402,0
27403,100
27404,100
27405,100
27406,100
27407,100
27408,100
27409,100
27410,200
27411,100
27412,100
27413,200
27414,100
27415,200
27416,200
27417,100
27418,200
27419,100
27420,100
27421,100
27422,100
27423,100
27424,0
27425,100
27426,100
27427,100
27428,100
27429,100
27430,100
27431,0
27432,100
27433,100
27434,100
27435,0
27436,0
27437,100
27438,100
27439,100
27440,100
27441,100
27442,100
27443,100
27444,100
27445,100
27446,100
27447,0
27448,300
27449,100
27450,100
27451,100
27452,100
27453,100
27454,200
27455,100
27456,100
27457,100
27458,200
27459,100
27460,100
27461,100
27462,100
27463,300
27464,0
27465,100
27466,100
27467,300
27468,100
27469,100
27470,100
27471,0
27472,100
27473,100
27474,100
27475,200
27476,100
27477,200
27478,300
27479,100
27480,200
27481,0
27482,200
27483,200
27484,300
27485,100
27486,100
27487,200
27488,200
27489,100
27490,200
27491,100
27492,200
27493,0
27494,200
27495,200
27496,100
27497,100
27498,100
27499,100
27500,100
27501,100
27502,100
27503,0
27504,100
27505,100
27506,100
27507,100
27508,100
27509,100
27510,100
27511,100
27512,100
27513,0
27514,100
27515,100
27516,100
27517,100
27518,0
27519,100
27520,100
27521,100
27522,100
27523,100
27524,100
27525,300
27526,100
27527,100
27528,100
27529,100
27530,100
27531,100
27532,100
27533,100
27534,100
27535,100
27536,100
27537,100
27538,100
27539,100
27540,100
27541,100
27542,100
27543,100
27544,100
27545,100
27546,100
27547,0
27548,100
27549,100
27550,100
27551,0
27552,100
27553,100
27554,100
27555,100
27556,100
27557,100
27558,100
27559,0
27560,100
27561,100
27562,200
27563,200
27564,100
27565,100
27566,100
27567,100
27568,100
27569,100
27570,100
27571,100
27572,100
27573,100
27574,100
27575,100
27576,0
27577,100
27578,100
27579,100
27580,100
27581,200
27582,100
27583,100
27584,100
27585,200
27586,600
27587,100
27588,100
27589,100
27590,100
27591,100
27592,100
27593,0
27594,100
27595,100
27596,100
27597,200
27598,100
27599,300
27600,100
27601,100
27602,200
27603,0
27604,700
27605,100
27606,100
27607,200
27608,300
27609,100
27610,100
27611,100
27612,100
27613,100
27614,200
27615,100
27616,100
27617,100
27618,200
27619,200
27620,100
27621,100
27622,100
27623,100
27624,400
27625,100
27626,100
27627,100
27628,100
27629,100
27630,100
27631,100
27632,100
27633,100
27634,100
27635,100
27636,100
27637,100
27638,0
27639,200
27640,100
27641,100
27642,100
27643,100
27644,100
27645,100
27646,700
27647,100
27648,200
27649,0
27650,100
27651,100
27652,100
27653,100
27654,200
27655,100
27656,0
27657,100
27658,100
27659,400
27660,100
27661,100
27662,200
27663,100
27664,100
27665,500
27666,100
27667,200
27668,0
27669,100
27670,100
27671,0
27672,100
27673,100
27674,100
27675,100
27676,100
27677,0
27678,100
27679,100
27680,0
27681,100
27682,0
27683,100
27684,100
27685,100
27686,100
27687,0
27688,100
27689,100
27690,100
27691,0
27692,100
27693,500
27694,0
27695,100
27696,0
27697,100
27698,100
27699,0
27700,100
27701,100
27702,300
27703,100
27704,100
27705,100
27706,100
27707,2700
27708,0
27709,100
27710,100
27711,0
27712,100
27713,100
27714,100
27715,100
27716,0
27717,100
27718,100
27719,0
27720,100
27721,100
27722,100
27723,100
27724,100
27725,100
27726,100
27727,100
27728,100
27729,100
27730,100
27731,100
27732,200
27733,100
27734,100
27735,100
27736,100
27737,100
27738,0
27739,100
27740,100
27741,0
27742,100
27743,500
27744,100
27745,100
27746,0
27747,100
27748,500
27749,400
27750,500
27751,100
27752,100
27753,0
27754,100
27755,100
27756,0
27757,100
27758,100
27759,100
27760,100
27761,100
27762,100
27763,100
27764,100
27765,100
27766,100
27767,100
27768,100
27769,100
27770,100
27771,100
27772,0
27773,100
27774,100
27775,0
27776,100
27777,100
27778,0
27779,200
27780,2500
27781,100
27782,100
27783,0
27784,100
27785,100
27786,0
27787,100
27788,100
27789,100
27790,100
27791,0
27792,100
27793,100
27794,0
27795,100
27796,100
27797,0
27798,100
27799,100
27800,0
27801,100
27802,100
27803,100
27804,100
27805,0
27806,100
27807,200
27808,0
27809,100
27810,100
27811,100
27812,100
27813,100
27814,100
27815,100
27816,100
27817,100
27818,100
27819,0
27820,100
27821,100
27822,100
27823,100
27824,100
27825,100
27826,300
27827,100
27828,100
27829,100
27830,300
27831,100
27832,100
27833,100
27834,100
27835,100
27836,100
27837,0
27838,100
27839,100
27840,100
27841,100
27842,100
27843,400
27844,100
27845,100
27846,0
27847,100
27848,100
27849,100
27850,200
27851,100
27852,100
27853,100
27854,100
27855,0
27856,100
27857,100
27858,100
27859,100
27860,100
27861,100
27862,100
27863,0
27864,100
27865,100
27866,0
27867,100
27868,100
27869,100
27870,200
27871,200
27872,100
27873,100
27874,0
27875,100
27876,100
27877,0
27878,100
27879,100
27880,100
27881,100
27882,0
27883,400
27884,100
27885,0
27886,100
27887,100
27888,0
27889,100
27890,100
27891,100
27892,100
27893,100
27894,0
27895,100
27896,100
27897,100
27898,100
27899,100
27900,100
27901,0
27902,100
27903,100
27904,100
27905,100
27906,100
27907,100
27908,100
27909,100
27910,100
27911,100
27912,100
27913,100
27914,100
27915,100
27916,100
27917,100
27918,100
27919,100
27920,0
27921,100
27922,100
27923,0
27924,100
27925,100
27926,100
27927,100
27928,0
27929,100
27930,100
27931,0
27932,100
27933,100
27934,100
27935,0
27936,100
27937,100
27938,100
27939,100
27940,100
27941,100
27942,0
27943,100
27944,100
27945,0
27946,100
27947,100
27948,0
27949,100
27950,100
27951,100
27952,0
27953,100
27954,100
27955,0
27956,100
27957,100
27958,0
27959,100
27960,100
27961,100
27962,100
27963,100
27964,0
27965,100
27966,100
27967,100
27968,100
27969,100
27970,100
27971,100
27972,0
27973,100
27974,100
27975,0
27976,100
27977,100
27978,100
27979,100
27980,0
27981,100
27982,0
27983,100
27984,100
27985,100
27986,100
27987,100
27988,100
27989,100
27990,100
27991,100
27992,100
27993,100
27994,100
27995,100
27996,100
27997,0
27998,100
27999,0
28000,100
28001,0
28002,100
28003,0
28004,100
28005,0
28006,100
28007,0
28008,100
28009,0
28010,100
28011,0
28012,100
28013,0
28014,100
28015,0
28016,100
28017,0
28018,100
28019,100
28020,100
28021,100
28022,100
28023,100
28024,100
28025,100
28026,100
28027,100
28028,100
28029,100
28030,100
28031,100
28032,100
28033,100
28034,0
28035,100
28036,0
28037,100
28038,0
28039,100
28040,0
28041,100
28042,0
28043,100
28044,400
28045,100
28046,100
28047,100
28048,100
28049,100
28050,100
28051,100
28052,100
28053,100
28054,100
28055,100
28056,100
28057,100
28058,100
28059,0
28060,100
28061,100
28062,0
28063,100
28064,100
28065,0
28066,100
28067,100
28068,100
28069,100
28070,100
28071,100
28072,100
28073,100
28074,100
28075,100
28076,100
28077,100
28078,100
28079,200
28080,100
28081,100
28082,200
28083,100
28084,0
28085,100
28086,100
28087,100
28088,0
28089,100
28090,100
28091,100
28092,100
28093,100
28094,100
28095,0
28096,100
28097,100
28098,100
28099,0
28100,100
28101,100
28102,0
28103,100
28104,100
28105,100
28106,100
28107,0
28108,100
28109,100
28110,0
28111,100
28112,100
28113,100
28114,100
28115,100
28116,100
28117,100
28118,0
28119,100
28120,100
28121,0
28122,100
28123,0
28124,100
28125,100
28126,100
28127,100
28128,100
28129,100
28130,100
28131,100
28132,100
28133,100
28134,100
28135,100
28136,100
28137,100
28138,100
28139,100
28140,100
28141,100
28142,100
28143,100
28144,0
28145,100
28146,0
28147,100
28148,0
28149,100
28150,0
28151,100
28152,200
28153,100
28154,300
28155,100
28156,100
28157,100
28158,0
28159,100
28160,100
28161,100
28162,100
28163,100
28164,100
28165,100
28166,100
28167,100
28168,100
28169,0
28170,100
28171,200
28172,200
28173,100
28174,100
28175,100
28176,0
28177,100
28178,100
28179,0
28180,100
28181,100
28182,100
28183,0
28184,100
28185,100
28186,100
28187,100
28188,100
28189,0
28190,100
28191,100
28192,0
28193,100
28194,100
28195,0
28196,100
28197,100
28198,100
28199,100
28200,0
28201,100
28202,100
28203,0
28204,100
28205,100
28206,100
28207,100
28208,100
28209,100
28210,0
28211,100
28212,0
28213,100
28214,0
28215,100
28216,0
28217,100
28218,0
28219,100
28220,0
28221,100
28222,100
28223,100
28224,0
28225,100
28226,100
28227,100
28228,100
28229,100
28230,100
28231,100
28232,100
28233,100
28234,100
28235,100
28236,100
28237,100
28238,100
28239,100
28240,100
28241,0
28242,100
28243,0
28244,100
28245,0
28246,100
28247,0
28248,100
28249,0
28250,100
28251,0
28252,100
28253,0
28254,100
28255,0
28256,100
28257,100
28258,100
28259,100
28260,100
28261,0
28262,100
28263,100
28264,100
28265,100
28266,100
28267,100
28268,100
28269,100
28270,100
28271,100
28272,100
28273,100
28274,100
28275,100
28276,0
28277,100
28278,0
28279,100
28280,0
28281,100
28282,0
28283,100
28284,0
28285,100
28286,0
28287,100
28288,0
28289,100
28290,0
28291,100
28292,100
28293,100
28294,100
28295,100
28296,100
28297,100
28298,100
28299,100
28300,100
28301,100
28302,100
28303,100
28304,100
28305,100
28306,100
28307,100
28308,100
28309,100
28310,100
28311,0
28312,100
28313,0
28314,100
28315,0
28316,100
28317,0
28318,100
28319,0
28320,100
28321,0
28322,100
28323,0
28324,100
28325,0
28326,100
28327,100
28328,100
28329,100
28330,100
28331,100
28332,100
28333,100
28334,100
28335,100
28336,100
28337,100
28338,100
28339,100
28340,100
28341,100
28342,100
28343,100
28344,100
28345,100
28346,0
28347,100
28348,0
28349,100
28350,0
28351,100
28352,0
28353,100
28354,0
28355,100
28356,0
28357,100
28358,0
28359,100
28360,0
28361,100
28362,100
28363,100
28364,100
28365,100
28366,100
28367,100
28368,100
28369,100
28370,100
28371,100
28372,100
28373,100
28374,100
28375,100
28376,100
28377,100
28378,100
28379,100
28380,100
28381,0
28382,100
28383,0
28384,100
28385,0
28386,100
28387,0
28388,100
28389,0
28390,100
28391,0
28392,100
28393,0
28394,100
28395,0
28396,100
28397,100
28398,100
28399,100
28400,100
28401,100
28402,100
28403,100
28404,100
28405,100
28406,100
28407,100
28408,100
28409,100
28410,100
28411,100
28412,100
28413,100
28414,100
28415,100
28416,0
28417,100
28418,0
28419,100
28420,0
28421,100
28422,0
28423,100
28424,0
28425,100
28426,0
28427,100
28428,0
28429,100
28430,0
28431,100
28432,0
28433,100
28434,100
28435,100
28436,100
28437,100
28438,100
28439,100
28440,100
28441,100
28442,100
28443,100
28444,100
28445,100
28446,100
28447,100
28448,100
28449,100
28450,100
28451,100
28452,100
28453,0
28454,100
28455,0
28456,100
28457,0
28458,100
28459,0
28460,100
28461,0
28462,100
28463,0
28464,100
28465,0
28466,100
28467,100
28468,100
28469,100
28470,100
28471,100
28472,100
28473,100
28474,0
28475,100
28476,0
28477,100
28478,0
28479,100
28480,0
28481,100
28482,100
28483,100
28484,100
28485,100
28486,100
28487,100
28488,100
28489,100
28490,100
28491,100
28492,0
28493,100
28494,100
28495,100
28496,100
28497,200
28498,100
28499,100
28500,100
28501,100
28502,0
28503,100
28504,100
28505,100
28506,100
28507,100
28508,100
28509,100
28510,0
28511,100
28512,100
28513,0
28514,100
28515,100
28516,100
28517,100
28518,0
28519,100
28520,100
28521,0
28522,100
28523,100
28524,100
28525,100
28526,100
28527,100
28528,100
28529,0
28530,100
28531,100
28532,0
28533,200
28534,0
28535,100
28536,0
28537,100
28538,0
28539,100
28540,100
28541,100
28542,0
28543,100
28544,0
28545,100
28546,100
28547,100
28548,100
28549,100
28550,100
28551,100
28552,100
28553,100
28554,100
28555,100
28556,100
28557,100
28558,100
28559,0
28560,100
28561,0
28562,100
28563,0
28564,100
28565,0
28566,100
28567,0
28568,100
28569,0
28570,100
28571,0
28572,100
28573,0
28574,100
28575,100
28576,100
28577,0
28578,100
28579,0
28580,100
28581,100
28582,100
28583,100
28584,100
28585,100
28586,100
28587,100
28588,100
28589,100
28590,100
28591,100
28592,100
28593,100
28594,0
28595,100
28596,0
28597,100
28598,0
28599,100
28600,0
28601,100
28602,0
28603,100
28604,0
28605,100
28606,0
28607,100
28608,0
28609,100
28610,100
28611,100
28612,100
28613,100
28614,0
28615,100
28616,100
28617,100
28618,100
28619,100
28620,100
28621,100
28622,100
28623,100
28624,100
28625,100
28626,100
28627,100
28628,100
28629,100
28630,100
28631,0
28632,100
28633,0
28634,100
28635,0
28636,100
28637,0
28638,100
28639,0
28640,100
28641,0
28642,100
28643,0
28644,100
28645,100
28646,100
28647,100
28648,100
28649,100
28650,100
28651,100
28652,100
28653,100
28654,100
28655,100
28656,100
28657,100
28658,100
28659,100
28660,100
28661,100
28662,100
28663,100
28664,100
28665,100
28666,0
28667,100
28668,0
28669,100
28670,0
28671,100
28672,0
28673,100
28674,0
28675,100
28676,0
28677,100
28678,0
28679,100
28680,100
28681,100
28682,100
28683,100
28684,100
28685,100
28686,100
28687,100
28688,100
28689,100
28690,100
28691,100
28692,100
28693,100
28694,100
28695,100
28696,100
28697,100
28698,100
28699,100
28700,100
28701,0
28702,100
28703,0
28704,100
28705,0
28706,100
28707,0
28708,100
28709,0
28710,100
28711,0
28712,100
28713,0
28714,100
28715,0
28716,100
28717,100
28718,100
28719,100
28720,100
28721,100
28722,100
28723,100
28724,100
28725,100
28726,100
28727,100
28728,100
28729,100
28730,100
28731,100
28732,100
28733,100
28734,100
28735,100
28736,0
28737,100
28738,0
28739,100
28740,0
28741,100
28742,0
28743,100
28744,0
28745,100
28746,0
28747,100
28748,0
28749,100
28750,0
28751,100
28752,100
28753,100
28754,100
28755,100
28756,100
28757,100
28758,100
28759,100
28760,100
28761,100
28762,100
28763,100
28764,100
28765,12900
28766,100
28767,100
28768,100
28769,100
28770,100
28771,100
28772,100
28773,100
28774,100
28775,100
28776,100
28777,100
28778,100
28779,100
28780,100
28781,0
28782,100
28783,100
28784,100
28785,100
28786,100
28787,0
28788,100
28789,0
28790,100
28791,0
28792,100
28793,0
28794,100
28795,0
28796,100
28797,0
28798,100
28799,0
28800,100
28801,100
28802,100
28803,100
28804,100
28805,100
28806,100
28807,100
28808,100
28809,100
28810,100
28811,100
28812,100
28813,100
28814,0
28815,100
28816,100
28817,100
28818,100
28819,100
28820,100
28821,100
28822,100
28823,100
28824,100
28825,100
28826,0
28827,100
28828,0
28829,100
28830,0
28831,100
28832,0
28833,100
28834,0
28835,100
28836,0
28837,100
28838,0
28839,100
28840,100
28841,100
28842,100
28843,100
28844,100
28845,100
28846,100
28847,100
28848,100
28849,100
28850,100
28851,100
28852,100
28853,100
28854,100
28855,100
28856,100
28857,100
28858,100
28859,100
28860,100
28861,0
28862,100
28863,0
28864,100
28865,0
28866,100
28867,0
28868,100
28869,0
28870,100
28871,0
28872,100
28873,0
28874,100
28875,0
28876,100
28877,100
28878,100
28879,100
28880,100
28881,100
28882,100
28883,100
28884,100
28885,100
28886,100
28887,100
28888,100
28889,100
28890,0
28891,100
28892,100
28893,100
28894,100
28895,100
28896,0
28897,100
28898,0
28899,100
28900,0
28901,100
28902,0
28903,100
28904,0
28905,100
28906,0
28907,100
28908,0
28909,100
28910,0
28911,100
28912,100
28913,100
28914,100
28915,100
28916,100
28917,100
28918,100
28919,100
28920,100
28921,100
28922,100
28923,100
28924,100
28925,0
28926,100
28927,100
28928,100
28929,100
28930,100
28931,0
28932,100
28933,0
28934,100
28935,0
28936,100
28937,0
28938,100
28939,0
28940,100
28941,0
28942,100
28943,0
28944,100
28945,0
28946,100
28947,100
28948,100
28949,100
28950,100
28951,100
28952,100
28953,100
28954,100
28955,100
28956,100
28957,100
28958,100
28959,100
28960,0
28961,100
28962,0
28963,100
28964,100
28965,100
28966,0
28967,100
28968,0
28969,100
28970,0
28971,100
28972,0
28973,100
28974,0
28975,100
28976,0
28977,100
28978,0
28979,100
28980,0
28981,100
28982,100
28983,100
28984,100
28985,100
28986,100
28987,100
28988,100
28989,100
28990,100
28991,100
28992,100
28993,100
28994,100
28995,0
28996,100
28997,0
28998,100
28999,0
29000,100
29001,0
29002,100
29003,0
29004,100
29005,0
29006,100
29007,0
29008,100
29009,0
29010,100
29011,0
29012,100
29013,0
29014,100
29015,0
29016,100
29017,100
29018,100
29019,100
29020,100
29021,100
29022,100
29023,100
29024,100
29025,100
29026,100
29027,100
29028,100
29029,100
29030,100
29031,100
29032,0
29033,100
29034,0
29035,100
29036,0
29037,100
29038,0
29039,100
29040,0
29041,100
29042,0
29043,100
29044,0
29045,100
29046,0
29047,100
29048,0
29049,100
29050,0
29051,100
29052,0
29053,100
29054,100
29055,100
29056,100
29057,100
29058,100
29059,100
29060,100
29061,100
29062,100
29063,100
29064,100
29065,100
29066,100
29067,0
29068,100
29069,0
29070,100
29071,0
29072,100
29073,0
29074,100
29075,0
29076,100
29077,0
29078,100
29079,0
29080,100
29081,0
29082,100
29083,0
29084,100
29085,0
29086,100
29087,0
29088,100
29089,100
29090,100
29091,100
29092,100
29093,100
29094,100
29095,100
29096,100
29097,100
29098,100
29099,100
29100,100
29101,100
29102,0
29103,100
29104,0
29105,100
29106,0
29107,100
29108,0
29109,100
29110,0
29111,100
29112,0
29113,100
29114,0
29115,100
29116,0
29117,100
29118,0
29119,100
29120,0
29121,100
29122,0
29123,100
29124,100
29125,100
29126,100
29127,100
29128,100
29129,100
29130,100
29131,100
29132,100
29133,100
29134,100
29135,100
29136,100
29137,0
29138,100
29139,0
29140,100
29141,0
29142,100
29143,0
29144,100
29145,0
29146,100
29147,0
29148,100
29149,0
29150,100
29151,0
29152,100
29153,0
29154,100
29155,0
29156,100
29157,0
29158,100
29159,100
29160,100
29161,100
29162,100
29163,100
29164,100
29165,100
29166,100
29167,100
29168,100
29169,100
29170,100
29171,100
29172,100
29173,100
29174,0
29175,100
29176,0
29177,100
29178,0
29179,100
29180,0
29181,100
29182,0
29183,100
29184,0
29185,100
29186,0
29187,100
29188,0
29189,100
29190,0
29191,100
29192,0
29193,100
29194,100
29195,100
29196,100
29197,100
29198,100
29199,100
29200,100
29201,100
29202,100
29203,100
29204,100
29205,100
29206,100
29207,100
29208,100
29209,0
29210,100
29211,0
29212,100
29213,0
29214,100
29215,0
29216,100
29217,0
29218,100
29219,0
29220,100
29221,0
29222,100
29223,0
29224,100
29225,0
29226,100
29227,0
29228,100
29229,0
29230,100
29231,100
29232,100
29233,100
29234,100
29235,100
29236,100
29237,100
29238,100
29239,100
29240,100
29241,100
29242,100
29243,100
29244,0
29245,100
29246,0
29247,100
29248,0
29249,100
29250,0
29251,100
29252,0
29253,100
29254,0
29255,100
29256,0
29257,100
29258,0
29259,100
29260,0
29261,100
29262,0
29263,100
29264,0
29265,100
29266,100
29267,100
29268,100
29269,100
29270,100
29271,100
29272,100
29273,100
29274,100
29275,100
29276,100
29277,100
29278,100
29279,0
29280,100
29281,0
29282,100
29283,0
29284,100
29285,0
29286,100
29287,0
29288,100
29289,0
29290,100
29291,0
29292,100
29293,0
29294,100
29295,0
29296,100
29297,0
29298,100
29299,0
29300,100
29301,100
29302,100
29303,100
29304,100
29305,100
29306,100
29307,100
29308,100
29309,100
29310,100
29311,100
29312,100
29313,100
29314,0
29315,100
29316,0
29317,100
29318,0
29319,100
29320,0
29321,100
29322,0
29323,100
29324,0
29325,100
29326,0
29327,100
29328,0
29329,100
29330,0
29331,100
29332,0
29333,100
29334,0
29335,100
29336,100
29337,100
29338,100
29339,100
29340,100
29341,100
29342,100
29343,100
29344,100
29345,100
29346,100
29347,100
29348,100
29349,0
29350,100
29351,0
29352,100
29353,0
29354,100
29355,0
29356,100
29357,0
29358,100
29359,0
29360,100
29361,0
29362,100
29363,0
29364,100
29365,100
29366,100
29367,0
29368,100
29369,0
29370,100
29371,100
29372,100
29373,100
29374,100
29375,100
29376,100
29377,100
29378,100
29379,100
29380,100
29381,100
29382,100
29383,100
29384,0
29385,100
29386,0
29387,100
29388,0
29389,100
29390,0
29391,100
29392,0
29393,100
29394,0
29395,100
29396,0
29397,100
29398,0
29399,100
29400,100
29401,100
29402,0
29403,100
29404,0
29405,100
29406,100
29407,100
29408,100
29409,100
29410,100
29411,100
29412,100
29413,100
29414,100
29415,100
29416,100
29417,100
29418,100
29419,100
29420,100
29421,0
29422,100
29423,0
29424,100
29425,0
29426,100
29427,0
29428,100
29429,0
29430,100
29431,0
29432,100
29433,0
29434,100
29435,0
29436,100
29437,100
29438,100
29439,0
29440,100
29441,100
29442,100
29443,100
29444,100
29445,100
29446,100
29447,100
29448,100
29449,100
29450,100
29451,100
29452,100
29453,100
29454,100
29455,100
29456,0
29457,100
29458,0
29459,100
29460,0
29461,100
29462,0
29463,100
29464,0
29465,100
29466,0
29467,100
29468,0
29469,100
29470,100
29471,100
29472,100
29473,100
29474,100
29475,100
29476,0
29477,100
29478,100
29479,100
29480,100
29481,100
29482,100
29483,100
29484,100
29485,100
29486,100
29487,100
29488,100
29489,100
29490,100
29491,0
29492,100
29493,0
29494,100
29495,0
29496,100
29497,0
29498,100
29499,0
29500,100
29501,0
29502,100
29503,0
29504,100
29505,0
29506,100
29507,100
29508,100
29509,100
29510,100
29511,100
29512,100
29513,100
29514,100
29515,100
29516,100
29517,100
29518,100
29519,100
29520,100
29521,100
29522,100
29523,100
29524,100
29525,100
29526,0
29527,100
29528,0
29529,100
29530,0
29531,100
29532,0
29533,100
29534,0
29535,100
29536,0
29537,100
29538,0
29539,100
29540,0
29541,100
29542,100
29543,100
29544,100
29545,100
29546,100
29547,0
29548,100
29549,0
29550,100
29551,0
29552,100
29553,0
29554,100
29555,0
29556,100
29557,0
29558,100
29559,0
29560,100
29561,0
29562,100
29563,100
29564,100
29565,100
29566,100
29567,100
29568,100
29569,100
29570,100
29571,100
29572,100
29573,100
29574,100
29575,100
29576,0
29577,100
29578,0
29579,100
29580,0
29581,100
29582,0
29583,100
29584,0
29585,100
29586,0
29587,100
29588,0
29589,100
29590,0
29591,100
29592,0
29593,100
29594,0
29595,100
29596,0
29597,100
29598,100
29599,100
29600,100
29601,100
29602,100
29603,100
29604,100
29605,100
29606,100
29607,100
29608,100
29609,100
29610,100
29611,0
29612,100
29613,0
29614,100
29615,0
29616,100
29617,0
29618,100
29619,0
29620,100
29621,0
29622,100
29623,0
29624,100
29625,0
29626,100
29627,0
29628,100
29629,0
29630,100
29631,0
29632,100
29633,100
29634,100
29635,100
29636,100
29637,100
29638,100
29639,100
29640,100
29641,100
29642,100
29643,100
29644,100
29645,100
29646,0
29647,100
29648,0
29649,100
29650,0
29651,100
29652,0
29653,100
29654,0
29655,100
29656,0
29657,100
29658,0
29659,100
29660,0
29661,100
29662,0
29663,100
29664,0
29665,100
29666,0
29667,100
29668,100
29669,100
29670,100
29671,100
29672,100
29673,100
29674,100
29675,100
29676,100
29677,100
29678,100
29679,100
29680,100
29681,100
29682,100
29683,0
29684,100
29685,0
29686,100
29687,0
29688,100
29689,0
29690,100
29691,0
29692,100
29693,0
29694,100
29695,0
29696,100
29697,0
29698,100
29699,0
29700,100
29701,0
29702,100
29703,100
29704,100
29705,100
29706,100
29707,100
29708,100
29709,100
29710,100
29711,100
29712,100
29713,100
29714,100
29715,100
29716,100
29717,100
29718,0
29719,100
29720,0
29721,100
29722,0
29723,100
29724,0
29725,100
29726,0
29727,100
29728,0
29729,100
29730,0
29731,100
29732,0
29733,100
29734,0
29735,100
29736,0
29737,100
29738,0
29739,100
29740,100
29741,100
29742,100
29743,100
29744,100
29745,100
29746,100
29747,100
29748,100
29749,100
29750,100
29751,100
29752,100
29753,0
29754,100
29755,0
29756,100
29757,0
29758,100
29759,0
29760,100
29761,0
29762,100
29763,0
29764,100
29765,0
29766,100
29767,0
29768,100
29769,0
29770,100
29771,0
29772,100
29773,0
29774,100
29775,100
29776,100
29777,100
29778,100
29779,100
29780,100
29781,100
29782,100
29783,100
29784,100
29785,100
29786,100
29787,100
29788,0
29789,100
29790,0
29791,100
29792,0
29793,100
29794,0
29795,100
29796,0
29797,100
29798,0
29799,100
29800,0
29801,100
29802,0
29803,100
29804,0
29805,100
29806,0
29807,100
29808,0
29809,100
29810,100
29811,100
29812,100
29813,100
29814,100
29815,100
29816,100
29817,100
29818,100
29819,100
29820,100
29821,100
29822,100
29823,0
29824,100
29825,0
29826,100
29827,0
29828,100
29829,0
29830,100
29831,0
29832,100
29833,0
29834,100
29835,0
29836,100
29837,0
29838,100
29839,100
29840,100
29841,0
29842,100
29843,0
29844,100
29845,100
29846,100
29847,100
29848,100
29849,100
29850,100
29851,100
29852,100
29853,100
29854,100
29855,100
29856,100
29857,100
29858,0
29859,100
29860,0
29861,100
29862,0
29863,100
29864,0
29865,100
29866,0
29867,100
29868,0
29869,100
29870,0
29871,100
29872,0
29873,100
29874,100
29875,100
29876,0
29877,100
29878,0
29879,100
29880,100
29881,100
29882,100
29883,100
29884,100
29885,100
29886,100
29887,100
29888,100
29889,100
29890,100
29891,100
29892,100
29893,0
29894,100
29895,0
29896,100
29897,0
29898,100
29899,0
29900,100
29901,0
29902,100
29903,0
29904,100
29905,0
29906,100
29907,0
29908,100
29909,100
29910,100
29911,100
29912,100
29913,0
29914,100
29915,100
29916,100
29917,100
29918,100
29919,100
29920,100
29921,100
29922,100
29923,100
29924,100
29925,100
29926,100
29927,100
29928,100
29929,100
29930,0
29931,100
29932,0
29933,100
29934,0
29935,100
29936,0
29937,100
29938,0
29939,100
29940,0
29941,100
29942,0
29943,100
29944,100
29945,100
29946,100
29947,100
29948,100
29949,100
29950,100
29951,100
29952,100
29953,100
29954,100
29955,100
29956,100
29957,100
29958,100
29959,100
29960,100
29961,100
29962,100
29963,100
29964,100
29965,0
29966,100
29967,0
29968,100
29969,0
29970,100
29971,0
29972,100
29973,0
29974,100
29975,0
29976,100
29977,0
29978,100
29979,0
29980,100
29981,100
29982,100
29983,100
29984,100
29985,100
29986,100
29987,100
29988,100
29989,100
29990,100
29991,100
29992,100
29993,100
29994,100
29995,100
29996,100
29997,100
29998,100
29999,100
30000,0
30001,100
30002,0
30003,100
30004,0
30005,100
30006,0
30007,100
30008,0
30009,100
30010,0
30011,100
30012,0
30013,100
30014,0
30015,100
30016,100
30017,100
30018,100
30019,100
30020,100
30021,100
30022,100
30023,100
30024,100
30025,100
30026,100
30027,100
30028,100
30029,100
30030,100
30031,100
30032,100
30033,100
30034,100
30035,0
30036,100
30037,0
30038,100
30039,0
30040,100
30041,0
30042,100
30043,0
30044,100
30045,0
30046,100
30047,0
30048,100
30049,0
30050,100
30051,100
30052,100
30053,100
30054,100
30055,100
30056,100
30057,100
30058,100
30059,100
30060,100
30061,100
30062,100
30063,100
30064,100
30065,100
30066,100
30067,100
30068,100
30069,100
30070,0
30071,100
30072,0
30073,100
30074,0
30075,100
30076,0
30077,100
30078,0
30079,100
30080,0
30081,100
30082,0
30083,100
30084,0
30085,100
30086,100
30087,100
30088,100
30089,100
30090,100
30091,100
30092,100
30093,100
30094,100
30095,100
30096,100
30097,100
30098,100
30099,100
30100,100
30101,100
30102,100
30103,100
30104,100
30105,0
30106,100
30107,0
30108,100
30109,0
30110,100
30111,0
30112,100
30113,0
30114,100
30115,0
30116,100
30117,0
30118,100
30119,0
30120,100
30121,100
30122,100
30123,100
30124,100
30125,100
30126,100
30127,100
30128,100
30129,100
30130,100
30131,100
30132,100
30133,100
30134,100
30135,100
30136,100
30137,100
30138,100
30139,100
30140,100
30141,100
30142,0
30143,100
30144,0
30145,100
30146,0
30147,100
30148,0
30149,100
30150,0
30151,100
30152,0
30153,100
30154,0
30155,100
30156,100
30157,100
30158,100
30159,100
30160,100
30161,100
30162,100
30163,100
30164,100
30165,100
30166,100
30167,100
30168,100
30169,100
30170,100
30171,100
30172,100
30173,100
30174,100
30175,0
30176,100
30177,0
30178,100
30179,0
30180,100
30181,0
30182,100
30183,0
30184,100
30185,0
30186,100
30187,0
30188,100
30189,0
30190,100
30191,100
30192,100
30193,100
30194,100
30195,100
30196,100
30197,100
30198,100
30199,100
30200,100
30201,100
30202,100
30203,100
30204,100
30205,100
30206,100
30207,100
30208,100
30209,100
30210,100
30211,100
30212,0
30213,100
30214,0
30215,100
30216,0
30217,100
30218,0
30219,100
30220,0
30221,100
30222,0
30223,100
30224,0
30225,100
30226,0
30227,100
30228,100
30229,100
30230,100
30231,100
30232,100
30233,100
30234,100
30235,100
30236,100
30237,100
30238,100
30239,100
30240,100
30241,100
30242,100
30243,100
30244,100
30245,100
30246,100
30247,0
30248,100
30249,0
30250,100
30251,0
30252,100
30253,0
30254,100
30255,0
30256,100
30257,0
30258,100
30259,0
30260,100
30261,0
30262,100
30263,100
30264,100
30265,100
30266,100
30267,100
30268,100
30269,100
30270,100
30271,100
30272,100
30273,100
30274,100
30275,100
30276,0
30277,100
30278,100
30279,100
30280,100
30281,100
30282,0
30283,100
30284,0
30285,100
30286,0
30287,100
30288,0
30289,100
30290,0
30291,100
30292,0
30293,100
30294,0
30295,100
30296,0
30297,100
30298,100
30299,100
30300,100
30301,100
30302,100
30303,100
30304,100
30305,100
30306,100
30307,100
30308,100
30309,100
30310,100
30311,0
30312,100
30313,0
30314,100
30315,100
30316,100
30317,0
30318,100
30319,0
30320,100
30321,0
30322,100
30323,0
30324,100
30325,0
30326,100
30327,0
30328,100
30329,0
30330,100
30331,0
30332,100
30333,100
30334,100
30335,100
30336,100
30337,100
30338,100
30339,100
30340,100
30341,100
30342,100
30343,100
30344,100
30345,100
30346,0
30347,100
30348,0
30349,100
30350,100
30351,100
30352,0
30353,100
30354,0
30355,100
30356,0
30357,100
30358,0
30359,100
30360,0
30361,100
30362,0
30363,100
30364,0
30365,100
30366,0
30367,100
30368,100
30369,100
30370,100
30371,100
30372,100
30373,100
30374,100
30375,100
30376,100
30377,100
30378,100
30379,100
30380,100
30381,0
30382,100
30383,0
30384,100
30385,0
30386,100
30387,0
30388,100
30389,0
30390,100
30391,0
30392,100
30393,0
30394,100
30395,0
30396,100
30397,0
30398,100
30399,0
30400,100
30401,0
30402,100
30403,100
30404,100
30405,100
30406,100
30407,100
30408,100
30409,100
30410,100
30411,100
30412,100
30413,100
30414,100
30415,100
30416,100
30417,100
30418,0
30419,100
30420,0
30421,100
30422,0
30423,100
30424,0
30425,100
30426,0
30427,100
30428,0
30429,100
30430,0
30431,100
30432,0
30433,100
30434,0
30435,100
30436,0
30437,100
30438,0
30439,100
30440,100
30441,100
30442,100
30443,100
30444,100
30445,100
30446,100
30447,100
30448,100
30449,100
30450,100
30451,100
30452,100
30453,0
30454,100
30455,0
30456,100
30457,0
30458,100
30459,0
30460,100
30461,0
30462,100
30463,0
30464,100
30465,0
30466,100
30467,0
30468,100
30469,0
30470,100
30471,0
30472,100
30473,0
30474,100
30475,100
30476,100
30477,100
30478,100
30479,100
30480,100
30481,100
30482,100
30483,100
30484,100
30485,100
30486,100
30487,100
30488,0
30489,100
30490,0
30491,100
30492,0
30493,100
30494,0
30495,100
30496,0
30497,100
30498,0
30499,100
30500,0
30501,100
30502,0
30503,100
30504,0
30505,100
30506,0
30507,100
30508,0
30509,100
30510,100
30511,100
30512,100
30513,100
30514,100
30515,100
30516,100
30517,100
30518,100
30519,100
30520,100
30521,100
30522,100
30523,0
30524,100
30525,0
30526,100
30527,0
30528,100
30529,0
30530,100
30531,0
30532,100
30533,0
30534,100
30535,0
30536,100
30537,0
30538,100
30539,0
30540,100
30541,0
30542,100
30543,0
30544,100
30545,100
30546,100
30547,100
30548,100
30549,100
30550,100
30551,100
30552,100
30553,100
30554,100
30555,100
30556,100
30557,100
30558,0
30559,100
30560,0
30561,100
30562,0
30563,100
30564,0
30565,100
30566,0
30567,100
30568,0
30569,100
30570,0
30571,100
30572,0
30573,100
30574,0
30575,100
30576,0
30577,100
30578,0
30579,100
30580,100
30581,100
30582,100
30583,100
30584,100
30585,100
30586,100
30587,100
30588,100
30589,100
30590,100
30591,100
30592,100
30593,0
30594,100
30595,0
30596,100
30597,0
30598,100
30599,0
30600,100
30601,0
30602,100
30603,0
30604,100
30605,0
30606,100
30607,0
30608,100
30609,0
30610,100
30611,0
30612,100
30613,0
30614,100
30615,100
30616,100
30617,100
30618,100
30619,100
30620,100
30621,100
30622,100
30623,100
30624,100
30625,100
30626,100
30627,100
30628,100
30629,100
30630,0
30631,100
30632,0
30633,100
30634,0
30635,100
30636,0
30637,100
30638,0
30639,100
30640,0
30641,100
30642,0
30643,100
30644,0
30645,100
30646,0
30647,100
30648,0
30649,100
30650,100
30651,100
30652,100
30653,100
30654,100
30655,100
30656,100
30657,100
30658,100
30659,100
30660,100
30661,100
30662,100
30663,100
30664,100
30665,0
30666,100
30667,0
30668,100
30669,0
30670,100
30671,0
30672,100
30673,0
30674,100
30675,0
30676,100
30677,0
30678,100
30679,100
30680,100
30681,0
30682,100
30683,0
30684,100
30685,0
30686,100
30687,100
30688,100
30689,100
30690,100
30691,100
30692,100
30693,100
30694,100
30695,100
30696,100
30697,100
30698,100
30699,100
30700,0
30701,100
30702,0
30703,100
30704,0
30705,100
30706,0
30707,100
30708,0
30709,100
30710,0
30711,100
30712,0
30713,100
30714,0
30715,100
30716,0
30717,100
30718,0
30719,100
30720,100
30721,100
30722,100
30723,100
30724,100
30725,100
30726,100
30727,100
30728,100
30729,100
30730,100
30731,100
30732,100
30733,100
30734,100
30735,0
30736,100
30737,0
30738,100
30739,0
30740,100
30741,0
30742,100
30743,0
30744,100
30745,0
30746,100
30747,0
30748,100
30749,0
30750,100
30751,100
30752,100
30753,0
30754,100
30755,0
30756,100
30757,100
30758,100
30759,100
30760,100
30761,100
30762,100
30763,100
30764,100
30765,100
30766,100
30767,100
30768,100
30769,100
30770,0
30771,100
30772,0
30773,100
30774,0
30775,100
30776,0
30777,100
30778,0
30779,100
30780,0
30781,100
30782,0
30783,100
30784,0
30785,100
30786,100
30787,100
30788,100
30789,100
30790,0
30791,100
30792,100
30793,100
30794,100
30795,100
30796,100
30797,100
30798,100
30799,100
30800,100
30801,100
30802,100
30803,100
30804,100
30805,0
30806,100
30807,0
30808,100
30809,0
30810,100
30811,0
30812,100
30813,0
30814,100
30815,0
30816,100
30817,0
30818,100
30819,0
30820,100
30821,100
30822,100
30823,100
30824,100
30825,100
30826,100
30827,100
30828,100
30829,100
30830,100
30831,100
30832,100
30833,100
30834,100
30835,100
30836,100
30837,100
30838,100
30839,100
30840,0
30841,100
30842,0
30843,100
30844,0
30845,100
30846,0
30847,100
30848,0
30849,100
30850,0
30851,100
30852,0
30853,100
30854,0
30855,100
30856,100
30857,100
30858,100
30859,100
30860,100
30861,100
30862,100
30863,100
30864,100
30865,100
30866,100
30867,100
30868,100
30869,100
30870,100
30871,100
30872,100
30873,100
30874,100
30875,0
30876,100
30877,0
30878,100
30879,0
30880,100
30881,0
30882,100
30883,0
30884,100
30885,0
30886,100
30887,0
30888,100
30889,0
30890,100
30891,100
30892,100
30893,100
30894,100
30895,100
30896,100
30897,100
30898,100
30899,100
30900,100
30901,100
30902,100
30903,100
30904,100
30905,100
30906,100
30907,100
30908,100
30909,100
30910,100
30911,100
30912,0
30913,100
30914,0
30915,100
30916,0
30917,100
30918,0
30919,100
30920,0
30921,100
30922,0
30923,100
30924,0
30925,100
30926,100
30927,100
30928,100
30929,100
30930,100
30931,100
30932,100
30933,100
30934,100
30935,100
30936,100
30937,100
30938,100
30939,100
30940,100
30941,100
30942,100
30943,100
30944,100
30945,100
30946,100
30947,0
30948,100
30949,0
30950,100
30951,0
30952,100
30953,0
30954,100
30955,0
30956,100
30957,0
30958,100
30959,0
30960,100
30961,0
30962,100
30963,100
30964,100
30965,100
30966,100
30967,100
30968,100
30969,100
30970,100
30971,100
30972,100
30973,100
30974,100
30975,100
30976,100
30977,100
30978,100
30979,100
30980,100
30981,100
30982,0
30983,100
30984,0
30985,100
30986,0
30987,100
30988,0
30989,100
30990,0
30991,100
30992,0
30993,100
30994,0
30995,100
30996,0
30997,100
30998,100
30999,100
31000,100
31001,100
31002,100
31003,100
31004,100
31005,100
31006,100
31007,100
31008,100
31009,100
31010,100
31011,100
31012,100
31013,100
31014,100
31015,100
31016,100
31017,0
31018,100
31019,0
31020,100
31021,0
31022,100
31023,0
31024,100
31025,0
31026,100
31027,0
31028,100
31029,0
31030,100
31031,0
31032,100
31033,100
31034,100
31035,100
31036,100
31037,100
31038,100
31039,100
31040,100
31041,100
31042,100
31043,100
31044,100
31045,100
31046,100
31047,100
31048,100
31049,100
31050,100
31051,100
31052,0
31053,100
31054,0
31055,100
31056,0
31057,100
31058,0
31059,100
31060,0
31061,100
31062,0
31063,100
31064,0
31065,100
31066,0
31067,100
31068,100
31069,100
31070,100
31071,100
31072,100
31073,100
31074,100
31075,100
31076,100
31077,100
31078,100
31079,100
31080,100
31081,100
31082,100
31083,100
31084,100
31085,100
31086,100
31087,0
31088,100
31089,0
31090,100
31091,0
31092,100
31093,0
31094,100
31095,0
31096,100
31097,0
31098,100
31099,0
31100,100
31101,0
31102,100
31103,100
31104,100
31105,100
31106,100
31107,100
31108,100
31109,100
31110,100
31111,100
31112,100
31113,100
31114,100
31115,100
31116,100
31117,100
31118,100
31119,100
31120,100
31121,100
31122,0
31123,100
31124,0
31125,100
31126,0
31127,100
31128,0
31129,100
31130,0
31131,100
31132,0
31133,100
31134,0
31135,100
31136,0
31137,100
31138,100
31139,100
31140,100
31141,100
31142,100
31143,100
31144,100
31145,100
31146,100
31147,100
31148,100
31149,100
31150,100
31151,0
31152,100
31153,0
31154,100
31155,100
31156,100
31157,100
31158,100
31159,0
31160,100
31161,0
31162,100
31163,0
31164,100
31165,0
31166,100
31167,0
31168,100
31169,0
31170,100
31171,0
31172,100
31173,0
31174,100
31175,100
31176,100
31177,100
31178,100
31179,100
31180,100
31181,100
31182,100
31183,100
31184,100
31185,100
31186,100
31187,100
31188,0
31189,100
31190,100
31191,100
31192,100
31193,100
31194,0
31195,100
31196,0
31197,100
31198,0
31199,100
31200,0
31201,100
31202,0
31203,100
31204,0
31205,100
31206,0
31207,100
31208,100
31209,100
31210,100
31211,100
31212,100
31213,100
31214,100
31215,100
31216,100
31217,100
31218,100
31219,100
31220,100
31221,100
31222,100
31223,0
31224,100
31225,0
31226,100
31227,100
31228,100
31229,0
31230,100
31231,0
31232,100
31233,0
31234,100
31235,0
31236,100
31237,0
31238,100
31239,0
31240,100
31241,0
31242,100
31243,0
31244,100
31245,100
31246,100
31247,100
31248,100
31249,100
31250,100
31251,100
31252,100
31253,100
31254,100
31255,100
31256,100
31257,100
31258,0
31259,100
31260,0
31261,100
31262,0
31263,100
31264,0
31265,100
31266,0
31267,100
31268,0
31269,100
31270,0
31271,100
31272,0
31273,100
31274,0
31275,100
31276,0
31277,100
31278,0
31279,100
31280,100
31281,100
31282,100
31283,100
31284,100
31285,100
31286,100
31287,100
31288,100
31289,100
31290,100
31291,100
31292,100
31293,0
31294,100
31295,0
31296,100
31297,0
31298,100
31299,0
31300,100
31301,0
31302,100
31303,0
31304,100
31305,0
31306,100
31307,0
31308,100
31309,0
31310,100
31311,0
31312,100
31313,0
31314,100
31315,100
31316,100
31317,100
31318,100
31319,100
31320,100
31321,100
31322,100
31323,100
31324,100
31325,100
31326,100
31327,100
31328,0
31329,100
31330,0
31331,100
31332,0
31333,100
31334,0
31335,100
31336,0
31337,100
31338,0
31339,100
31340,0
31341,100
31342,0
31343,100
31344,0
31345,100
31346,0
31347,100
31348,0
31349,100
31350,100
31351,100
31352,100
31353,100
31354,100
31355,100
31356,100
31357,100
31358,100
31359,100
31360,100
31361,100
31362,100
31363,0
31364,100
31365,0
31366,100
31367,0
31368,100
31369,0
31370,100
31371,0
31372,100
31373,0
31374,100
31375,0
31376,100
31377,0
31378,100
31379,0
31380,100
31381,0
31382,100
31383,0
31384,100
31385,100
31386,100
31387,100
31388,100
31389,100
31390,100
31391,100
31392,100
31393,100
31394,100
31395,100
31396,100
31397,100
31398,100
31399,100
31400,0
31401,100
31402,0
31403,100
31404,0
31405,100
31406,0
31407,100
31408,0
31409,100
31410,0
31411,100
31412,0
31413,100
31414,0
31415,100
31416,0
31417,100
31418,0
31419,100
31420,100
31421,100
31422,100
31423,100
31424,100
31425,100
31426,100
31427,100
31428,100
31429,100
31430,100
31431,100
31432,100
31433,100
31434,100
31435,0
31436,100
31437,0
31438,100
31439,0
31440,100
31441,0
31442,100
31443,0
31444,100
31445,0
31446,100
31447,0
31448,100
31449,0
31450,100
31451,0
31452,100
31453,0
31454,100
31455,100
31456,100
31457,100
31458,100
31459,100
31460,100
31461,100
31462,100
31463,100
31464,100
31465,100
31466,100
31467,100
31468,100
31469,100
31470,0
31471,100
31472,0
31473,100
31474,0
31475,100
31476,0
31477,100
31478,0
31479,100
31480,0
31481,100
31482,0
31483,100
31484,0
31485,100
31486,0
31487,100
31488,0
31489,100
31490,0
31491,100
31492,100
31493,100
31494,100
31495,100
31496,100
31497,100
31498,100
31499,100
31500,100
31501,100
31502,100
31503,100
31504,100
31505,0
31506,100
31507,0
31508,100
31509,0
31510,100
31511,0
31512,100
31513,0
31514,100
31515,0
31516,100
31517,0
31518,100
31519,0
31520,100
31521,0
31522,100
31523,0
31524,100
31525,0
31526,100
31527,100
31528,100
31529,100
31530,100
31531,100
31532,100
31533,100
31534,100
31535,100
31536,100
31537,100
31538,100
31539,100
31540,0
31541,100
31542,0
31543,100
31544,0
31545,100
31546,0
31547,100
31548,0
31549,100
31550,0
31551,100
31552,0
31553,100
31554,0
31555,100
31556,0
31557,100
31558,0
31559,100
31560,0
31561,100
31562,100
31563,100
31564,100
31565,100
31566,100
31567,100
31568,100
31569,100
31570,100
31571,100
31572,100
31573,100
31574,100
31575,0
31576,100
31577,0
31578,100
31579,0
31580,100
31581,0
31582,100
31583,0
31584,100
31585,0
31586,100
31587,0
31588,100
31589,0
31590,100
31591,100
31592,100
31593,0
31594,100
31595,0
31596,100
31597,100
31598,100
31599,100
31600,100
31601,100
31602,100
31603,100
31604,100
31605,100
31606,100
31607,100
31608,100
31609,100
31610,0
31611,100
31612,0
31613,100
31614,0
31615,100
31616,0
31617,100
31618,0
31619,100
31620,0
31621,100
31622,0
31623,100
31624,0
31625,100
31626,100
31627,100
31628,100
31629,100
31630,0
31631,100
31632,100
31633,100
31634,100
31635,100
31636,100
31637,100
31638,100
31639,100
31640,100
31641,100
31642,100
31643,100
31644,100
31645,100
31646,100
31647,0
31648,100
31649,0
31650,100
31651,0
31652,100
31653,0
31654,100
31655,0
31656,100
31657,0
31658,100
31659,0
31660,100
31661,0
31662,100
31663,100
31664,100
31665,0
31666,100
31667,100
31668,100
31669,100
31670,100
31671,100
31672,100
31673,100
31674,100
31675,100
31676,100
31677,100
31678,100
31679,100
31680,100
31681,100
31682,0
31683,100
31684,0
31685,100
31686,0
31687,100
31688,0
31689,100
31690,0
31691,100
31692,0
31693,100
31694,0
31695,100
31696,0
31697,100
31698,100
31699,100
31700,100
31701,100
31702,0
31703,100
31704,100
31705,100
31706,100
31707,100
31708,100
31709,100
31710,100
31711,100
31712,100
31713,100
31714,100
31715,100
31716,100
31717,0
31718,100
31719,0
31720,100
31721,0
31722,100
31723,0
31724,100
31725,0
31726,100
31727,0
31728,100
31729,0
31730,100
31731,0
31732,100
31733,100
31734,100
31735,100
31736,100
31737,100
31738,100
31739,100
31740,100
31741,100
31742,100
31743,100
31744,100
31745,100
31746,100
31747,100
31748,100
31749,100
31750,100
31751,100
31752,0
31753,100
31754,0
31755,100
31756,0
31757,100
31758,0
31759,100
31760,0
31761,100
31762,0
31763,100
31764,0
31765,100
31766,0
31767,100
31768,100
31769,100
31770,100
31771,100
31772,100
31773,100
31774,100
31775,100
31776,100
31777,100
31778,100
31779,100
31780,100
31781,100
31782,100
31783,100
31784,100
31785,100
31786,0
31787,100
31788,0
31789,100
31790,100
31791,100
31792,100
31793,100
31794,100
31795,100
31796,100
31797,100
31798,100
31799,100
31800,100
31801,100
31802,100
31803,0
31804,100
31805,0
31806,100
31807,0
31808,100
31809,0
31810,100
31811,0
31812,100
31813,0
31814,100
31815,0
31816,100
31817,0
31818,100
31819,0
31820,100
31821,0
31822,100
31823,0
31824,100
31825,100
31826,100
31827,100
31828,100
31829,100
31830,100
31831,100
31832,100
31833,100
31834,100
31835,100
31836,100
31837,100
31838,100
31839,100
31840,0
31841,100
31842,0
31843,100
31844,0
31845,100
31846,0
31847,100
31848,0
31849,100
31850,0
31851,100
31852,0
31853,100
31854,0
31855,100
31856,0
31857,100
31858,0
31859,100
31860,100
31861,100
31862,100
31863,100
31864,100
31865,100
31866,100
31867,100
31868,100
31869,100
31870,100
31871,100
31872,100
31873,100
31874,100
31875,0
31876,100
31877,0
31878,100
31879,0
31880,100
31881,0
31882,100
31883,0
31884,100
31885,0
31886,100
31887,0
31888,100
31889,0
31890,100
31891,0
31892,100
31893,0
31894,100
31895,100
31896,100
31897,100
31898,100
31899,100
31900,100
31901,100
31902,100
31903,100
31904,100
31905,100
31906,100
31907,100
31908,100
31909,100
31910,0
31911,100
31912,0
31913,100
31914,0
31915,100
31916,0
31917,100
31918,0
31919,100
31920,0
31921,100
31922,0
31923,100
31924,0
31925,100
31926,0
31927,100
31928,0
31929,100
31930,0
31931,100
31932,100
31933,100
31934,100
31935,100
31936,100
31937,100
31938,100
31939,100
31940,100
31941,100
31942,100
31943,100
31944,100
31945,0
31946,100
31947,0
31948,100
31949,0
31950,100
31951,0
31952,100
31953,0
31954,100
31955,0
31956,100
31957,0
31958,100
31959,0
31960,100
31961,0
31962,100
31963,0
31964,100
31965,0
31966,100
31967,100
31968,100
31969,100
31970,100
31971,100
31972,100
31973,100
31974,100
31975,100
31976,100
31977,100
31978,100
31979,100
31980,0
31981,100
31982,0
31983,100
31984,0
31985,100
31986,0
31987,100
31988,0
31989,100
31990,0
31991,100
31992,0
31993,100
31994,0
31995,100
31996,0
31997,100
31998,0
31999,100
32000,0
32001,100
32002,100
32003,100
32004,100
32005,100
32006,100
32007,100
32008,100
32009,100
32010,100
32011,100
32012,100
32013,100
32014,100
32015,0
32016,100
32017,0
32018,100
32019,0
32020,100
32021,0
32022,100
32023,0
32024,100
32025,0
32026,100
32027,0
32028,100
32029,0
32030,100
32031,0
32032,100
32033,0
32034,100
32035,0
32036,100
32037,100
32038,100
32039,100
32040,100
32041,100
32042,100
32043,100
32044,100
32045,100
32046,100
32047,100
32048,100
32049,100
32050,0
32051,100
32052,0
32053,100
32054,0
32055,100
32056,0
32057,100
32058,0
32059,100
32060,0
32061,100
32062,0
32063,100
32064,0
32065,100
32066,100
32067,100
32068,0
32069,100
32070,0
32071,100
32072,100
32073,100
32074,100
32075,100
32076,100
32077,100
32078,100
32079,100
32080,100
32081,100
32082,100
32083,100
32084,100
32085,100
32086,100
32087,0
32088,100
32089,0
32090,100
32091,0
32092,100
32093,0
32094,100
32095,0
32096,100
32097,0
32098,100
32099,0
32100,100
32101,100
32102,100
32103,0
32104,100
32105,0
32106,100
32107,100
32108,100
32109,100
32110,100
32111,100
32112,100
32113,100
32114,100
32115,100
32116,100
32117,100
32118,100
32119,100
32120,0
32121,100
32122,0
32123,100
32124,0
32125,100
32126,0
32127,100
32128,0
32129,100
32130,0
32131,100
32132,0
32133,100
32134,0
32135,100
32136,0
32137,100
32138,100
32139,100
32140,0
32141,100
32142,0
32143,100
32144,100
32145,100
32146,100
32147,100
32148,100
32149,100
32150,100
32151,100
32152,100
32153,100
32154,100
32155,100
32156,100
32157,0
32158,100
32159,0
32160,100
32161,0
32162,100
32163,0
32164,100
32165,0
32166,100
32167,0
32168,100
32169,0
32170,100
32171,0
32172,100
32173,100
32174,100
32175,100
32176,100
32177,0
32178,100
32179,100
32180,100
32181,100
32182,100
32183,100
32184,100
32185,100
32186,100
32187,100
32188,100
32189,100
32190,100
32191,100
32192,0
32193,100
32194,0
32195,100
32196,0
32197,100
32198,0
32199,100
32200,0
32201,100
32202,0
32203,100
32204,0
32205,100
32206,0
32207,100
32208,100
32209,100
32210,100
32211,100
32212,100
32213,100
32214,100
32215,100
32216,100
32217,100
32218,100
32219,100
32220,100
32221,100
32222,100
32223,100
32224,100
32225,100
32226,100
32227,0
32228,100
32229,0
32230,100
32231,0
32232,100
32233,0
32234,100
32235,0
32236,100
32237,0
32238,100
32239,0
32240,100
32241,0
32242,100
32243,100
32244,100
32245,100
32246,100
32247,100
32248,100
32249,100
32250,100
32251,100
32252,100
32253,100
32254,100
32255,100
32256,100
32257,100
32258,100
32259,100
32260,100
32261,100
32262,0
32263,100
32264,0
32265,100
32266,0
32267,100
32268,0
32269,100
32270,0
32271,100
32272,0
32273,100
32274,0
32275,100
32276,0
32277,100
32278,100
32279,100
32280,100
32281,100
32282,100
32283,100
32284,100
32285,100
32286,100
32287,100
32288,100
32289,100
32290,100
32291,100
32292,100
32293,100
32294,100
32295,100
32296,100
32297,0
32298,100
32299,0
32300,100
32301,0
32302,100
32303,0
32304,100
32305,0
32306,100
32307,0
32308,100
32309,0
32310,100
32311,0
32312,100
32313,100
32314,100
32315,100
32316,100
32317,100
32318,100
32319,100
32320,100
32321,100
32322,100
32323,100
32324,100
32325,100
32326,100
32327,100
32328,100
32329,100
32330,100
32331,100
32332,0
32333,100
32334,0
32335,100
32336,0
32337,100
32338,0
32339,100
32340,0
32341,100
32342,0
32343,100
32344,0
32345,100
32346,0
32347,100
32348,100
32349,100
32350,100
32351,100
32352,100
32353,100
32354,100
32355,100
32356,100
32357,100
32358,100
32359,100
32360,100
32361,100
32362,100
32363,100
32364,100
32365,100
32366,100
32367,100
32368,100
32369,0
32370,100
32371,0
32372,100
32373,0
32374,100
32375,0
32376,100
32377,0
32378,100
32379,0
32380,100
32381,0
32382,100
32383,0
32384,100
32385,100
32386,100
32387,100
32388,100
32389,100
32390,100
32391,100
32392,100
32393,100
32394,100
32395,100
32396,100
32397,100
32398,100
32399,100
32400,100
32401,100
32402,100
32403,100
32404,0
32405,100
32406,0
32407,100
32408,0
32409,100
32410,0
32411,100
32412,0
32413,100
32414,0
32415,100
32416,0
32417,100
32418,0
32419,100
32420,100
32421,100
32422,100
32423,100
32424,100
32425,100
32426,100
32427,100
32428,100
32429,100
32430,100
32431,100
32432,100
32433,100
32434,100
32435,100
32436,100
32437,100
32438,100
32439,0
32440,100
32441,0
32442,100
32443,0
32444,100
32445,0
32446,100
32447,0
32448,100
32449,0
32450,100
32451,0
32452,100
32453,0
32454,100
32455,100
32456,100
32457,100
32458,100
32459,100
32460,100
32461,100
32462,100
32463,100
32464,100
32465,100
32466,100
32467,100
32468,100
32469,100
32470,100
32471,100
32472,100
32473,100
32474,0
32475,100
32476,0
32477,100
32478,0
32479,100
32480,0
32481,100
32482,0
32483,100
32484,0
32485,100
32486,0
32487,100
32488,0
32489,100
32490,100
32491,100
32492,100
32493,100
32494,100
32495,100
32496,100
32497,100
32498,100
32499,100
32500,100
32501,100
32502,100
32503,0
32504,100
32505,100
32506,100
32507,100
32508,100
32509,0
32510,100
32511,0
32512,100
32513,0
32514,100
32515,0
32516,100
32517,0
32518,100
32519,0
32520,100
32521,0
32522,100
32523,0
32524,100
32525,100
32526,100
32527,100
32528,100
32529,100
32530,100
32531,100
32532,100
32533,100
32534,100
32535,100
32536,100
32537,100
32538,0
32539,100
32540,0
32541,100
32542,100
32543,100
32544,0
32545,100
32546,0
32547,100
32548,0
32549,100
32550,0
32551,100
32552,0
32553,100
32554,0
32555,100
32556,0
32557,100
32558,0
32559,100
32560,100
32561,100
32562,100
32563,100
32564,100
32565,100
32566,100
32567,100
32568,100
32569,100
32570,100
32571,100
32572,100
32573,100
32574,100
32575,0
32576,100
32577,100
32578,100
32579,0
32580,100
32581,0
32582,100
32583,0
32584,100
32585,0
32586,100
32587,0
32588,100
32589,0
32590,100
32591,0
32592,100
32593,0
32594,100
32595,100
32596,100
32597,100
32598,100
32599,100
32600,100
32601,100
32602,100
32603,100
32604,100
32605,100
32606,100
32607,100
32608,100
32609,100
32610,0
32611,100
32612,0
32613,100
32614,100
32615,100
32616,0
32617,100
32618,0
32619,100
32620,0
32621,100
32622,0
32623,100
32624,0
32625,100
32626,0
32627,100
32628,0
32629,100
32630,0
32631,100
32632,100
32633,100
32634,100
32635,100
32636,100
32637,100
32638,100
32639,100
32640,100
32641,100
32642,100
32643,100
32644,100
32645,0
32646,100
32647,0
32648,100
32649,0
32650,100
32651,0
32652,100
32653,0
32654,100
32655,0
32656,100
32657,0
32658,100
32659,0
32660,100
32661,0
32662,100
32663,0
32664,100
32665,100
32666,100
32667,100
32668,100
32669,100
32670,100
32671,100
32672,100
32673,100
32674,100
32675,100
32676,100
32677,100
32678,100
32679,100
32680,0
32681,100
32682,0
32683,100
32684,0
32685,100
32686,0
32687,100
32688,0
32689,100
32690,0
32691,100
32692,0
32693,100
32694,0
32695,100
32696,0
32697,100
32698,0
32699,100
32700,0
32701,100
32702,100
32703,100
32704,100
32705,100
32706,100
32707,100
32708,100
32709,100
32710,100
32711,100
32712,100
32713,100
32714,100
32715,0
32716,100
32717,0
32718,100
32719,0
32720,100
32721,0
32722,100
32723,0
32724,100
32725,0
32726,100
32727,0
32728,100
32729,0
32730,100
32731,0
32732,100
32733,0
32734,100
32735,0
32736,100
32737,100
32738,100
32739,100
32740,100
32741,100
32742,100
32743,100
32744,100
32745,100
32746,100
32747,100
32748,100
32749,100
32750,0
32751,100
32752,0
32753,100
32754,0
32755,100
32756,0
32757,100
32758,0
32759,100
32760,0
32761,100
32762,0
32763,100
32764,0
32765,100
32766,0
32767,100
32768,0
32769,100
32770,0
32771,100
32772,100
32773,100
32774,100
32775,100
32776,100
32777,100
32778,100
32779,100
32780,100
32781,100
32782,100
32783,100
32784,100
32785,100
32786,100
32787,0
32788,100
32789,0
32790,100
32791,0
32792,100
32793,0
32794,100
32795,0
32796,100
32797,0
32798,100
32799,0
32800,100
32801,0
32802,100
32803,0
32804,100
32805,0
32806,100
32807,100
32808,100
32809,100
32810,100
32811,100
32812,100
32813,100
32814,100
32815,100
32816,100
32817,100
32818,100
32819,100
32820,0
32821,100
32822,0
32823,100
32824,0
32825,100
32826,0
32827,100
32828,0
32829,100
32830,0
32831,100
32832,0
32833,100
32834,0
32835,100
32836,0
32837,100
32838,0
32839,100
32840,0
32841,100
32842,100
32843,100
32844,100
32845,100
32846,100
32847,100
32848,100
32849,100
32850,100
32851,100
32852,100
32853,100
32854,100
32855,100
32856,100
32857,0
32858,100
32859,0
32860,100
32861,0
32862,100
32863,0
32864,100
32865,0
32866,100
32867,0
32868,100
32869,0
32870,100
32871,0
32872,100
32873,0
32874,100
32875,0
32876,100
32877,100
32878,100
32879,100
32880,100
32881,100
32882,100
32883,100
32884,100
32885,100
32886,100
32887,100
32888,100
32889,100
32890,100
32891,100
32892,0
32893,100
32894,0
32895,100
32896,0
32897,100
32898,0
32899,100
32900,0
32901,100
32902,0
32903,100
32904,0
32905,100
32906,0
32907,100
32908,0
32909,100
32910,0
32911,100
32912,0
32913,100
32914,100
32915,100
32916,100
32917,100
32918,100
32919,100
32920,100
32921,100
32922,100
32923,100
32924,100
32925,100
32926,100
32927,0
32928,100
32929,0
32930,100
32931,0
32932,100
32933,0
32934,100
32935,0
32936,100
32937,0
32938,100
32939,0
32940,100
32941,0
32942,100
32943,0
32944,100
32945,0
32946,100
32947,0
32948,100
32949,100
32950,100
32951,100
32952,100
32953,100
32954,100
32955,100
32956,100
32957,100
32958,100
32959,100
32960,100
32961,100
32962,0
32963,100
32964,0
32965,100
32966,0
32967,100
32968,0
32969,100
32970,0
32971,100
32972,0
32973,100
32974,0
32975,100
32976,0
32977,100
32978,100
32979,100
32980,0
32981,100
32982,0
32983,100
32984,100
32985,100
32986,100
32987,100
32988,100
32989,100
32990,100
32991,100
32992,100
32993,100
32994,100
32995,100
32996,100
32997,0
32998,100
32999,0
33000,100
33001,0
33002,100
33003,0
33004,100
33005,0
33006,100
33007,0
33008,100
33009,0
33010,100
33011,0
33012,100
33013,100
33014,100
33015,100
33016,100
33017,0
33018,100
33019,100
33020,100
33021,100
33022,100
33023,100
33024,100
33025,100
33026,100
33027,100
33028,100
33029,100
33030,100
33031,100
33032,0
33033,100
33034,0
33035,100
33036,0
33037,100
33038,0
33039,100
33040,0
33041,100
33042,0
33043,100
33044,0
33045,100
33046,0
33047,100
33048,100
33049,100
33050,100
33051,100
33052,0
33053,100
33054,100
33055,100
33056,100
33057,100
33058,100
33059,100
33060,100
33061,100
33062,100
33063,100
33064,100
33065,100
33066,100
33067,0
33068,100
33069,0
33070,100
33071,0
33072,100
33073,0
33074,100
33075,0
33076,100
33077,0
33078,100
33079,0
33080,100
33081,0
33082,100
33083,100
33084,100
33085,100
33086,100
33087,100
33088,100
33089,100
33090,100
33091,100
33092,100
33093,100
33094,100
33095,100
33096,100
33097,100
33098,100
33099,100
33100,100
33101,100
33102,100
33103,100
33104,0
33105,100
33106,0
33107,100
33108,0
33109,100
33110,0
33111,100
33112,0
33113,100
33114,0
33115,100
33116,0
33117,100
33118,0
33119,100
33120,100
33121,100
33122,100
33123,100
33124,100
33125,100
33126,100
33127,100
33128,100
33129,100
33130,100
33131,100
33132,100
33133,100
33134,100
33135,100
33136,100
33137,100
33138,100
33139,0
33140,100
33141,0
33142,100
33143,0
33144,100
33145,0
33146,100
33147,0
33148,100
33149,0
33150,100
33151,0
33152,100
33153,100
33154,100
33155,100
33156,100
33157,100
33158,100
33159,100
33160,100
33161,100
33162,100
33163,100
33164,100
33165,100
33166,100
33167,100
33168,100
33169,100
33170,100
33171,100
33172,100
33173,100
33174,0
33175,100
33176,0
33177,100
33178,0
33179,100
33180,0
33181,100
33182,0
33183,100
33184,0
33185,100
33186,0
33187,100
33188,0
33189,100
33190,100
33191,100
33192,100
33193,100
33194,100
33195,100
33196,100
33197,100
33198,100
33199,100
33200,100
33201,100
33202,100
33203,100
33204,100
33205,100
33206,100
33207,100
33208,100
33209,0
33210,100
33211,0
33212,100
33213,0
33214,100
33215,0
33216,100
33217,0
33218,100
33219,0
33220,100
33221,0
33222,100
33223,0
33224,100
33225,100
33226,100
33227,100
33228,100
33229,100
33230,100
33231,100
33232,100
33233,100
33234,100
33235,100
33236,100
33237,100
33238,100
33239,100
33240,100
33241,100
33242,100
33243,100
33244,0
33245,100
33246,0
33247,100
33248,0
33249,100
33250,0
33251,100
33252,0
33253,100
33254,0
33255,100
33256,0
33257,100
33258,0
33259,100
33260,100
33261,100
33262,100
33263,100
33264,100
33265,100
33266,100
33267,100
33268,100
33269,100
33270,100
33271,100
33272,100
33273,100
33274,100
33275,100
33276,100
33277,100
33278,100
33279,0
33280,100
33281,0
33282,100
33283,0
33284,100
33285,0
33286,100
33287,0
33288,100
33289,0
33290,100
33291,0
33292,100
33293,0
33294,100
33295,100
33296,100
33297,100
33298,100
33299,100
33300,100
33301,100
33302,100
33303,100
33304,100
33305,100
33306,100
33307,100
33308,100
33309,100
33310,100
33311,100
33312,100
33313,100
33314,0
33315,100
33316,0
33317,100
33318,0
33319,100
33320,0
33321,100
33322,0
33323,100
33324,0
33325,100
33326,0
33327,100
33328,0
33329,100
33330,100
33331,100
33332,100
33333,100
33334,100
33335,100
33336,100
33337,100
33338,100
33339,100
33340,100
33341,100
33342,100
33343,100
33344,100
33345,100
33346,100
33347,100
33348,100
33349,100
33350,100
33351,0
33352,100
33353,0
33354,100
33355,0
33356,100
33357,0
33358,100
33359,0
33360,100
33361,0
33362,100
33363,0
33364,100
33365,100
33366,100
33367,100
33368,100
33369,100
33370,100
33371,100
33372,100
33373,100
33374,100
33375,100
33376,100
33377,100
33378,100
33379,100
33380,100
33381,100
33382,100
33383,100
33384,100
33385,100
33386,0
33387,100
33388,0
33389,100
33390,0
33391,100
33392,0
33393,100
33394,0
33395,100
33396,0
33397,100
33398,0
33399,100
33400,0
33401,100
33402,100
33403,100
33404,100
33405,100
33406,100
33407,100
33408,100
33409,100
33410,100
33411,100
33412,100
33413,100
33414,100
33415,0
33416,100
33417,100
33418,100
33419,100
33420,100
33421,0
33422,100
33423,0
33424,100
33425,0
33426,100
33427,0
33428,100
33429,0
33430,100
33431,0
33432,100
33433,0
33434,100
33435,0
33436,100
33437,100
33438,100
33439,100
33440,100
33441,100
33442,100
33443,100
33444,100
33445,100
33446,100
33447,100
33448,100
33449,100
33450,0
33451,100
33452,0
33453,100
33454,100
33455,100
33456,0
33457,100
33458,0
33459,100
33460,0
33461,100
33462,0
33463,100
33464,0
33465,100
33466,0
33467,100
33468,0
33469,100
33470,0
33471,100
33472,100
33473,100
33474,100
33475,100
33476,100
33477,100
33478,100
33479,100
33480,100
33481,100
33482,100
33483,100
33484,100
33485,0
33486,100
33487,0
33488,100
33489,0
33490,100
33491,0
33492,100
33493,0
33494,100
33495,0
33496,100
33497,0
33498,100
33499,0
33500,100
33501,0
33502,100
33503,0
33504,100
33505,0
33506,100
33507,100
33508,100
33509,100
33510,100
33511,100
33512,100
33513,100
33514,100
33515,100
33516,100
33517,100
33518,100
33519,100
33520,0
33521,100
33522,0
33523,100
33524,0
33525,100
33526,0
33527,100
33528,0
33529,100
33530,0
33531,100
33532,0
33533,100
33534,0
33535,100
33536,0
33537,100
33538,0
33539,100
33540,0
33541,100
33542,100
33543,100
33544,100
33545,100
33546,100
33547,100
33548,100
33549,100
33550,100
33551,100
33552,100
33553,100
33554,100
33555,0
33556,100
33557,0
33558,100
33559,0
33560,100
33561,0
33562,100
33563,0
33564,100
33565,0
33566,100
33567,0
33568,100
33569,0
33570,100
33571,0
33572,100
33573,0
33574,100
33575,0
33576,100
33577,100
33578,100
33579,100
33580,100
33581,100
33582,100
33583,100
33584,100
33585,100
33586,100
33587,100
33588,100
33589,100
33590,100
33591,100
33592,0
33593,100
33594,0
33595,100
33596,0
33597,100
33598,0
33599,100
33600,0
33601,100
33602,0
33603,100
33604,0
33605,100
33606,0
33607,100
33608,0
33609,100
33610,0
33611,100
33612,100
33613,100
33614,100
33615,100
33616,100
33617,100
33618,100
33619,100
33620,100
33621,100
33622,100
33623,100
33624,100
33625,100
33626,100
33627,0
33628,100
33629,0
33630,100
33631,0
33632,100
33633,0
33634,100
33635,0
33636,100
33637,0
33638,100
33639,0
33640,100
33641,0
33642,100
33643,0
33644,100
33645,0
33646,100
33647,0
33648,100
33649,100
33650,100
33651,100
33652,100
33653,100
33654,100
33655,100
33656,100
33657,100
33658,100
33659,100
33660,100
33661,100
33662,0
33663,100
33664,0
33665,100
33666,0
33667,100
33668,0
33669,100
33670,0
33671,0
33672,100
33673,100
33674,100
33675,100
33676,100
33677,100
33678,100
33679,0
33680,100
33681,100
33682,100
33683,100
33684,100
33685,100
33686,100
33687,100
33688,100
33689,100
33690,100
33691,0
33692,100
33693,100
33694,0
33695,100
33696,100
33697,100
33698,100
33699,0
33700,100
33701,100
33702,0
33703,100
33704,100
33705,100
33706,100
33707,100
33708,100
33709,100
33710,100
33711,0
33712,100
33713,300
33714,100
33715,100
33716,100
33717,100
33718,100
33719,200
33720,100
33721,100
33722,100
33723,100
33724,0
33725,100
33726,100
33727,100
33728,100
33729,100
33730,100
33731,100
33732,100
33733,0
33734,100
33735,100
33736,200
33737,200
33738,100
33739,100
33740,0
33741,100
33742,100
33743,0
33744,100
33745,100
33746,0
33747,100
33748,100
33749,100
33750,0
33751,100
33752,100
33753,0
33754,200
33755,0
33756,100
33757,100
33758,100
33759,100
33760,100
33761,0
33762,100
33763,100
33764,100
33765,100
33766,100
33767,100
33768,200
33769,0
33770,100
33771,100
33772,100
33773,100
33774,100
33775,100
33776,0
33777,100
33778,100
33779,100
33780,100
33781,100
33782,0
33783,100
33784,100
33785,0
33786,100
33787,100
33788,0
33789,100
33790,100
33791,100
33792,100
33793,0
33794,100
33795,100
33796,0
33797,100
33798,100
33799,0
33800,200
33801,0
33802,100
33803,0
33804,100
33805,0
33806,100
33807,0
33808,100
33809,0
33810,100
33811,0
33812,100
33813,0
33814,100
33815,0
33816,100
33817,0
33818,100
33819,0
33820,100
33821,0
33822,100
33823,100
33824,100
33825,100
33826,100
33827,100
33828,100
33829,100
33830,100
33831,100
33832,100
33833,100
33834,100
33835,100
33836,100
33837,100
33838,100
33839,100
33840,100
33841,100
33842,0
33843,100
33844,0
33845,100
33846,0
33847,100
33848,0
33849,100
33850,100
33851,100
33852,0
33853,100
33854,0
33855,100
33856,0
33857,100
33858,0
33859,100
33860,0
33861,100
33862,0
33863,100
33864,0
33865,100
33866,0
33867,100
33868,0
33869,100
33870,0
33871,100
33872,0
33873,100
33874,100
33875,100
33876,100
33877,100
33878,100
33879,100
33880,100
33881,100
33882,100
33883,100
33884,100
33885,100
33886,100
33887,100
33888,100
33889,100
33890,100
33891,100
33892,100
33893,100
33894,100
33895,100
33896,100
33897,100
33898,100
33899,100
33900,100
33901,100
33902,100
33903,0
33904,100
33905,0
33906,100
33907,0
33908,100
33909,0
33910,100
33911,0
33912,100
33913,0
33914,100
33915,0
33916,100
33917,0
33918,100
33919,0
33920,100
33921,0
33922,100
33923,0
33924,100
33925,0
33926,100
33927,0
33928,100
33929,0
33930,100
33931,0
33932,100
33933,0
33934,100
33935,100
33936,100
33937,100
33938,100
33939,100
33940,100
33941,100
33942,100
33943,100
33944,100
33945,100
33946,100
33947,100
33948,100
33949,100
33950,100
33951,100
33952,100
33953,100
33954,100
33955,100
33956,0
33957,100
33958,100
33959,100
33960,100
33961,100
33962,100
33963,100
33964,0
33965,100
33966,0
33967,100
33968,0
33969,100
33970,0
33971,100
33972,0
33973,100
33974,0
33975,100
33976,0
33977,100
33978,0
33979,100
33980,0
33981,100
33982,0
33983,100
33984,0
33985,100
33986,100
33987,100
33988,100
33989,100
33990,100
33991,100
33992,100
33993,100
33994,100
33995,100
33996,100
33997,100
33998,100
33999,100
34000,100
34001,100
34002,100
34003,100
34004,100
34005,100
34006,100
34007,100
34008,100
34009,100
34010,100
34011,100
34012,100
34013,100
34014,100
34015,0
34016,100
34017,0
34018,100
34019,0
34020,100
34021,0
34022,100
34023,0
34024,100
34025,0
34026,100
34027,0
34028,100
34029,0
34030,100
34031,0
34032,100
34033,0
34034,100
34035,0
34036,100
34037,0
34038,100
34039,0
34040,100
34041,0
34042,100
34043,0
34044,100
34045,0
34046,100
34047,100
34048,100
34049,100
34050,100
34051,100
34052,100
34053,100
34054,100
34055,100
34056,100
34057,100
34058,100
34059,100
34060,100
34061,100
34062,100
34063,100
34064,100
34065,100
34066,100
34067,100
34068,100
34069,100
34070,100
34071,100
34072,100
34073,100
34074,100
34075,100
34076,0
34077,100
34078,0
34079,100
34080,0
34081,100
34082,0
34083,100
34084,0
34085,100
34086,0
34087,100
34088,0
34089,100
34090,0
34091,100
34092,0
34093,100
34094,0
34095,100
34096,0
34097,100
34098,100
34099,100
34100,100
34101,100
34102,100
34103,100
34104,0
34105,100
34106,0
34107,100
34108,100
34109,100
34110,100
34111,100
34112,100
34113,100
34114,100
34115,100
34116,100
34117,100
34118,100
34119,100
34120,100
34121,100
34122,100
34123,100
34124,100
34125,100
34126,100
34127,0
34128,100
34129,0
34130,100
34131,0
34132,100
34133,0
34134,100
34135,0
34136,100
34137,0
34138,100
34139,0
34140,100
34141,0
34142,100
34143,0
34144,100
34145,0
34146,100
34147,0
34148,100
34149,0
34150,100
34151,0
34152,100
34153,0
34154,100
34155,0
34156,100
34157,0
34158,100
34159,100
34160,100
34161,100
34162,100
34163,100
34164,100
34165,100
34166,100
34167,100
34168,100
34169,100
34170,100
34171,100
34172,100
34173,100
34174,100
34175,100
34176,100
34177,100
34178,100
34179,100
34180,100
34181,100
34182,100
34183,100
34184,100
34185,100
34186,100
34187,100
34188,0
34189,100
34190,0
34191,100
34192,0
34193,100
34194,0
34195,100
34196,0
34197,100
34198,0
34199,100
34200,0
34201,100
34202,0
34203,100
34204,0
34205,100
34206,0
34207,100
34208,0
34209,100
34210,0
34211,100
34212,100
34213,100
34214,0
34215,100
34216,0
34217,100
34218,0
34219,100
34220,100
34221,100
34222,100
34223,100
34224,100
34225,100
34226,100
34227,100
34228,100
34229,100
34230,100
34231,100
34232,100
34233,100
34234,100
34235,100
34236,100
34237,100
34238,100
34239,0
34240,100
34241,0
34242,100
34243,0
34244,100
34245,0
34246,100
34247,0
34248,100
34249,0
34250,100
34251,0
34252,100
34253,0
34254,100
34255,0
34256,100
34257,0
34258,100
34259,0
34260,100
34261,0
34262,100
34263,0
34264,100
34265,0
34266,100
34267,0
34268,100
34269,0
34270,100
34271,0
34272,100
34273,100
34274,100
34275,100
34276,100
34277,100
34278,100
34279,100
34280,100
34281,100
34282,100
34283,100
34284,100
34285,100
34286,100
34287,100
34288,100
34289,100
34290,100
34291,100
34292,100
34293,100
34294,100
34295,100
34296,100
34297,100
34298,100
34299,100
34300,0
34301,100
34302,0
34303,100
34304,0
34305,100
34306,0
34307,100
34308,0
34309,100
34310,0
34311,100
34312,0
34313,100
34314,0
34315,100
34316,0
34317,100
34318,0
34319,100
34320,0
34321,100
34322,0
34323,100
34324,0
34325,100
34326,0
34327,100
34328,0
34329,100
34330,0
34331,100
34332,100
34333,100
34334,100
34335,100
34336,100
34337,100
34338,100
34339,100
34340,100
34341,100
34342,100
34343,100
34344,100
34345,100
34346,100
34347,100
34348,100
34349,100
34350,100
34351,100
34352,100
34353,0
34354,100
34355,0
34356,100
34357,0
34358,100
34359,100
34360,100
34361,0
34362,100
34363,0
34364,100
34365,0
34366,100
34367,0
34368,100
34369,0
34370,100
34371,0
34372,100
34373,0
34374,100
34375,0
34376,100
34377,0
34378,100
34379,0
34380,100
34381,0
34382,100
34383,0
34384,100
34385,100
34386,100
34387,100
34388,100
34389,100
34390,100
34391,100
34392,100
34393,100
34394,100
34395,100
34396,100
34397,100
34398,100
34399,100
34400,100
34401,100
34402,100
34403,100
34404,100
34405,100
34406,100
34407,100
34408,100
34409,100
34410,100
34411,100
34412,0
34413,100
34414,0
34415,100
34416,0
34417,100
34418,0
34419,100
34420,0
34421,100
34422,0
34423,100
34424,0
34425,100
34426,0
34427,100
34428,0
34429,100
34430,0
34431,100
34432,0
34433,100
34434,0
34435,100
34436,0
34437,100
34438,0
34439,100
34440,0
34441,100
34442,0
34443,100
34444,0
34445,100
34446,100
34447,100
34448,100
34449,100
34450,100
34451,100
34452,100
34453,100
34454,100
34455,100
34456,100
34457,100
34458,100
34459,100
34460,100
34461,100
34462,100
34463,100
34464,100
34465,0
34466,100
34467,100
34468,100
34469,100
34470,100
34471,100
34472,100
34473,0
34474,100
34475,0
34476,100
34477,0
34478,100
34479,0
34480,100
34481,0
34482,100
34483,0
34484,100
34485,0
34486,100
34487,0
34488,100
34489,0
34490,100
34491,0
34492,100
34493,0
34494,100
34495,0
34496,100
34497,100
34498,100
34499,100
34500,100
34501,100
34502,100
34503,100
34504,100
34505,100
34506,100
34507,100
34508,100
34509,100
34510,100
34511,100
34512,100
34513,100
34514,100
34515,100
34516,100
34517,100
34518,100
34519,100
34520,100
34521,100
34522,100
34523,100
34524,100
34525,100
34526,0
34527,100
34528,0
34529,100
34530,0
34531,100
34532,0
34533,100
34534,0
34535,100
34536,0
34537,100
34538,0
34539,100
34540,0
34541,100
34542,0
34543,100
34544,0
34545,100
34546,0
34547,100
34548,0
34549,100
34550,0
34551,100
34552,0
34553,100
34554,0
34555,100
34556,0
34557,100
34558,100
34559,100
34560,100
34561,100
34562,100
34563,100
34564,100
34565,100
34566,100
34567,100
34568,100
34569,100
34570,100
34571,100
34572,100
34573,100
34574,100
34575,100
34576,100
34577,100
34578,100
34579,100
34580,100
34581,100
34582,100
34583,100
34584,100
34585,100
34586,100
34587,0
34588,100
34589,0
34590,100
34591,0
34592,100
34593,0
34594,100
34595,0
34596,100
34597,0
34598,100
34599,0
34600,100
34601,0
34602,100
34603,0
34604,100
34605,0
34606,100
34607,0
34608,100
34609,100
34610,100
34611,100
34612,100
34613,0
34614,100
34615,0
34616,100
34617,100
34618,100
34619,100
34620,100
34621,100
34622,100
34623,100
34624,100
34625,100
34626,100
34627,100
34628,100
34629,100
34630,100
34631,100
34632,100
34633,100
34634,100
34635,100
34636,100
34637,100
34638,0
34639,100
34640,0
34641,100
34642,0
34643,100
34644,0
34645,100
34646,0
34647,100
34648,0
34649,100
34650,0
34651,100
34652,0
34653,100
34654,0
34655,100
34656,0
34657,100
34658,0
34659,100
34660,0
34661,100
34662,0
34663,100
34664,0
34665,100
34666,0
34667,100
34668,0
34669,100
34670,100
34671,100
34672,100
34673,100
34674,100
34675,100
34676,100
34677,100
34678,100
34679,100
34680,100
34681,100
34682,100
34683,100
34684,100
34685,100
34686,100
34687,100
34688,100
34689,100
34690,100
34691,100
34692,100
34693,100
34694,100
34695,100
34696,100
34697,100
34698,100
34699,0
34700,100
34701,0
34702,100
34703,0
34704,100
34705,0
34706,100
34707,0
34708,100
34709,0
34710,100
34711,0
34712,100
34713,0
34714,100
34715,0
34716,100
34717,0
34718,100
34719,0
34720,100
34721,100
34722,100
34723,0
34724,100
34725,0
34726,100
34727,0
34728,100
34729,100
34730,100
34731,100
34732,100
34733,100
34734,100
34735,100
34736,100
34737,100
34738,100
34739,100
34740,100
34741,100
34742,100
34743,100
34744,100
34745,100
34746,100
34747,100
34748,100
34749,100
34750,0
34751,100
34752,0
34753,100
34754,0
34755,100
34756,0
34757,100
34758,100
34759,100
34760,0
34761,100
34762,0
34763,100
34764,0
34765,100
34766,0
34767,100
34768,0
34769,100
34770,0
34771,100
34772,0
34773,100
34774,0
34775,100
34776,0
34777,100
34778,0
34779,100
34780,0
34781,100
34782,100
34783,100
34784,100
34785,100
34786,100
34787,100
34788,100
34789,100
34790,100
34791,100
34792,100
34793,100
34794,100
34795,100
34796,100
34797,100
34798,100
34799,100
34800,100
34801,100
34802,100
34803,100
34804,100
34805,100
34806,100
34807,100
34808,100
34809,100
34810,100
34811,0
34812,100
34813,0
34814,100
34815,0
34816,100
34817,0
34818,100
34819,0
34820,100
34821,0
34822,100
34823,0
34824,100
34825,0
34826,100
34827,0
34828,100
34829,0
34830,100
34831,0
34832,100
34833,0
34834,100
34835,0
34836,100
34837,0
34838,100
34839,0
34840,100
34841,0
34842,100
34843,100
34844,100
34845,100
34846,100
34847,100
34848,100
34849,100
34850,100
34851,100
34852,100
34853,100
34854,100
34855,100
34856,100
34857,100
34858,100
34859,100
34860,100
34861,100
34862,100
34863,100
34864,0
34865,100
34866,0
34867,100
34868,100
34869,100
34870,100
34871,100
34872,0
34873,100
34874,0
34875,100
34876,0
34877,100
34878,0
34879,100
34880,0
34881,100
34882,0
34883,100
34884,0
34885,100
34886,0
34887,100
34888,0
34889,100
34890,0
34891,100
34892,0
34893,100
34894,100
34895,100
34896,100
34897,100
34898,100
34899,100
34900,100
34901,100
34902,100
34903,100
34904,100
34905,100
34906,100
34907,100
34908,100
34909,100
34910,100
34911,100
34912,100
34913,100
34914,100
34915,100
34916,100
34917,100
34918,100
34919,100
34920,100
34921,100
34922,100
34923,0
34924,100
34925,0
34926,100
34927,0
34928,100
34929,0
34930,100
34931,0
34932,100
34933,0
34934,100
34935,0
34936,100
34937,0
34938,100
34939,0
34940,100
34941,0
34942,100
34943,0
34944,100
34945,0
34946,100
34947,0
34948,100
34949,0
34950,100
34951,0
34952,100
34953,0
34954,100
34955,100
34956,100
34957,100
34958,100
34959,100
34960,100
34961,100
34962,100
34963,100
34964,100
34965,100
34966,100
34967,100
34968,100
34969,100
34970,100
34971,100
34972,100
34973,100
34974,100
34975,100
34976,100
34977,100
34978,100
34979,100
34980,100
34981,100
34982,100
34983,100
34984,0
34985,100
34986,0
34987,100
34988,0
34989,100
34990,0
34991,100
34992,0
34993,100
34994,0
34995,100
34996,0
34997,100
34998,0
34999,100
35000,0
35001,100
35002,0
35003,100
35004,0
35005,100
35006,100
35007,100
35008,100
35009,100
35010,100
35011,100
35012,100
35013,100
35014,0
35015,100
35016,100
35017,100
35018,100
35019,100
35020,100
35021,100
35022,100
35023,100
35024,100
35025,100
35026,100
35027,100
35028,100
35029,100
35030,100
35031,100
35032,100
35033,100
35034,100
35035,0
35036,100
35037,0
35038,100
35039,0
35040,100
35041,0
35042,100
35043,0
35044,100
35045,0
35046,100
35047,0
35048,100
35049,0
35050,100
35051,0
35052,100
35053,0
35054,100
35055,0
35056,100
35057,0
35058,100
35059,0
35060,100
35061,0
35062,100
35063,0
35064,100
35065,0
35066,100
35067,100
35068,100
35069,100
35070,100
35071,100
35072,100
35073,100
35074,100
35075,100
35076,100
35077,100
35078,100
35079,100
35080,100
35081,100
35082,100
35083,100
35084,100
35085,100
35086,100
35087,100
35088,100
35089,100
35090,100
35091,100
35092,100
35093,100
35094,100
35095,100
35096,0
35097,100
35098,0
35099,100
35100,0
35101,100
35102,0
35103,100
35104,0
35105,100
35106,0
35107,100
35108,0
35109,100
35110,0
35111,100
35112,0
35113,100
35114,0
35115,100
35116,0
35117,100
35118,0
35119,100
35120,100
35121,100
35122,0
35123,100
35124,0
35125,100
35126,0
35127,100
35128,100
35129,100
35130,100
35131,100
35132,100
35133,100
35134,100
35135,100
35136,100
35137,100
35138,100
35139,100
35140,100
35141,100
35142,100
35143,100
35144,100
35145,100
35146,100
35147,0
35148,100
35149,0
35150,100
35151,0
35152,100
35153,0
35154,100
35155,0
35156,100
35157,0
35158,100
35159,0
35160,100
35161,0
35162,100
35163,0
35164,100
35165,0
35166,100
35167,0
35168,100
35169,0
35170,100
35171,0
35172,100
35173,0
35174,100
35175,0
35176,100
35177,0
35178,100
35179,100
35180,100
35181,100
35182,100
35183,100
35184,100
35185,100
35186,100
35187,100
35188,100
35189,100
35190,100
35191,100
35192,100
35193,100
35194,100
35195,100
35196,100
35197,100
35198,100
35199,100
35200,100
35201,100
35202,100
35203,100
35204,100
35205,100
35206,100
35207,100
35208,0
35209,100
35210,0
35211,100
35212,0
35213,100
35214,0
35215,100
35216,0
35217,100
35218,0
35219,100
35220,0
35221,100
35222,0
35223,100
35224,0
35225,100
35226,0
35227,100
35228,0
35229,100
35230,0
35231,100
35232,0
35233,100
35234,0
35235,100
35236,0
35237,100
35238,0
35239,100
35240,100
35241,100
35242,100
35243,100
35244,100
35245,100
35246,100
35247,100
35248,100
35249,100
35250,100
35251,100
35252,100
35253,100
35254,100
35255,100
35256,100
35257,100
35258,100
35259,100
35260,100
35261,0
35262,100
35263,0
35264,100
35265,0
35266,100
35267,100
35268,100
35269,0
35270,100
35271,0
35272,100
35273,0
35274,100
35275,0
35276,100
35277,0
35278,100
35279,0
35280,100
35281,0
35282,100
35283,0
35284,100
35285,0
35286,100
35287,0
35288,100
35289,0
35290,100
35291,0
35292,100
35293,100
35294,100
35295,100
35296,100
35297,100
35298,100
35299,100
35300,100
35301,100
35302,100
35303,100
35304,100
35305,100
35306,100
35307,100
35308,100
35309,100
35310,100
35311,100
35312,100
35313,100
35314,100
35315,100
35316,100
35317,100
35318,100
35319,100
35320,0
35321,100
35322,0
35323,100
35324,0
35325,100
35326,0
35327,100
35328,0
35329,100
35330,0
35331,100
35332,0
35333,100
35334,0
35335,100
35336,0
35337,100
35338,0
35339,100
35340,0
35341,100
35342,0
35343,100
35344,0
35345,100
35346,0
35347,100
35348,0
35349,100
35350,0
35351,100
35352,100
35353,100
35354,100
35355,100
35356,100
35357,100
35358,100
35359,100
35360,100
35361,100
35362,100
35363,100
35364,100
35365,100
35366,100
35367,100
35368,100
35369,100
35370,100
35371,100
35372,100
35373,0
35374,100
35375,0
35376,100
35377,100
35378,100
35379,100
35380,100
35381,0
35382,100
35383,0
35384,100
35385,0
35386,100
35387,0
35388,100
35389,0
35390,100
35391,0
35392,100
35393,0
35394,100
35395,0
35396,100
35397,0
35398,100
35399,0
35400,100
35401,0
35402,100
35403,0
35404,100
35405,100
35406,100
35407,100
35408,100
35409,100
35410,100
35411,100
35412,100
35413,100
35414,100
35415,100
35416,100
35417,100
35418,100
35419,100
35420,100
35421,100
35422,100
35423,100
35424,100
35425,100
35426,100
35427,100
35428,100
35429,100
35430,100
35431,100
35432,100
35433,100
35434,0
35435,100
35436,0
35437,100
35438,0
35439,100
35440,0
35441,100
35442,0
35443,100
35444,0
35445,100
35446,0
35447,100
35448,0
35449,100
35450,0
35451,100
35452,0
35453,100
35454,0
35455,100
35456,0
35457,100
35458,0
35459,100
35460,0
35461,100
35462,0
35463,100
35464,0
35465,100
35466,100
35467,100
35468,100
35469,100
35470,100
35471,100
35472,100
35473,100
35474,100
35475,100
35476,100
35477,100
35478,100
35479,100
35480,100
35481,100
35482,100
35483,100
35484,100
35485,0
35486,100
35487,100
35488,100
35489,100
35490,100
35491,100
35492,100
35493,100
35494,100
35495,0
35496,100
35497,0
35498,100
35499,0
35500,100
35501,0
35502,100
35503,0
35504,100
35505,0
35506,100
35507,0
35508,100
35509,0
35510,100
35511,0
35512,100
35513,0
35514,100
35515,0
35516,100
35517,100
35518,100
35519,100
35520,100
35521,100
35522,100
35523,0
35524,100
35525,100
35526,100
35527,100
35528,100
35529,100
35530,100
35531,100
35532,100
35533,100
35534,100
35535,100
35536,100
35537,100
35538,100
35539,100
35540,100
35541,100
35542,100
35543,100
35544,100
35545,100
35546,0
35547,100
35548,0
35549,100
35550,0
35551,100
35552,0
35553,100
35554,0
35555,100
35556,0
35557,100
35558,0
35559,100
35560,0
35561,100
35562,0
35563,100
35564,0
35565,100
35566,0
35567,100
35568,0
35569,100
35570,0
35571,100
35572,0
35573,100
35574,0
35575,100
35576,0
35577,100
35578,100
35579,100
35580,100
35581,100
35582,100
35583,100
35584,100
35585,100
35586,100
35587,100
35588,100
35589,100
35590,100
35591,100
35592,100
35593,100
35594,100
35595,100
35596,100
35597,100
35598,100
35599,100
35600,100
35601,100
35602,100
35603,100
35604,100
35605,100
35606,100
35607,0
35608,100
35609,0
35610,100
35611,0
35612,100
35613,0
35614,100
35615,0
35616,100
35617,0
35618,100
35619,0
35620,100
35621,0
35622,100
35623,0
35624,100
35625,0
35626,100
35627,0
35628,100
35629,100
35630,100
35631,100
35632,100
35633,0
35634,100
35635,0
35636,100
35637,100
35638,100
35639,100
35640,100
35641,100
35642,100
35643,100
35644,100
35645,100
35646,100
35647,100
35648,100
35649,100
35650,100
35651,100
35652,100
35653,100
35654,100
35655,100
35656,100
35657,100
35658,0
35659,100
35660,0
35661,100
35662,0
35663,100
35664,0
35665,100
35666,0
35667,100
35668,0
35669,100
35670,0
35671,100
35672,0
35673,100
35674,0
35675,100
35676,0
35677,100
35678,0
35679,100
35680,0
35681,100
35682,0
35683,100
35684,0
35685,100
35686,0
35687,100
35688,0
35689,100
35690,0
35691,100
35692,100
35693,100
35694,100
35695,100
35696,100
35697,100
35698,100
35699,100
35700,100
35701,100
35702,100
35703,100
35704,100
35705,100
35706,100
35707,100
35708,100
35709,100
35710,100
35711,100
35712,100
35713,100
35714,100
35715,100
35716,100
35717,100
35718,100
35719,100
35720,100
35721,0
35722,100
35723,0
35724,100
35725,0
35726,100
35727,0
35728,100
35729,0
35730,100
35731,0
35732,100
35733,0
35734,100
35735,0
35736,100
35737,0
35738,100
35739,0
35740,100
35741,0
35742,100
35743,0
35744,100
35745,0
35746,100
35747,0
35748,100
35749,0
35750,100
35751,0
35752,100
35753,100
35754,100
35755,100
35756,100
35757,100
35758,100
35759,100
35760,100
35761,100
35762,100
35763,100
35764,100
35765,100
35766,100
35767,100
35768,100
35769,100
35770,100
35771,100
35772,0
35773,100
35774,0
35775,100
35776,0
35777,100
35778,100
35779,100
35780,100
35781,100
35782,0
35783,100
35784,0
35785,100
35786,0
35787,100
35788,0
35789,100
35790,0
35791,100
35792,0
35793,100
35794,0
35795,100
35796,0
35797,100
35798,0
35799,100
35800,0
35801,100
35802,0
35803,100
35804,100
35805,100
35806,100
35807,100
35808,100
35809,100
35810,100
35811,100
35812,100
35813,100
35814,100
35815,100
35816,100
35817,100
35818,100
35819,100
35820,100
35821,100
35822,100
35823,100
35824,100
35825,100
35826,100
35827,100
35828,100
35829,100
35830,100
35831,100
35832,100
35833,0
35834,100
35835,0
35836,100
35837,0
35838,100
35839,0
35840,100
35841,0
35842,100
35843,0
35844,100
35845,0
35846,100
35847,0
35848,100
35849,0
35850,100
35851,0
35852,100
35853,0
35854,100
35855,0
35856,100
35857,0
35858,100
35859,0
35860,100
35861,0
35862,100
35863,0
35864,100
35865,100
35866,100
35867,100
35868,100
35869,100
35870,100
35871,100
35872,100
35873,100
35874,100
35875,100
35876,100
35877,100
35878,100
35879,100
35880,100
35881,100
35882,100
35883,100
35884,100
35885,100
35886,100
35887,100
35888,100
35889,100
35890,0
35891,100
35892,0
35893,100
35894,0
35895,100
35896,0
35897,100
35898,0
35899,100
35900,0
35901,100
35902,0
35903,100
35904,0
35905,100
35906,0
35907,100
35908,100
35909,100
35910,100
35911,100
35912,100
35913,100
35914,100
35915,100
35916,100
35917,100
35918,100
35919,100
35920,100
35921,0
35922,100
35923,100
35924,100
35925,100
35926,100
35927,0
35928,100
35929,0
35930,100
35931,0
35932,100
35933,0
35934,100
35935,0
35936,100
35937,0
35938,100
35939,0
35940,100
35941,100
35942,100
35943,100
35944,100
35945,100
35946,100
35947,100
35948,100
35949,100
35950,100
35951,100
35952,100
35953,100
35954,100
35955,100
35956,0
35957,100
35958,0
35959,100
35960,100
35961,100
35962,0
35963,100
35964,0
35965,100
35966,0
35967,100
35968,0
35969,100
35970,0
35971,100
35972,0
35973,100
35974,0
35975,100
35976,0
35977,100
35978,100
35979,100
35980,100
35981,100
35982,100
35983,100
35984,100
35985,100
35986,100
35987,100
35988,100
35989,100
35990,100
35991,0
35992,100
35993,0
35994,100
35995,100
35996,100
35997,0
35998,100
35999,0
36000,100
36001,0
36002,100
36003,0
36004,100
36005,0
36006,100
36007,0
36008,100
36009,0
36010,100
36011,0
36012,100
36013,100
36014,100
36015,100
36016,100
36017,100
36018,100
36019,100
36020,100
36021,100
36022,100
36023,100
36024,100
36025,100
36026,0
36027,100
36028,0
36029,100
36030,0
36031,100
36032,0
36033,100
36034,0
36035,100
36036,0
36037,100
36038,0
36039,100
36040,0
36041,100
36042,0
36043,100
36044,0
36045,100
36046,100
36047,100
36048,100
36049,100
36050,100
36051,100
36052,100
36053,100
36054,100
36055,100
36056,100
36057,100
36058,100
36059,100
36060,100
36061,0
36062,100
36063,0
36064,100
36065,0
36066,100
36067,0
36068,100
36069,0
36070,100
36071,0
36072,100
36073,0
36074,100
36075,0
36076,100
36077,0
36078,100
36079,0
36080,100
36081,0
36082,100
36083,100
36084,100
36085,100
36086,100
36087,100
36088,100
36089,100
36090,100
36091,100
36092,100
36093,100
36094,100
36095,100
36096,0
36097,100
36098,0
36099,100
36100,0
36101,100
36102,0
36103,100
36104,0
36105,100
36106,0
36107,100
36108,0
36109,100
36110,0
36111,100
36112,0
36113,100
36114,0
36115,100
36116,0
36117,100
36118,100
36119,100
36120,100
36121,100
36122,100
36123,100
36124,100
36125,100
36126,100
36127,100
36128,100
36129,100
36130,100
36131,0
36132,100
36133,0
36134,100
36135,0
36136,100
36137,0
36138,100
36139,0
36140,100
36141,0
36142,100
36143,0
36144,100
36145,0
36146,100
36147,0
36148,100
36149,0
36150,100
36151,0
36152,100
36153,100
36154,100
36155,100
36156,100
36157,100
36158,100
36159,100
36160,100
36161,100
36162,100
36163,100
36164,100
36165,100
36166,0
36167,100
36168,0
36169,100
36170,0
36171,100
36172,0
36173,100
36174,0
36175,100
36176,0
36177,100
36178,0
36179,100
36180,0
36181,100
36182,0
36183,100
36184,0
36185,100
36186,0
36187,100
36188,100
36189,100
36190,100
36191,100
36192,100
36193,100
36194,100
36195,100
36196,100
36197,100
36198,100
36199,100
36200,100
36201,0
36202,100
36203,0
36204,100
36205,0
36206,100
36207,0
36208,100
36209,0
36210,100
36211,0
36212,100
36213,0
36214,100
36215,0
36216,100
36217,0
36218,100
36219,0
36220,100
36221,0
36222,100
36223,100
36224,100
36225,100
36226,100
36227,100
36228,100
36229,100
36230,100
36231,100
36232,100
36233,100
36234,100
36235,100
36236,100
36237,100
36238,0
36239,100
36240,0
36241,100
36242,0
36243,100
36244,0
36245,100
36246,0
36247,100
36248,0
36249,100
36250,0
36251,100
36252,0
36253,100
36254,0
36255,100
36256,0
36257,100
36258,100
36259,100
36260,100
36261,100
36262,100
36263,100
36264,100
36265,100
36266,100
36267,100
36268,100
36269,100
36270,100
36271,100
36272,100
36273,0
36274,100
36275,0
36276,100
36277,0
36278,100
36279,0
36280,100
36281,0
36282,100
36283,0
36284,100
36285,0
36286,100
36287,100
36288,100
36289,0
36290,100
36291,0
36292,100
36293,100
36294,100
36295,100
36296,100
36297,100
36298,100
36299,100
36300,100
36301,100
36302,100
36303,100
36304,100
36305,100
36306,100
36307,100
36308,0
36309,100
36310,0
36311,100
36312,0
36313,100
36314,0
36315,100
36316,0
36317,100
36318,0
36319,100
36320,0
36321,100
36322,0
36323,100
36324,0
36325,100
36326,0
36327,100
36328,0
36329,100
36330,100
36331,100
36332,100
36333,100
36334,100
36335,100
36336,100
36337,100
36338,100
36339,100
36340,100
36341,100
36342,100
36343,0
36344,100
36345,0
36346,100
36347,0
36348,100
36349,0
36350,100
36351,0
36352,100
36353,0
36354,100
36355,0
36356,100
36357,0
36358,100
36359,100
36360,100
36361,0
36362,100
36363,0
36364,100
36365,100
36366,100
36367,100
36368,100
36369,100
36370,100
36371,100
36372,100
36373,100
36374,100
36375,100
36376,100
36377,100
36378,0
36379,100
36380,0
36381,100
36382,0
36383,100
36384,0
36385,100
36386,0
36387,100
36388,0
36389,100
36390,0
36391,100
36392,0
36393,100
36394,100
36395,100
36396,100
36397,100
36398,0
36399,100
36400,100
36401,100
36402,100
36403,100
36404,100
36405,100
36406,100
36407,100
36408,100
36409,100
36410,100
36411,100
36412,100
36413,0
36414,100
36415,0
36416,100
36417,0
36418,100
36419,0
36420,100
36421,0
36422,100
36423,0
36424,100
36425,0
36426,100
36427,0
36428,100
36429,100
36430,100
36431,100
36432,100
36433,100
36434,100
36435,100
36436,100
36437,100
36438,100
36439,100
36440,100
36441,100
36442,100
36443,100
36444,100
36445,100
36446,100
36447,100
36448,0
36449,100
36450,0
36451,100
36452,0
36453,100
36454,0
36455,100
36456,0
36457,100
36458,0
36459,100
36460,0
36461,100
36462,0
36463,100
36464,100
36465,100
36466,100
36467,100
36468,100
36469,100
36470,100
36471,100
36472,100
36473,100
36474,100
36475,100
36476,100
36477,100
36478,100
36479,100
36480,100
36481,100
36482,100
36483,100
36484,100
36485,0
36486,100
36487,0
36488,100
36489,0
36490,100
36491,0
36492,100
36493,0
36494,100
36495,0
36496,100
36497,0
36498,100
36499,100
36500,100
36501,100
36502,100
36503,100
36504,100
36505,100
36506,100
36507,100
36508,100
36509,100
36510,100
36511,100
36512,100
36513,100
36514,100
36515,100
36516,100
36517,100
36518,0
36519,100
36520,0
36521,100
36522,0
36523,100
36524,0
36525,100
36526,0
36527,100
36528,0
36529,100
36530,0
36531,100
36532,0
36533,100
36534,0
36535,100
36536,100
36537,100
36538,100
36539,100
36540,100
36541,100
36542,100
36543,100
36544,100
36545,100
36546,100
36547,100
36548,100
36549,100
36550,100
36551,100
36552,100
36553,100
36554,100
36555,0
36556,100
36557,0
36558,100
36559,0
36560,100
36561,0
36562,100
36563,0
36564,100
36565,0
36566,100
36567,0
36568,100
36569,0
36570,100
36571,100
36572,100
36573,100
36574,100
36575,100
36576,100
36577,100
36578,100
36579,100
36580,100
36581,100
36582,100
36583,100
36584,100
36585,100
36586,100
36587,100
36588,100
36589,100
36590,0
36591,100
36592,0
36593,100
36594,0
36595,100
36596,0
36597,100
36598,0
36599,100
36600,0
36601,100
36602,0
36603,100
36604,0
36605,100
36606,100
36607,100
36608,100
36609,100
36610,100
36611,100
36612,100
36613,100
36614,100
36615,100
36616,100
36617,100
36618,100
36619,100
36620,100
36621,100
36622,100
36623,100
36624,100
36625,0
36626,100
36627,0
36628,100
36629,0
36630,100
36631,0
36632,100
36633,0
36634,100
36635,0
36636,100
36637,0
36638,100
36639,0
36640,100
36641,100
36642,100
36643,100
36644,100
36645,100
36646,100
36647,100
36648,100
36649,100
36650,100
36651,100
36652,100
36653,100
36654,100
36655,100
36656,100
36657,100
36658,100
36659,100
36660,0
36661,100
36662,0
36663,100
36664,0
36665,100
36666,0
36667,100
36668,0
36669,100
36670,0
36671,100
36672,0
36673,100
36674,0
36675,100
36676,100
36677,100
36678,100
36679,100
36680,100
36681,100
36682,100
36683,100
36684,100
36685,100
36686,100
36687,100
36688,100
36689,100
36690,100
36691,100
36692,100
36693,100
36694,100
36695,0
36696,100
36697,0
36698,100
36699,0
36700,100
36701,0
36702,100
36703,0
36704,100
36705,0
36706,100
36707,0
36708,100
36709,0
36710,100
36711,100
36712,100
36713,100
36714,100
36715,100
36716,100
36717,100
36718,100
36719,100
36720,100
36721,100
36722,100
36723,100
36724,100
36725,100
36726,100
36727,100
36728,100
36729,100
36730,0
36731,100
36732,0
36733,100
36734,0
36735,100
36736,0
36737,100
36738,0
36739,100
36740,0
36741,100
36742,0
36743,100
36744,0
36745,100
36746,100
36747,100
36748,100
36749,100
36750,100
36751,100
36752,100
36753,100
36754,100
36755,100
36756,100
36757,100
36758,100
36759,100
36760,100
36761,0
36762,100
36763,100
36764,100
36765,100
36766,100
36767,0
36768,100
36769,0
36770,100
36771,0
36772,100
36773,0
36774,100
36775,0
36776,100
36777,0
36778,100
36779,0
36780,100
36781,0
36782,100
36783,100
36784,100
36785,100
36786,100
36787,100
36788,100
36789,100
36790,100
36791,100
36792,100
36793,100
36794,100
36795,100
36796,0
36797,100
36798,100
36799,100
36800,100
36801,100
36802,0
36803,100
36804,0
36805,100
36806,0
36807,100
36808,0
36809,100
36810,0
36811,100
36812,0
36813,100
36814,0
36815,100
36816,0
36817,100
36818,100
36819,100
36820,100
36821,100
36822,100
36823,100
36824,100
36825,100
36826,100
36827,100
36828,100
36829,100
36830,100
36831,0
36832,100
36833,0
36834,100
36835,100
36836,100
36837,0
36838,100
36839,0
36840,100
36841,0
36842,100
36843,0
36844,100
36845,0
36846,100
36847,0
36848,100
36849,0
36850,100
36851,0
36852,100
36853,100
36854,100
36855,100
36856,100
36857,100
36858,100
36859,100
36860,100
36861,100
36862,100
36863,100
36864,100
36865,100
36866,0
36867,100
36868,0
36869,100
36870,0
36871,100
36872,0
36873,100
36874,0
36875,100
36876,0
36877,100
36878,0
36879,100
36880,0
36881,100
36882,0
36883,100
36884,0
36885,100
36886,0
36887,100
36888,100
36889,100
36890,100
36891,100
36892,100
36893,100
36894,100
36895,100
36896,100
36897,100
36898,100
36899,100
36900,100
36901,0
36902,100
36903,0
36904,100
36905,0
36906,100
36907,0
36908,100
36909,0
36910,100
36911,0
36912,100
36913,0
36914,100
36915,0
36916,100
36917,0
36918,100
36919,0
36920,100
36921,0
36922,100
36923,100
36924,100
36925,100
36926,100
36927,100
36928,100
36929,100
36930,100
36931,100
36932,100
36933,100
36934,100
36935,100
36936,0
36937,100
36938,0
36939,100
36940,0
36941,100
36942,0
36943,100
36944,0
36945,100
36946,0
36947,100
36948,0
36949,100
36950,0
36951,100
36952,0
36953,100
36954,0
36955,100
36956,0
36957,100
36958,100
36959,100
36960,100
36961,100
36962,100
36963,100
36964,100
36965,100
36966,100
36967,100
36968,100
36969,100
36970,100
36971,100
36972,100
36973,0
36974,100
36975,0
36976,100
36977,0
36978,100
36979,0
36980,100
36981,0
36982,100
36983,0
36984,100
36985,0
36986,100
36987,0
36988,100
36989,0
36990,100
36991,0
36992,100
36993,100
36994,100
36995,100
36996,100
36997,100
36998,100
36999,100
37000,100
37001,100
37002,100
37003,100
37004,100
37005,100
37006,100
37007,100
37008,0
37009,100
37010,0
37011,100
37012,0
37013,100
37014,0
37015,100
37016,0
37017,100
37018,0
37019,100
37020,0
37021,100
37022,0
37023,100
37024,0
37025,100
37026,0
37027,100
37028,0
37029,100
37030,100
37031,100
37032,100
37033,100
37034,100
37035,100
37036,100
37037,100
37038,100
37039,100
37040,100
37041,100
37042,100
37043,0
37044,100
37045,0
37046,100
37047,0
37048,100
37049,0
37050,100
37051,0
37052,100
37053,0
37054,100
37055,0
37056,100
37057,0
37058,100
37059,0
37060,100
37061,0
37062,100
37063,100
37064,100
37065,100
37066,100
37067,100
37068,100
37069,100
37070,100
37071,100
37072,100
37073,100
37074,100
37075,100
37076,100
37077,100
37078,0
37079,100
37080,0
37081,100
37082,0
37083,100
37084,0
37085,100
37086,0
37087,100
37088,0
37089,100
37090,0
37091,100
37092,0
37093,100
37094,0
37095,100
37096,0
37097,100
37098,0
37099,100
37100,100
37101,100
37102,100
37103,100
37104,100
37105,100
37106,100
37107,100
37108,100
37109,100
37110,100
37111,100
37112,100
37113,0
37114,100
37115,0
37116,100
37117,0
37118,100
37119,0
37120,100
37121,0
37122,100
37123,0
37124,100
37125,0
37126,100
37127,0
37128,100
37129,0
37130,100
37131,0
37132,100
37133,0
37134,100
37135,100
37136,100
37137,100
37138,100
37139,100
37140,100
37141,100
37142,100
37143,100
37144,100
37145,100
37146,100
37147,100
37148,0
37149,100
37150,0
37151,100
37152,0
37153,100
37154,0
37155,100
37156,0
37157,100
37158,0
37159,100
37160,0
37161,100
37162,0
37163,100
37164,0
37165,100
37166,0
37167,100
37168,0
37169,100
37170,100
37171,100
37172,100
37173,100
37174,100
37175,100
37176,100
37177,100
37178,100
37179,100
37180,100
37181,100
37182,100
37183,100
37184,100
37185,0
37186,100
37187,0
37188,100
37189,0
37190,100
37191,0
37192,100
37193,0
37194,100
37195,0
37196,100
37197,0
37198,100
37199,100
37200,100
37201,0
37202,100
37203,0
37204,100
37205,100
37206,100
37207,100
37208,100
37209,100
37210,100
37211,100
37212,100
37213,100
37214,100
37215,100
37216,100
37217,100
37218,0
37219,100
37220,0
37221,100
37222,0
37223,100
37224,0
37225,100
37226,0
37227,100
37228,0
37229,100
37230,0
37231,100
37232,0
37233,100
37234,100
37235,100
37236,100
37237,100
37238,0
37239,100
37240,100
37241,100
37242,100
37243,100
37244,100
37245,100
37246,100
37247,100
37248,100
37249,100
37250,100
37251,100
37252,100
37253,100
37254,100
37255,0
37256,100
37257,0
37258,100
37259,0
37260,100
37261,0
37262,100
37263,0
37264,100
37265,0
37266,100
37267,0
37268,100
37269,0
37270,100
37271,100
37272,100
37273,0
37274,100
37275,100
37276,100
37277,100
37278,100
37279,100
37280,100
37281,100
37282,100
37283,100
37284,100
37285,100
37286,100
37287,100
37288,100
37289,100
37290,0
37291,100
37292,0
37293,100
37294,0
37295,100
37296,0
37297,100
37298,0
37299,100
37300,0
37301,100
37302,0
37303,100
37304,0
37305,100
37306,100
37307,100
37308,100
37309,100
37310,0
37311,100
37312,100
37313,100
37314,100
37315,100
37316,100
37317,100
37318,100
37319,100
37320,100
37321,100
37322,100
37323,100
37324,100
37325,0
37326,100
37327,0
37328,100
37329,0
37330,100
37331,0
37332,100
37333,0
37334,100
37335,0
37336,100
37337,0
37338,100
37339,0
37340,100
37341,0
37342,100
37343,100
37344,100
37345,100
37346,100
37347,100
37348,100
37349,100
37350,100
37351,100
37352,100
37353,100
37354,100
37355,100
37356,100
37357,100
37358,100
37359,100
37360,100
37361,100
37362,0
37363,100
37364,0
37365,100
37366,0
37367,100
37368,0
37369,100
37370,0
37371,100
37372,0
37373,100
37374,0
37375,100
37376,100
37377,100
37378,100
37379,100
37380,100
37381,100
37382,100
37383,100
37384,100
37385,100
37386,100
37387,100
37388,100
37389,100
37390,100
37391,100
37392,100
37393,100
37394,100
37395,100
37396,100
37397,0
37398,100
37399,0
37400,100
37401,0
37402,100
37403,0
37404,100
37405,0
37406,100
37407,0
37408,100
37409,0
37410,100
37411,0
37412,100
37413,100
37414,100
37415,100
37416,100
37417,100
37418,100
37419,100
37420,100
37421,100
37422,100
37423,100
37424,100
37425,100
37426,100
37427,100
37428,100
37429,100
37430,100
37431,100
37432,0
37433,100
37434,0
37435,100
37436,0
37437,100
37438,0
37439,100
37440,0
37441,100
37442,0
37443,100
37444,0
37445,100
37446,0
37447,100
37448,100
37449,100
37450,100
37451,100
37452,100
37453,100
37454,100
37455,100
37456,100
37457,100
37458,100
37459,100
37460,100
37461,100
37462,100
37463,100
37464,100
37465,100
37466,100
37467,0
37468,100
37469,0
37470,100
37471,0
37472,100
37473,0
37474,100
37475,0
37476,100
37477,0
37478,100
37479,0
37480,100
37481,0
37482,100
37483,100
37484,100
37485,100
37486,100
37487,100
37488,100
37489,100
37490,100
37491,100
37492,100
37493,100
37494,100
37495,100
37496,100
37497,100
37498,100
37499,100
37500,100
37501,100
37502,0
37503,100
37504,0
37505,100
37506,0
37507,100
37508,0
37509,100
37510,0
37511,100
37512,0
37513,100
37514,0
37515,100
37516,0
37517,100
37518,100
37519,100
37520,100
37521,100
37522,100
37523,100
37524,100
37525,100
37526,100
37527,100
37528,100
37529,100
37530,100
37531,100
37532,100
37533,100
37534,100
37535,100
37536,100
37537,0
37538,100
37539,0
37540,100
37541,0
37542,100
37543,0
37544,100
37545,0
37546,100
37547,0
37548,100
37549,0
37550,100
37551,0
37552,100
37553,100
37554,100
37555,100
37556,100
37557,100
37558,100
37559,100
37560,100
37561,100
37562,100
37563,100
37564,100
37565,100
37566,100
37567,100
37568,100
37569,100
37570,100
37571,100
37572,100
37573,100
37574,0
37575,100
37576,0
37577,100
37578,0
37579,100
37580,0
37581,100
37582,0
37583,100
37584,0
37585,100
37586,0
37587,100
37588,100
37589,100
37590,100
37591,100
37592,100
37593,100
37594,100
37595,100
37596,100
37597,100
37598,100
37599,100
37600,100
37601,100
37602,100
37603,100
37604,100
37605,100
37606,100
37607,100
37608,100
37609,100
37610,100
37611,100
37612,100
37613,0
37614,100
37615,0
37616,100
37617,0
37618,100
37619,0
37620,100
37621,0
37622,100
37623,0
37624,100
37625,0
37626,100
37627,0
37628,100
37629,100
37630,100
37631,100
37632,100
37633,100
37634,100
37635,100
37636,100
37637,100
37638,100
37639,100
37640,100
37641,100
37642,100
37643,100
37644,100
37645,100
37646,100
37647,100
37648,0
37649,100
37650,0
37651,100
37652,0
37653,100
37654,0
37655,100
37656,0
37657,100
37658,0
37659,100
37660,0
37661,100
37662,0
37663,100
37664,100
37665,100
37666,100
37667,100
37668,100
37669,100
37670,100
37671,100
37672,100
37673,100
37674,100
37675,100
37676,100
37677,100
37678,100
37679,100
37680,100
37681,100
37682,100
37683,100
37684,100
37685,0
37686,100
37687,0
37688,100
37689,0
37690,100
37691,0
37692,100
37693,0
37694,100
37695,0
37696,100
37697,0
37698,100
37699,100
37700,100
37701,100
37702,100
37703,100
37704,100
37705,100
37706,100
37707,100
37708,100
37709,100
37710,100
37711,100
37712,100
37713,100
37714,100
37715,100
37716,100
37717,100
37718,100
37719,100
37720,0
37721,100
37722,0
37723,100
37724,0
37725,100
37726,0
37727,100
37728,0
37729,100
37730,0
37731,100
37732,0
37733,100
37734,100
37735,100
37736,100
37737,100
37738,100
37739,100
37740,100
37741,100
37742,100
37743,100
37744,100
37745,100
37746,100
37747,100
37748,100
37749,100
37750,100
37751,100
37752,100
37753,100
37754,100
37755,0
37756,100
37757,0
37758,100
37759,0
37760,100
37761,0
37762,100
37763,0
37764,100
37765,0
37766,100
37767,0
37768,100
37769,0
37770,100
37771,100
37772,100
37773,100
37774,100
37775,100
37776,100
37777,100
37778,100
37779,100
37780,100
37781,100
37782,100
37783,100
37784,100
37785,100
37786,100
37787,100
37788,100
37789,100
37790,0
37791,100
37792,0
37793,100
37794,0
37795,100
37796,0
37797,100
37798,0
37799,100
37800,0
37801,100
37802,0
37803,100
37804,0
37805,100
37806,100
37807,100
37808,100
37809,100
37810,100
37811,100
37812,100
37813,100
37814,100
37815,100
37816,100
37817,100
37818,100
37819,0
37820,100
37821,100
37822,100
37823,100
37824,100
37825,0
37826,100
37827,0
37828,100
37829,0
37830,100
37831,0
37832,100
37833,0
37834,100
37835,0
37836,100
37837,0
37838,100
37839,0
37840,100
37841,100
37842,100
37843,100
37844,100
37845,100
37846,100
37847,100
37848,100
37849,100
37850,100
37851,100
37852,100
37853,100
37854,0
37855,100
37856,0
37857,100
37858,100
37859,100
37860,0
37861,100
37862,0
37863,100
37864,0
37865,100
37866,0
37867,100
37868,0
37869,100
37870,0
37871,100
37872,0
37873,100
37874,0
37875,100
37876,100
37877,100
37878,100
37879,100
37880,100
37881,100
37882,100
37883,100
37884,100
37885,100
37886,100
37887,100
37888,100
37889,0
37890,100
37891,0
37892,100
37893,0
37894,100
37895,100
37896,100
37897,0
37898,100
37899,0
37900,100
37901,0
37902,100
37903,0
37904,100
37905,0
37906,100
37907,0
37908,100
37909,0
37910,100
37911,100
37912,100
37913,100
37914,100
37915,100
37916,100
37917,100
37918,100
37919,100
37920,100
37921,100
37922,100
37923,100
37924,100
37925,100
37926,0
37927,100
37928,0
37929,100
37930,0
37931,100
37932,0
37933,100
37934,0
37935,100
37936,0
37937,100
37938,0
37939,100
37940,0
37941,100
37942,0
37943,100
37944,0
37945,100
37946,100
37947,100
37948,100
37949,100
37950,100
37951,100
37952,100
37953,100
37954,100
37955,100
37956,100
37957,100
37958,100
37959,100
37960,100
37961,0
37962,100
37963,0
37964,100
37965,0
37966,100
37967,0
37968,100
37969,0
37970,100
37971,0
37972,100
37973,0
37974,100
37975,0
37976,100
37977,0
37978,100
37979,0
37980,100
37981,0
37982,100
37983,100
37984,100
37985,100
37986,100
37987,100
37988,100
37989,100
37990,100
37991,100
37992,100
37993,100
37994,100
37995,100
37996,0
37997,100
37998,0
37999,100
38000,0
38001,100
38002,0
38003,100
38004,0
38005,100
38006,0
38007,100
38008,0
38009,100
38010,0
38011,100
38012,0
38013,100
38014,0
38015,100
38016,0
38017,100
38018,100
38019,100
38020,100
38021,100
38022,100
38023,100
38024,100
38025,100
38026,100
38027,100
38028,100
38029,100
38030,100
38031,0
38032,100
38033,0
38034,100
38035,0
38036,100
38037,0
38038,100
38039,0
38040,100
38041,0
38042,100
38043,0
38044,100
38045,0
38046,100
38047,0
38048,100
38049,0
38050,100
38051,0
38052,100
38053,100
38054,100
38055,100
38056,100
38057,100
38058,100
38059,100
38060,100
38061,100
38062,100
38063,100
38064,100
38065,100
38066,0
38067,100
38068,0
38069,100
38070,0
38071,100
38072,0
38073,100
38074,0
38075,100
38076,0
38077,100
38078,0
38079,100
38080,0
38081,100
38082,0
38083,100
38084,0
38085,100
38086,0
38087,100
38088,100
38089,100
38090,100
38091,100
38092,100
38093,100
38094,100
38095,100
38096,100
38097,100
38098,100
38099,100
38100,100
38101,0
38102,100
38103,0
38104,100
38105,0
38106,100
38107,0
38108,100
38109,0
38110,100
38111,0
38112,100
38113,0
38114,100
38115,0
38116,100
38117,0
38118,100
38119,0
38120,100
38121,0
38122,100
38123,100
38124,100
38125,100
38126,100
38127,100
38128,100
38129,100
38130,100
38131,100
38132,100
38133,100
38134,100
38135,100
38136,0
38137,100
38138,0
38139,100
38140,0
38141,100
38142,0
38143,100
38144,0
38145,100
38146,0
38147,100
38148,0
38149,100
38150,0
38151,100
38152,0
38153,100
38154,0
38155,100
38156,0
38157,100
38158,100
38159,100
38160,100
38161,100
38162,100
38163,100
38164,100
38165,100
38166,100
38167,100
38168,100
38169,100
38170,100
38171,100
38172,100
38173,0
38174,100
38175,0
38176,100
38177,0
38178,100
38179,0
38180,100
38181,0
38182,100
38183,0
38184,100
38185,0
38186,100
38187,0
38188,100
38189,0
38190,100
38191,0
38192,100
38193,100
38194,100
38195,100
38196,100
38197,100
38198,100
38199,100
38200,100
38201,100
38202,100
38203,100
38204,100
38205,100
38206,100
38207,100
38208,0
38209,100
38210,0
38211,100
38212,0
38213,100
38214,0
38215,100
38216,0
38217,100
38218,0
38219,100
38220,0
38221,100
38222,100
38223,100
38224,0
38225,100
38226,0
38227,100
38228,0
38229,100
38230,100
38231,100
38232,100
38233,100
38234,100
38235,100
38236,100
38237,100
38238,100
38239,100
38240,100
38241,100
38242,100
38243,0
38244,100
38245,0
38246,100
38247,0
38248,100
38249,0
38250,100
38251,0
38252,100
38253,0
38254,100
38255,0
38256,100
38257,0
38258,100
38259,0
38260,100
38261,0
38262,100
38263,100
38264,100
38265,100
38266,100
38267,100
38268,100
38269,100
38270,100
38271,100
38272,100
38273,100
38274,100
38275,100
38276,100
38277,100
38278,0
38279,100
38280,0
38281,100
38282,0
38283,100
38284,0
38285,100
38286,0
38287,100
38288,0
38289,100
38290,0
38291,100
38292,0
38293,100
38294,100
38295,100
38296,0
38297,100
38298,0
38299,100
38300,100
38301,100
38302,100
38303,100
38304,100
38305,100
38306,100
38307,100
38308,100
38309,100
38310,100
38311,100
38312,100
38313,0
38314,100
38315,0
38316,100
38317,0
38318,100
38319,0
38320,100
38321,0
38322,100
38323,0
38324,100
38325,0
38326,100
38327,0
38328,100
38329,100
38330,100
38331,100
38332,100
38333,0
38334,100
38335,100
38336,100
38337,100
38338,100
38339,100
38340,100
38341,100
38342,100
38343,100
38344,100
38345,100
38346,100
38347,100
38348,0
38349,100
38350,0
38351,100
38352,0
38353,100
38354,0
38355,100
38356,0
38357,100
38358,0
38359,100
38360,0
38361,100
38362,0
38363,100
38364,100
38365,100
38366,100
38367,100
38368,100
38369,100
38370,100
38371,100
38372,100
38373,100
38374,100
38375,100
38376,100
38377,100
38378,100
38379,100
38380,100
38381,100
38382,100
38383,0
38384,100
38385,0
38386,100
38387,0
38388,100
38389,0
38390,100
38391,0
38392,100
38393,0
38394,100
38395,0
38396,100
38397,0
38398,100
38399,100
38400,100
38401,100
38402,100
38403,100
38404,100
38405,100
38406,100
38407,100
38408,100
38409,100
38410,100
38411,100
38412,100
38413,100
38414,100
38415,100
38416,100
38417,100
38418,0
38419,100
38420,0
38421,100
38422,0
38423,100
38424,0
38425,100
38426,0
38427,100
38428,0
38429,100
38430,0
38431,100
38432,0
38433,100
38434,100
38435,100
38436,100
38437,100
38438,100
38439,100
38440,100
38441,100
38442,100
38443,100
38444,100
38445,100
38446,100
38447,100
38448,100
38449,100
38450,100
38451,100
38452,100
38453,100
38454,100
38455,0
38456,100
38457,0
38458,100
38459,0
38460,100
38461,0
38462,100
38463,0
38464,100
38465,0
38466,100
38467,0
38468,100
38469,0
38470,100
38471,100
38472,100
38473,100
38474,100
38475,100
38476,100
38477,100
38478,100
38479,100
38480,100
38481,100
38482,100
38483,100
38484,100
38485,100
38486,100
38487,100
38488,100
38489,100
38490,0
38491,100
38492,0
38493,100
38494,0
38495,100
38496,0
38497,100
38498,0
38499,100
38500,0
38501,100
38502,0
38503,100
38504,0
38505,100
38506,100
38507,100
38508,100
38509,100
38510,100
38511,100
38512,100
38513,100
38514,100
38515,100
38516,100
38517,100
38518,100
38519,100
38520,100
38521,100
38522,100
38523,100
38524,100
38525,0
38526,100
38527,0
38528,100
38529,0
38530,100
38531,0
38532,100
38533,0
38534,100
38535,0
38536,100
38537,0
38538,100
38539,0
38540,100
38541,100
38542,100
38543,100
38544,100
38545,100
38546,100
38547,100
38548,100
38549,100
38550,100
38551,100
38552,100
38553,100
38554,100
38555,100
38556,100
38557,100
38558,100
38559,100
38560,0
38561,100
38562,0
38563,100
38564,0
38565,100
38566,0
38567,100
38568,0
38569,100
38570,0
38571,100
38572,0
38573,100
38574,0
38575,100
38576,100
38577,100
38578,100
38579,100
38580,100
38581,100
38582,100
38583,100
38584,100
38585,100
38586,100
38587,100
38588,100
38589,100
38590,100
38591,100
38592,100
38593,100
38594,100
38595,0
38596,100
38597,0
38598,100
38599,0
38600,100
38601,0
38602,100
38603,0
38604,100
38605,0
38606,100
38607,0
38608,100
38609,0
38610,100
38611,100
38612,100
38613,100
38614,100
38615,100
38616,100
38617,100
38618,100
38619,100
38620,100
38621,100
38622,100
38623,100
38624,100
38625,100
38626,100
38627,100
38628,100
38629,100
38630,0
38631,100
38632,0
38633,100
38634,0
38635,100
38636,0
38637,100
38638,0
38639,100
38640,0
38641,100
38642,0
38643,100
38644,0
38645,100
38646,100
38647,100
38648,100
38649,100
38650,100
38651,100
38652,100
38653,100
38654,100
38655,100
38656,100
38657,100
38658,100
38659,100
38660,100
38661,100
38662,100
38663,100
38664,100
38665,0
38666,100
38667,0
38668,100
38669,0
38670,100
38671,0
38672,100
38673,0
38674,100
38675,0
38676,100
38677,0
38678,100
38679,0
38680,100
38681,100
38682,100
38683,100
38684,100
38685,100
38686,100
38687,100
38688,100
38689,100
38690,100
38691,100
38692,100
38693,100
38694,100
38695,100
38696,0
38697,100
38698,100
38699,100
38700,100
38701,100
38702,0
38703,100
38704,0
38705,100
38706,0
38707,100
38708,0
38709,100
38710,0
38711,100
38712,0
38713,100
38714,0
38715,100
38716,0
38717,100
38718,100
38719,100
38720,100
38721,100
38722,100
38723,100
38724,100
38725,100
38726,100
38727,100
38728,100
38729,100
38730,100
38731,0
38732,100
38733,100
38734,100
38735,100
38736,100
38737,0
38738,100
38739,0
38740,100
38741,0
38742,100
38743,0
38744,100
38745,0
38746,100
38747,0
38748,100
38749,0
38750,100
38751,0
38752,100
38753,100
38754,100
38755,100
38756,100
38757,100
38758,100
38759,100
38760,100
38761,100
38762,100
38763,100
38764,100
38765,100
38766,0
38767,100
38768,0
38769,100
38770,100
38771,100
38772,0
38773,100
38774,0
38775,100
38776,0
38777,100
38778,0
38779,100
38780,0
38781,100
38782,0
38783,100
38784,0
38785,100
38786,0
38787,100
38788,100
38789,100
38790,100
38791,100
38792,100
38793,100
38794,100
38795,100
38796,100
38797,100
38798,100
38799,100
38800,100
38801,0
38802,100
38803,0
38804,100
38805,0
38806,100
38807,0
38808,100
38809,0
38810,100
38811,0
38812,100
38813,0
38814,100
38815,0
38816,100
38817,0
38818,100
38819,0
38820,100
38821,0
38822,100
38823,100
38824,100
38825,100
38826,100
38827,100
38828,100
38829,100
38830,100
38831,100
38832,100
38833,100
38834,100
38835,100
38836,0
38837,100
38838,0
38839,100
38840,0
38841,100
38842,0
38843,100
38844,0
38845,100
38846,0
38847,100
38848,0
38849,100
38850,0
38851,100
38852,0
38853,100
38854,0
38855,100
38856,0
38857,100
38858,100
38859,100
38860,100
38861,100
38862,100
38863,100
38864,100
38865,100
38866,100
38867,100
38868,100
38869,100
38870,100
38871,0
38872,100
38873,0
38874,100
38875,0
38876,100
38877,0
38878,100
38879,0
38880,100
38881,0
38882,100
38883,0
38884,100
38885,0
38886,100
38887,0
38888,100
38889,0
38890,100
38891,0
38892,100
38893,100
38894,100
38895,100
38896,100
38897,100
38898,100
38899,100
38900,100
38901,100
38902,100
38903,100
38904,100
38905,100
38906,0
38907,100
38908,0
38909,100
38910,0
38911,100
38912,0
38913,100
38914,0
38915,100
38916,0
38917,100
38918,0
38919,100
38920,0
38921,100
38922,0
38923,100
38924,0
38925,100
38926,0
38927,100
38928,0
38929,100
38930,100
38931,100
38932,100
38933,100
38934,100
38935,100
38936,100
38937,100
38938,100
38939,100
38940,100
38941,100
38942,100
38943,0
38944,100
38945,0
38946,100
38947,0
38948,100
38949,0
38950,100
38951,0
38952,100
38953,0
38954,100
38955,0
38956,100
38957,0
38958,100
38959,0
38960,100
38961,0
38962,100
38963,100
38964,100
38965,100
38966,100
38967,100
38968,100
38969,100
38970,100
38971,100
38972,100
38973,100
38974,100
38975,100
38976,100
38977,100
38978,0
38979,100
38980,0
38981,100
38982,0
38983,100
38984,0
38985,100
38986,0
38987,100
38988,0
38989,100
38990,0
38991,100
38992,0
38993,100
38994,0
38995,100
38996,0
38997,100
38998,0
38999,100
39000,100
39001,100
39002,100
39003,100
39004,100
39005,100
39006,100
39007,100
39008,100
39009,100
39010,100
39011,100
39012,100
39013,0
39014,100
39015,0
39016,100
39017,0
39018,6000
39019,100
39020,0
39021,100
39022,100
39023,100
39024,0
39025,100
39026,0
39027,100
39028,0
39029,100
39030,0
39031,100
39032,0
39033,100
39034,0
39035,100
39036,0
39037,100
39038,0
39039,100
39040,100
39041,100
39042,100
39043,100
39044,100
39045,100
39046,100
39047,100
39048,100
39049,100
39050,100
39051,100
39052,100
39053,0
39054,100
39055,0
39056,100
39057,0
39058,100
39059,0
39060,100
39061,0
39062,100
39063,0
39064,100
39065,0
39066,100
39067,0
39068,100
39069,0
39070,100
39071,0
39072,100
39073,0
39074,100
39075,100
39076,100
39077,100
39078,100
39079,100
39080,100
39081,100
39082,100
39083,100
39084,100
39085,100
39086,100
39087,100
39088,0
39089,100
39090,0
39091,100
39092,0
39093,100
39094,0
39095,100
39096,0
39097,100
39098,0
39099,100
39100,0
39101,100
39102,0
39103,100
39104,0
39105,100
39106,0
39107,100
39108,0
39109,100
39110,100
39111,100
39112,100
39113,100
39114,100
39115,100
39116,100
39117,100
39118,100
39119,100
39120,100
39121,100
39122,100
39123,100
39124,100
39125,0
39126,100
39127,0
39128,100
39129,0
39130,100
39131,0
39132,100
39133,0
39134,100
39135,0
39136,100
39137,0
39138,100
39139,0
39140,100
39141,0
39142,100
39143,0
39144,100
39145,100
39146,100
39147,100
39148,100
39149,100
39150,100
39151,100
39152,100
39153,100
39154,100
39155,100
39156,100
39157,100
39158,100
39159,100
39160,0
39161,100
39162,0
39163,100
39164,0
39165,100
39166,0
39167,100
39168,0
39169,100
39170,0
39171,100
39172,0
39173,100
39174,0
39175,100
39176,0
39177,100
39178,0
39179,100
39180,0
39181,100
39182,100
39183,100
39184,100
39185,100
39186,100
39187,100
39188,100
39189,100
39190,100
39191,100
39192,100
39193,100
39194,100
39195,0
39196,100
39197,0
39198,100
39199,0
39200,100
39201,0
39202,100
39203,0
39204,100
39205,0
39206,100
39207,0
39208,100
39209,0
39210,100
39211,0
39212,100
39213,0
39214,100
39215,0
39216,100
39217,100
39218,100
39219,100
39220,100
39221,100
39222,100
39223,100
39224,100
39225,100
39226,100
39227,100
39228,100
39229,100
39230,0
39231,100
39232,0
39233,100
39234,0
39235,100
39236,0
39237,100
39238,0
39239,100
39240,0
39241,100
39242,0
39243,100
39244,0
39245,100
39246,0
39247,100
39248,0
39249,100
39250,0
39251,100
39252,100
39253,100
39254,100
39255,100
39256,100
39257,100
39258,100
39259,100
39260,100
39261,100
39262,100
39263,100
39264,100
39265,0
39266,100
39267,0
39268,100
39269,0
39270,100
39271,0
39272,100
39273,0
39274,100
39275,0
39276,100
39277,0
39278,100
39279,0
39280,100
39281,0
39282,100
39283,0
39284,100
39285,0
39286,100
39287,100
39288,100
39289,100
39290,100
39291,100
39292,100
39293,100
39294,100
39295,100
39296,100
39297,100
39298,100
39299,100
39300,0
39301,100
39302,0
39303,100
39304,0
39305,100
39306,0
39307,100
39308,0
39309,100
39310,0
39311,100
39312,0
39313,100
39314,0
39315,100
39316,0
39317,100
39318,0
39319,100
39320,0
39321,100
39322,100
39323,100
39324,100
39325,100
39326,100
39327,100
39328,100
39329,100
39330,100
39331,100
39332,100
39333,100
39334,100
39335,100
39336,100
39337,0
39338,100
39339,0
39340,100
39341,0
39342,100
39343,0
39344,100
39345,0
39346,100
39347,0
39348,100
39349,0
39350,100
39351,0
39352,100
39353,0
39354,100
39355,0
39356,100
39357,100
39358,100
39359,100
39360,100
39361,100
39362,100
39363,100
39364,100
39365,100
39366,100
39367,100
39368,100
39369,100
39370,100
39371,100
39372,0
39373,100
39374,0
39375,100
39376,0
39377,100
39378,0
39379,100
39380,0
39381,100
39382,0
39383,100
39384,0
39385,100
39386,100
39387,100
39388,0
39389,100
39390,0
39391,100
39392,100
39393,100
39394,100
39395,100
39396,100
39397,100
39398,100
39399,100
39400,100
39401,100
39402,100
39403,100
39404,100
39405,100
39406,100
39407,0
39408,100
39409,0
39410,100
39411,0
39412,100
39413,0
39414,100
39415,0
39416,100
39417,0
39418,100
39419,0
39420,100
39421,0
39422,100
39423,100
39424,100
39425,0
39426,100
39427,0
39428,100
39429,100
39430,100
39431,100
39432,100
39433,100
39434,100
39435,100
39436,100
39437,100
39438,100
39439,100
39440,100
39441,100
39442,0
39443,100
39444,0
39445,100
39446,0
39447,100
39448,0
39449,100
39450,0
39451,100
39452,0
39453,100
39454,0
39455,100
39456,0
39457,100
39458,100
39459,100
39460,100
39461,100
39462,0
39463,100
39464,100
39465,100
39466,100
39467,100
39468,100
39469,100
39470,100
39471,100
39472,100
39473,100
39474,100
39475,100
39476,100
39477,0
39478,100
39479,0
39480,100
39481,0
39482,100
39483,0
39484,100
39485,0
39486,100
39487,0
39488,100
39489,0
39490,100
39491,0
39492,100
39493,100
39494,100
39495,100
39496,100
39497,0
39498,100
39499,100
39500,100
39501,100
39502,100
39503,100
39504,100
39505,100
39506,100
39507,100
39508,100
39509,100
39510,100
39511,100
39512,0
39513,100
39514,0
39515,100
39516,0
39517,100
39518,0
39519,100
39520,0
39521,100
39522,0
39523,100
39524,0
39525,100
39526,0
39527,100
39528,100
39529,100
39530,100
39531,100
39532,100
39533,100
39534,100
39535,100
39536,100
39537,100
39538,100
39539,100
39540,100
39541,100
39542,100
39543,100
39544,100
39545,100
39546,100
39547,0
39548,100
39549,0
39550,100
39551,0
39552,100
39553,0
39554,100
39555,0
39556,100
39557,0
39558,100
39559,0
39560,100
39561,0
39562,100
39563,100
39564,100
39565,100
39566,100
39567,100
39568,100
39569,100
39570,100
39571,100
39572,100
39573,100
39574,100
39575,100
39576,100
39577,100
39578,100
39579,100
39580,100
39581,100
39582,100
39583,100
39584,0
39585,100
39586,0
39587,100
39588,0
39589,100
39590,0
39591,100
39592,0
39593,100
39594,0
39595,100
39596,0
39597,100
39598,100
39599,100
39600,100
39601,100
39602,100
39603,100
39604,100
39605,100
39606,100
39607,100
39608,100
39609,100
39610,100
39611,100
39612,100
39613,100
39614,100
39615,100
39616,100
39617,0
39618,100
39619,0
39620,100
39621,0
39622,100
39623,0
39624,100
39625,0
39626,100
39627,0
39628,100
39629,0
39630,100
39631,0
39632,100
39633,0
39634,100
39635,100
39636,100
39637,100
39638,100
39639,100
39640,100
39641,100
39642,100
39643,100
39644,100
39645,100
39646,100
39647,100
39648,100
39649,100
39650,100
39651,100
39652,100
39653,100
39654,0
39655,100
39656,0
39657,100
39658,0
39659,100
39660,0
39661,100
39662,0
39663,100
39664,0
39665,100
39666,0
39667,100
39668,0
39669,100
39670,100
39671,100
39672,100
39673,100
39674,100
39675,100
39676,100
39677,100
39678,100
39679,100
39680,100
39681,100
39682,100
39683,100
39684,100
39685,100
39686,100
39687,100
39688,100
39689,0
39690,100
39691,0
39692,100
39693,0
39694,100
39695,0
39696,100
39697,0
39698,100
39699,0
39700,100
39701,0
39702,100
39703,0
39704,100
39705,100
39706,100
39707,100
39708,100
39709,100
39710,100
39711,100
39712,100
39713,100
39714,100
39715,100
39716,100
39717,100
39718,100
39719,100
39720,100
39721,100
39722,100
39723,100
39724,0
39725,100
39726,0
39727,100
39728,0
39729,100
39730,0
39731,100
39732,0
39733,100
39734,0
39735,100
39736,0
39737,100
39738,0
39739,100
39740,100
39741,100
39742,100
39743,100
39744,100
39745,100
39746,100
39747,100
39748,100
39749,100
39750,100
39751,100
39752,100
39753,100
39754,100
39755,100
39756,100
39757,100
39758,100
39759,0
39760,100
39761,0
39762,100
39763,0
39764,100
39765,0
39766,100
39767,0
39768,100
39769,0
39770,100
39771,0
39772,100
39773,0
39774,100
39775,100
39776,100
39777,100
39778,100
39779,100
39780,100
39781,100
39782,100
39783,100
39784,100
39785,100
39786,100
39787,100
39788,0
39789,100
39790,100
39791,100
39792,100
39793,100
39794,0
39795,100
39796,0
39797,100
39798,0
39799,100
39800,0
39801,100
39802,0
39803,100
39804,0
39805,100
39806,0
39807,100
39808,0
39809,100
39810,100
39811,100
39812,100
39813,100
39814,100
39815,100
39816,100
39817,100
39818,100
39819,100
39820,100
39821,100
39822,100
39823,100
39824,100
39825,0
39826,100
39827,100
39828,100
39829,0
39830,100
39831,0
39832,100
39833,0
39834,100
39835,0
39836,100
39837,0
39838,100
39839,0
39840,100
39841,0
39842,100
39843,0
39844,100
39845,100
39846,100
39847,100
39848,100
39849,100
39850,100
39851,100
39852,100
39853,100
39854,100
39855,100
39856,100
39857,100
39858,100
39859,100
39860,0
39861,100
39862,100
39863,100
39864,100
39865,100
39866,0
39867,100
39868,0
39869,100
39870,0
39871,100
39872,0
39873,100
39874,0
39875,100
39876,0
39877,100
39878,0
39879,100
39880,0
39881,100
39882,100
39883,100
39884,100
39885,100
39886,100
39887,100
39888,100
39889,100
39890,100
39891,100
39892,100
39893,100
39894,100
39895,0
39896,100
39897,0
39898,100
39899,100
39900,100
39901,0
39902,100
39903,0
39904,100
39905,0
39906,100
39907,0
39908,100
39909,0
39910,100
39911,0
39912,100
39913,0
39914,100
39915,0
39916,100
39917,100
39918,100
39919,100
39920,100
39921,100
39922,100
39923,100
39924,100
39925,100
39926,100
39927,100
39928,100
39929,100
39930,0
39931,100
39932,0
39933,100
39934,0
39935,100
39936,0
39937,100
39938,0
39939,100
39940,0
39941,100
39942,0
39943,100
39944,0
39945,100
39946,0
39947,100
39948,0
39949,100
39950,0
39951,100
39952,100
39953,100
39954,100
39955,100
39956,100
39957,100
39958,100
39959,100
39960,100
39961,100
39962,100
39963,100
39964,100
39965,0
39966,100
39967,0
39968,100
39969,0
39970,100
39971,0
39972,100
39973,0
39974,100
39975,0
39976,100
39977,0
39978,100
39979,0
39980,100
39981,0
39982,100
39983,0
39984,100
39985,0
39986,100
39987,100
39988,100
39989,100
39990,100
39991,100
39992,100
39993,100
39994,100
39995,100
39996,100
39997,100
39998,100
39999,100
40000,0
40001,100
40002,0
40003,100
40004,0
40005,100
40006,0
40007,100
40008,0
40009,100
40010,0
40011,100
40012,0
40013,100
40014,0
40015,100
40016,0
40017,100
40018,0
40019,100
40020,0
40021,100
40022,100
40023,100
40024,100
40025,100
40026,100
40027,100
40028,100
40029,100
40030,100
40031,100
40032,100
40033,100
40034,100
40035,0
40036,100
40037,0
40038,100
40039,0
40040,100
40041,0
40042,100
40043,0
40044,100
40045,0
40046,100
40047,0
40048,100
40049,0
40050,100
40051,0
40052,100
40053,0
40054,100
40055,0
40056,100
40057,100
40058,100
40059,100
40060,100
40061,100
40062,100
40063,100
40064,100
40065,100
40066,100
40067,100
40068,100
40069,100
40070,100
40071,100
40072,0
40073,100
40074,0
40075,100
40076,0
40077,100
40078,0
40079,100
40080,0
40081,100
40082,0
40083,100
40084,0
40085,100
40086,0
40087,100
40088,0
40089,100
40090,0
40091,100
40092,100
40093,100
40094,100
40095,100
40096,100
40097,100
40098,100
40099,100
40100,100
40101,100
40102,100
40103,100
40104,100
40105,100
40106,100
40107,0
40108,100
40109,0
40110,100
40111,0
40112,100
40113,0
40114,100
40115,0
40116,100
40117,0
40118,100
40119,0
40120,100
40121,0
40122,100
40123,0
40124,100
40125,0
40126,100
40127,0
40128,100
40129,100
40130,100
40131,100
40132,100
40133,100
40134,100
40135,100
40136,100
40137,100
40138,100
40139,100
40140,100
40141,100
40142,0
40143,100
40144,0
40145,100
40146,0
40147,100
40148,0
40149,100
40150,0
40151,100
40152,0
40153,100
40154,0
40155,100
40156,0
40157,100
40158,0
40159,100
40160,0
40161,100
40162,100
40163,100
40164,100
40165,100
40166,100
40167,100
40168,100
40169,100
40170,100
40171,100
40172,100
40173,100
40174,100
40175,100
40176,100
40177,0
40178,100
40179,0
40180,100
40181,0
40182,100
40183,0
40184,100
40185,0
40186,100
40187,0
40188,100
40189,0
40190,100
40191,0
40192,100
40193,0
40194,100
40195,0
40196,100
40197,0
40198,100
40199,100
40200,100
40201,100
40202,100
40203,100
40204,100
40205,100
40206,100
40207,100
40208,100
40209,100
40210,100
40211,100
40212,0
40213,100
40214,0
40215,100
40216,0
40217,100
40218,0
40219,100
40220,0
40221,100
40222,0
40223,100
40224,0
40225,100
40226,0
40227,100
40228,0
40229,100
40230,0
40231,100
40232,0
40233,100
40234,100
40235,100
40236,100
40237,100
40238,100
40239,100
40240,100
40241,100
40242,100
40243,100
40244,100
40245,100
40246,100
40247,0
40248,100
40249,0
40250,100
40251,0
40252,100
40253,0
40254,100
40255,0
40256,100
40257,0
40258,100
40259,0
40260,100
40261,0
40262,100
40263,100
40264,100
40265,0
40266,100
40267,0
40268,100
40269,100
40270,100
40271,100
40272,100
40273,100
40274,100
40275,100
40276,100
40277,100
40278,100
40279,100
40280,100
40281,100
40282,100
40283,100
40284,0
40285,100
40286,0
40287,100
40288,0
40289,100
40290,0
40291,100
40292,0
40293,100
40294,0
40295,100
40296,0
40297,100
40298,100
40299,100
40300,100
40301,100
40302,0
40303,100
40304,100
40305,100
40306,100
40307,100
40308,100
40309,100
40310,100
40311,100
40312,100
40313,100
40314,100
40315,0
40316,100
40317,100
40318,100
40319,100
40320,100
40321,0
40322,100
40323,100
40324,100
40325,200
40326,100
40327,100
40328,100
40329,100
40330,100
40331,100
40332,100
40333,100
40334,100
40335,200
40336,0
40337,100
40338,100
40339,0
40340,100
40341,100
40342,100
40343,0
40344,100
40345,100
40346,100
40347,100
40348,100
40349,100
40350,100
40351,100
40352,100
40353,100
40354,100
40355,100
40356,100
40357,100
40358,100
40359,100
40360,100
40361,100
40362,100
40363,100
40364,100
40365,0
40366,100
40367,100
40368,0
40369,100
40370,100
40371,100
40372,100
40373,0
40374,100
40375,100
40376,0
40377,100
40378,0
40379,100
40380,0
40381,100
40382,0
40383,100
40384,0
40385,100
40386,0
40387,100
40388,0
40389,100
40390,0
40391,100
40392,100
40393,100
40394,100
40395,100
40396,0
40397,100
40398,100
40399,100
40400,100
40401,100
40402,100
40403,100
40404,100
40405,100
40406,100
40407,100
40408,100
40409,100
40410,100
40411,0
40412,100
40413,0
40414,100
40415,0
40416,100
40417,0
40418,100
40419,0
40420,100
40421,0
40422,100
40423,0
40424,100
40425,0
40426,100
40427,0
40428,100
40429,100
40430,100
40431,100
40432,100
40433,0
40434,100
40435,100
40436,100
40437,100
40438,100
40439,100
40440,100
40441,100
40442,100
40443,100
40444,100
40445,100
40446,100
40447,100
40448,0
40449,100
40450,0
40451,100
40452,0
40453,100
40454,0
40455,100
40456,0
40457,100
40458,0
40459,100
40460,0
40461,100
40462,0
40463,100
40464,100
40465,100
40466,100
40467,100
40468,100
40469,100
40470,100
40471,100
40472,100
40473,100
40474,100
40475,100
40476,100
40477,100
40478,100
40479,100
40480,100
40481,100
40482,100
40483,0
40484,100
40485,0
40486,100
40487,0
40488,100
40489,0
40490,100
40491,0
40492,100
40493,0
40494,100
40495,0
40496,100
40497,0
40498,100
40499,100
40500,100
40501,100
40502,100
40503,100
40504,100
40505,100
40506,100
40507,100
40508,100
40509,100
40510,100
40511,100
40512,100
40513,100
40514,100
40515,100
40516,100
40517,100
40518,0
40519,100
40520,0
40521,100
40522,0
40523,100
40524,0
40525,100
40526,0
40527,100
40528,0
40529,100
40530,0
40531,100
40532,0
40533,100
40534,100
40535,100
40536,100
40537,100
40538,100
40539,100
40540,100
40541,100
40542,100
40543,100
40544,100
40545,100
40546,100
40547,100
40548,100
40549,100
40550,100
40551,100
40552,100
40553,0
40554,100
40555,0
40556,100
40557,0
40558,100
40559,0
40560,100
40561,0
40562,100
40563,0
40564,100
40565,0
40566,100
40567,0
40568,100
40569,100
40570,100
40571,100
40572,100
40573,100
40574,100
40575,100
40576,100
40577,100
40578,100
40579,100
40580,100
40581,100
40582,100
40583,100
40584,100
40585,100
40586,100
40587,100
40588,100
40589,100
40590,0
40591,100
40592,0
40593,100
40594,0
40595,100
40596,0
40597,100
40598,0
40599,100
40600,0
40601,100
40602,0
40603,100
40604,100
40605,100
40606,100
40607,100
40608,100
40609,100
40610,100
40611,100
40612,100
40613,100
40614,100
40615,100
40616,100
40617,100
40618,100
40619,100
40620,100
40621,100
40622,100
40623,100
40624,100
40625,0
40626,100
40627,0
40628,100
40629,0
40630,100
40631,0
40632,100
40633,100
40634,100
40635,100
40636,100
40637,100
40638,100
40639,0
40640,100
40641,0
40642,100
40643,0
40644,100
40645,0
40646,100
40647,0
40648,100
40649,0
40650,100
40651,0
40652,100
40653,0
40654,100
40655,0
40656,100
40657,0
40658,100
40659,100
40660,100
40661,100
40662,100
40663,100
40664,100
40665,100
40666,100
40667,100
40668,100
40669,100
40670,100
40671,100
40672,100
40673,100
40674,0
40675,100
40676,0
40677,100
40678,0
40679,100
40680,0
40681,100
40682,0
40683,100
40684,0
40685,100
40686,0
40687,100
40688,0
40689,100
40690,0
40691,100
40692,0
40693,100
40694,0
40695,100
40696,100
40697,100
40698,100
40699,100
40700,100
40701,100
40702,100
40703,100
40704,100
40705,100
40706,100
40707,100
40708,100
40709,0
40710,100
40711,0
40712,100
40713,0
40714,100
40715,0
40716,100
40717,0
40718,100
40719,0
40720,100
40721,0
40722,100
40723,0
40724,100
40725,0
40726,100
40727,0
40728,100
40729,100
40730,100
40731,100
40732,100
40733,100
40734,100
40735,100
40736,100
40737,100
40738,100
40739,100
40740,100
40741,100
40742,100
40743,100
40744,0
40745,100
40746,0
40747,100
40748,0
40749,100
40750,0
40751,100
40752,0
40753,100
40754,0
40755,100
40756,0
40757,100
40758,0
40759,100
40760,100
40761,100
40762,0
40763,100
40764,0
40765,100
40766,100
40767,100
40768,100
40769,100
40770,100
40771,100
40772,100
40773,100
40774,100
40775,100
40776,100
40777,100
40778,100
40779,0
40780,100
40781,0
40782,100
40783,0
40784,100
40785,0
40786,100
40787,0
40788,100
40789,0
40790,100
40791,0
40792,100
40793,0
40794,100
40795,100
40796,100
40797,0
40798,100
40799,0
40800,100
40801,100
40802,100
40803,100
40804,100
40805,100
40806,100
40807,100
40808,100
40809,100
40810,100
40811,100
40812,100
40813,100
40814,0
40815,100
40816,0
40817,100
40818,0
40819,100
40820,0
40821,100
40822,0
40823,100
40824,0
40825,100
40826,0
40827,100
40828,0
40829,100
40830,100
40831,100
40832,100
40833,100
40834,0
40835,100
40836,100
40837,100
40838,100
40839,100
40840,100
40841,100
40842,100
40843,100
40844,100
40845,100
40846,100
40847,100
40848,100
40849,100
40850,100
40851,0
40852,100
40853,0
40854,100
40855,0
40856,100
40857,0
40858,100
40859,0
40860,100
40861,0
40862,100
40863,0
40864,100
40865,100
40866,100
40867,100
40868,100
40869,100
40870,100
40871,100
40872,100
40873,100
40874,100
40875,100
40876,100
40877,100
40878,100
40879,100
40880,100
40881,100
40882,100
40883,100
40884,0
40885,100
40886,0
40887,100
40888,0
40889,100
40890,0
40891,100
40892,0
40893,100
40894,0
40895,100
40896,0
40897,100
40898,0
40899,100
40900,100
40901,100
40902,100
40903,100
40904,100
40905,100
40906,100
40907,100
40908,100
40909,100
40910,100
40911,100
40912,100
40913,100
40914,100
40915,100
40916,100
40917,100
40918,100
40919,100
40920,100
40921,0
40922,100
40923,0
40924,100
40925,0
40926,100
40927,0
40928,100
40929,0
40930,100
40931,0
40932,100
40933,0
40934,100
40935,0
40936,100
40937,100
40938,100
40939,100
40940,100
40941,100
40942,100
40943,100
40944,100
40945,100
40946,100
40947,100
40948,100
40949,100
40950,100
40951,100
40952,100
40953,100
40954,100
40955,100
40956,0
40957,100
40958,0
40959,100
40960,0
40961,100
40962,0
40963,100
40964,0
40965,100
40966,0
40967,100
40968,0
40969,100
40970,0
40971,100
40972,100
40973,100
40974,100
40975,100
40976,100
40977,100
40978,100
40979,100
40980,100
40981,100
40982,100
40983,100
40984,100
40985,100
40986,100
40987,100
40988,100
40989,100
40990,100
40991,0
40992,100
40993,0
40994,100
40995,0
40996,100
40997,0
40998,100
40999,0
41000,100
41001,0
41002,100
41003,0
41004,100
41005,0
41006,100
41007,100
41008,100
41009,100
41010,100
41011,100
41012,100
41013,100
41014,100
41015,100
41016,100
41017,100
41018,100
41019,100
41020,100
41021,100
41022,100
41023,100
41024,100
41025,100
41026,0
41027,100
41028,0
41029,100
41030,0
41031,100
41032,0
41033,100
41034,0
41035,100
41036,0
41037,100
41038,0
41039,100
41040,0
41041,100
41042,100
41043,100
41044,100
41045,100
41046,100
41047,100
41048,100
41049,100
41050,100
41051,100
41052,100
41053,100
41054,100
41055,100
41056,100
41057,100
41058,100
41059,100
41060,100
41061,0
41062,100
41063,0
41064,100
41065,0
41066,100
41067,0
41068,100
41069,0
41070,100
41071,0
41072,100
41073,0
41074,100
41075,0
41076,100
41077,100
41078,100
41079,100
41080,100
41081,100
41082,100
41083,100
41084,100
41085,100
41086,100
41087,100
41088,100
41089,100
41090,100
41091,100
41092,100
41093,100
41094,100
41095,100
41096,0
41097,100
41098,0
41099,100
41100,0
41101,100
41102,0
41103,100
41104,0
41105,100
41106,0
41107,100
41108,0
41109,100
41110,0
41111,100
41112,100
41113,100
41114,100
41115,100
41116,100
41117,100
41118,100
41119,100
41120,100
41121,100
41122,100
41123,100
41124,100
41125,100
41126,100
41127,100
41128,100
41129,100
41130,100
41131,0
41132,100
41133,0
41134,100
41135,0
41136,100
41137,0
41138,100
41139,0
41140,100
41141,0
41142,100
41143,0
41144,100
41145,0
41146,100
41147,100
41148,100
41149,100
41150,100
41151,100
41152,100
41153,100
41154,100
41155,100
41156,100
41157,100
41158,100
41159,100
41160,100
41161,100
41162,100
41163,100
41164,100
41165,100
41166,100
41167,100
41168,0
41169,100
41170,0
41171,100
41172,0
41173,100
41174,0
41175,100
41176,0
41177,100
41178,0
41179,100
41180,0
41181,100
41182,0
41183,100
41184,100
41185,100
41186,100
41187,100
41188,100
41189,100
41190,100
41191,100
41192,100
41193,100
41194,100
41195,100
41196,100
41197,0
41198,100
41199,100
41200,100
41201,100
41202,100
41203,0
41204,100
41205,0
41206,100
41207,0
41208,100
41209,0
41210,100
41211,0
41212,100
41213,0
41214,100
41215,0
41216,100
41217,100
41218,100
41219,100
41220,100
41221,100
41222,100
41223,100
41224,100
41225,100
41226,100
41227,100
41228,100
41229,100
41230,100
41231,100
41232,0
41233,100
41234,0
41235,100
41236,100
41237,100
41238,0
41239,100
41240,0
41241,100
41242,0
41243,100
41244,0
41245,100
41246,0
41247,100
41248,0
41249,100
41250,0
41251,100
41252,0
41253,100
41254,100
41255,100
41256,100
41257,100
41258,100
41259,100
41260,100
41261,100
41262,100
41263,100
41264,100
41265,100
41266,100
41267,0
41268,100
41269,0
41270,100
41271,100
41272,100
41273,0
41274,100
41275,0
41276,100
41277,0
41278,100
41279,0
41280,100
41281,0
41282,100
41283,0
41284,100
41285,0
41286,100
41287,0
41288,100
41289,100
41290,100
41291,100
41292,100
41293,100
41294,100
41295,100
41296,100
41297,100
41298,100
41299,100
41300,100
41301,100
41302,0
41303,100
41304,0
41305,100
41306,0
41307,100
41308,0
41309,100
41310,0
41311,100
41312,0
41313,100
41314,0
41315,100
41316,0
41317,100
41318,0
41319,100
41320,0
41321,100
41322,0
41323,100
41324,100
41325,100
41326,100
41327,100
41328,100
41329,100
41330,100
41331,100
41332,100
41333,100
41334,100
41335,100
41336,100
41337,0
41338,100
41339,0
41340,100
41341,0
41342,100
41343,0
41344,100
41345,0
41346,100
41347,0
41348,100
41349,0
41350,100
41351,0
41352,100
41353,0
41354,100
41355,0
41356,100
41357,0
41358,100
41359,100
41360,100
41361,100
41362,100
41363,100
41364,100
41365,100
41366,100
41367,100
41368,100
41369,100
41370,100
41371,100
41372,0
41373,100
41374,0
41375,100
41376,0
41377,100
41378,0
41379,100
41380,0
41381,100
41382,0
41383,100
41384,0
41385,100
41386,0
41387,100
41388,0
41389,100
41390,0
41391,100
41392,0
41393,100
41394,100
41395,100
41396,100
41397,100
41398,100
41399,100
41400,100
41401,100
41402,100
41403,100
41404,100
41405,100
41406,100
41407,100
41408,100
41409,0
41410,100
41411,0
41412,100
41413,0
41414,100
41415,0
41416,100
41417,0
41418,100
41419,0
41420,100
41421,0
41422,100
41423,0
41424,100
41425,0
41426,100
41427,0
41428,100
41429,100
41430,100
41431,100
41432,100
41433,100
41434,100
41435,100
41436,100
41437,100
41438,100
41439,100
41440,100
41441,100
41442,100
41443,100
41444,0
41445,100
41446,0
41447,100
41448,0
41449,100
41450,0
41451,100
41452,0
41453,100
41454,0
41455,100
41456,0
41457,100
41458,0
41459,100
41460,0
41461,100
41462,0
41463,100
41464,0
41465,100
41466,100
41467,100
41468,100
41469,100
41470,100
41471,100
41472,100
41473,100
41474,100
41475,100
41476,100
41477,100
41478,100
41479,0
41480,100
41481,0
41482,100
41483,0
41484,100
41485,0
41486,100
41487,0
41488,100
41489,0
41490,100
41491,0
41492,100
41493,0
41494,100
41495,0
41496,100
41497,0
41498,100
41499,0
41500,100
41501,100
41502,100
41503,100
41504,100
41505,100
41506,100
41507,100
41508,100
41509,100
41510,100
41511,100
41512,100
41513,100
41514,0
41515,100
41516,0
41517,100
41518,0
41519,100
41520,0
41521,100
41522,0
41523,100
41524,0
41525,100
41526,0
41527,100
41528,0
41529,100
41530,0
41531,100
41532,0
41533,100
41534,0
41535,100
41536,100
41537,100
41538,100
41539,100
41540,100
41541,100
41542,100
41543,100
41544,100
41545,100
41546,100
41547,100
41548,100
41549,0
41550,100
41551,0
41552,100
41553,0
41554,100
41555,0
41556,100
41557,0
41558,100
41559,0
41560,100
41561,0
41562,100
41563,0
41564,100
41565,0
41566,100
41567,0
41568,100
41569,0
41570,100
41571,100
41572,100
41573,100
41574,100
41575,100
41576,100
41577,100
41578,100
41579,100
41580,100
41581,100
41582,100
41583,100
41584,0
41585,100
41586,0
41587,100
41588,0
41589,100
41590,0
41591,100
41592,0
41593,100
41594,0
41595,100
41596,0
41597,100
41598,0
41599,100
41600,0
41601,100
41602,0
41603,100
41604,0
41605,100
41606,100
41607,100
41608,100
41609,100
41610,100
41611,100
41612,100
41613,100
41614,100
41615,100
41616,100
41617,100
41618,100
41619,0
41620,100
41621,0
41622,100
41623,0
41624,100
41625,0
41626,100
41627,0
41628,100
41629,0
41630,100
41631,0
41632,100
41633,0
41634,100
41635,100
41636,100
41637,0
41638,100
41639,0
41640,100
41641,100
41642,100
41643,100
41644,100
41645,100
41646,100
41647,100
41648,100
41649,100
41650,100
41651,100
41652,100
41653,100
41654,100
41655,100
41656,0
41657,100
41658,0
41659,100
41660,0
41661,100
41662,0
41663,100
41664,0
41665,100
41666,0
41667,100
41668,0
41669,100
41670,0
41671,100
41672,100
41673,100
41674,0
41675,100
41676,100
41677,100
41678,100
41679,100
41680,100
41681,100
41682,100
41683,100
41684,100
41685,100
41686,100
41687,100
41688,100
41689,100
41690,100
41691,0
41692,100
41693,0
41694,100
41695,0
41696,100
41697,0
41698,100
41699,0
41700,100
41701,0
41702,100
41703,0
41704,100
41705,0
41706,100
41707,100
41708,100
41709,100
41710,100
41711,0
41712,100
41713,100
41714,100
41715,100
41716,100
41717,100
41718,100
41719,100
41720,100
41721,100
41722,100
41723,100
41724,100
41725,100
41726,0
41727,100
41728,0
41729,100
41730,0
41731,100
41732,0
41733,100
41734,0
41735,100
41736,0
41737,100
41738,0
41739,100
41740,0
41741,100
41742,100
41743,100
41744,100
41745,100
41746,0
41747,100
41748,100
41749,100
41750,100
41751,100
41752,100
41753,100
41754,100
41755,100
41756,100
41757,100
41758,100
41759,100
41760,100
41761,0
41762,100
41763,0
41764,100
41765,0
41766,100
41767,0
41768,100
41769,0
41770,100
41771,0
41772,100
41773,0
41774,100
41775,0
41776,100
41777,100
41778,100
41779,100
41780,100
41781,100
41782,100
41783,100
41784,100
41785,100
41786,100
41787,100
41788,100
41789,100
41790,100
41791,100
41792,100
41793,100
41794,100
41795,100
41796,0
41797,100
41798,0
41799,100
41800,0
41801,100
41802,0
41803,100
41804,0
41805,100
41806,0
41807,100
41808,0
41809,100
41810,0
41811,100
41812,100
41813,100
41814,100
41815,100
41816,100
41817,100
41818,100
41819,100
41820,100
41821,100
41822,100
41823,100
41824,100
41825,100
41826,100
41827,100
41828,100
41829,100
41830,100
41831,0
41832,100
41833,0
41834,100
41835,0
41836,100
41837,0
41838,100
41839,0
41840,100
41841,0
41842,100
41843,0
41844,100
41845,0
41846,100
41847,100
41848,100
41849,100
41850,100
41851,100
41852,100
41853,100
41854,100
41855,100
41856,100
41857,100
41858,100
41859,100
41860,100
41861,100
41862,100
41863,100
41864,100
41865,100
41866,0
41867,100
41868,0
41869,100
41870,0
41871,100
41872,0
41873,100
41874,0
41875,100
41876,0
41877,100
41878,0
41879,100
41880,0
41881,100
41882,0
41883,100
41884,100
41885,100
41886,100
41887,100
41888,100
41889,100
41890,100
41891,100
41892,100
41893,100
41894,100
41895,100
41896,100
41897,100
41898,100
41899,100
41900,100
41901,100
41902,100
41903,0
41904,100
41905,0
41906,100
41907,0
41908,100
41909,0
41910,100
41911,0
41912,100
41913,0
41914,100
41915,0
41916,100
41917,100
41918,100
41919,100
41920,100
41921,100
41922,100
41923,100
41924,100
41925,100
41926,100
41927,100
41928,100
41929,100
41930,100
41931,100
41932,100
41933,100
41934,100
41935,100
41936,100
41937,100
41938,0
41939,100
41940,0
41941,100
41942,0
41943,100
41944,0
41945,100
41946,0
41947,100
41948,0
41949,100
41950,0
41951,100
41952,0
41953,100
41954,100
41955,100
41956,100
41957,100
41958,100
41959,100
41960,100
41961,100
41962,100
41963,100
41964,100
41965,100
41966,100
41967,100
41968,100
41969,100
41970,100
41971,100
41972,100
41973,0
41974,100
41975,0
41976,100
41977,0
41978,100
41979,0
41980,100
41981,0
41982,100
41983,0
41984,100
41985,0
41986,100
41987,0
41988,100
41989,100
41990,100
41991,100
41992,100
41993,100
41994,100
41995,100
41996,100
41997,100
41998,100
41999,100
42000,100
42001,100
42002,100
42003,100
42004,100
42005,100
42006,100
42007,100
42008,0
42009,100
42010,0
42011,100
42012,0
42013,100
42014,0
42015,100
42016,0
42017,100
42018,0
42019,100
42020,0
42021,100
42022,0
42023,100
42024,100
42025,100
42026,100
42027,100
42028,100
42029,100
42030,100
42031,100
42032,100
42033,100
42034,100
42035,100
42036,100
42037,0
42038,100
42039,100
42040,100
42041,100
42042,100
42043,0
42044,100
42045,0
42046,100
42047,0
42048,100
42049,0
42050,100
42051,0
42052,100
42053,0
42054,100
42055,0
42056,100
42057,0
42058,100
42059,100
42060,100
42061,100
42062,100
42063,100
42064,100
42065,100
42066,100
42067,100
42068,100
42069,100
42070,100
42071,100
42072,0
42073,100
42074,0
42075,100
42076,100
42077,100
42078,0
42079,100
42080,0
42081,100
42082,0
42083,100
42084,0
42085,100
42086,0
42087,100
42088,0
42089,100
42090,0
42091,100
42092,0
42093,100
42094,100
42095,100
42096,100
42097,100
42098,100
42099,100
42100,100
42101,100
42102,100
42103,100
42104,100
42105,100
42106,100
42107,100
42108,100
42109,0
42110,100
42111,100
42112,100
42113,100
42114,100
42115,0
42116,100
42117,0
42118,100
42119,0
42120,100
42121,0
42122,100
42123,0
42124,100
42125,0
42126,100
42127,0
42128,100
42129,100
42130,100
42131,100
42132,100
42133,100
42134,100
42135,100
42136,100
42137,100
42138,100
42139,100
42140,100
42141,100
42142,100
42143,100
42144,0
42145,100
42146,0
42147,100
42148,100
42149,100
42150,0
42151,100
42152,0
42153,100
42154,0
42155,100
42156,0
42157,100
42158,0
42159,100
42160,0
42161,100
42162,0
42163,100
42164,100
42165,100
42166,100
42167,100
42168,100
42169,100
42170,100
42171,100
42172,100
42173,100
42174,100
42175,100
42176,100
42177,100
42178,100
42179,0
42180,100
42181,0
42182,100
42183,0
42184,100
42185,0
42186,100
42187,0
42188,100
42189,0
42190,100
42191,0
42192,100
42193,0
42194,100
42195,0
42196,100
42197,0
42198,100
42199,0
42200,100
42201,100
42202,100
42203,100
42204,100
42205,100
42206,100
42207,100
42208,100
42209,100
42210,100
42211,100
42212,100
42213,100
42214,0
42215,100
42216,0
42217,100
42218,0
42219,100
42220,0
42221,100
42222,0
42223,100
42224,0
42225,100
42226,0
42227,100
42228,0
42229,100
42230,0
42231,100
42232,0
42233,100
42234,0
42235,100
42236,100
42237,100
42238,100
42239,100
42240,100
42241,100
42242,100
42243,100
42244,100
42245,100
42246,100
42247,100
42248,100
42249,0
42250,100
42251,0
42252,100
42253,0
42254,100
42255,0
42256,100
42257,0
42258,100
42259,0
42260,100
42261,0
42262,100
42263,0
42264,100
42265,0
42266,100
42267,0
42268,100
42269,0
42270,100
42271,100
42272,100
42273,100
42274,100
42275,100
42276,100
42277,100
42278,100
42279,100
42280,100
42281,100
42282,100
42283,100
42284,0
42285,100
42286,0
42287,100
42288,0
42289,100
42290,0
42291,100
42292,0
42293,100
42294,0
42295,100
42296,0
42297,100
42298,0
42299,100
42300,0
42301,100
42302,0
42303,100
42304,0
42305,100
42306,100
42307,100
42308,100
42309,100
42310,100
42311,100
42312,100
42313,100
42314,100
42315,100
42316,100
42317,100
42318,100
42319,0
42320,100
42321,0
42322,100
42323,0
42324,100
42325,0
42326,100
42327,0
42328,100
42329,0
42330,100
42331,0
42332,100
42333,0
42334,100
42335,0
42336,100
42337,0
42338,100
42339,0
42340,100
42341,100
42342,100
42343,100
42344,100
42345,100
42346,100
42347,100
42348,100
42349,100
42350,100
42351,100
42352,100
42353,100
42354,100
42355,100
42356,0
42357,100
42358,0
42359,100
42360,0
42361,100
42362,0
42363,100
42364,0
42365,100
42366,0
42367,100
42368,0
42369,100
42370,0
42371,100
42372,0
42373,100
42374,0
42375,100
42376,100
42377,100
42378,100
42379,100
42380,100
42381,100
42382,100
42383,100
42384,100
42385,100
42386,100
42387,100
42388,100
42389,100
42390,100
42391,0
42392,100
42393,0
42394,100
42395,0
42396,100
42397,0
42398,100
42399,0
42400,100
42401,0
42402,100
42403,0
42404,100
42405,0
42406,100
42407,0
42408,100
42409,0
42410,100
42411,100
42412,100
42413,100
42414,100
42415,100
42416,100
42417,100
42418,100
42419,100
42420,100
42421,100
42422,100
42423,100
42424,100
42425,100
42426,0
42427,100
42428,0
42429,100
42430,0
42431,100
42432,0
42433,100
42434,0
42435,100
42436,0
42437,100
42438,0
42439,100
42440,0
42441,100
42442,0
42443,100
42444,0
42445,100
42446,0
42447,100
42448,100
42449,100
42450,100
42451,100
42452,100
42453,100
42454,100
42455,100
42456,100
42457,100
42458,100
42459,100
42460,100
42461,0
42462,100
42463,0
42464,100
42465,0
42466,100
42467,0
42468,100
42469,0
42470,100
42471,0
42472,100
42473,0
42474,100
42475,0
42476,100
42477,0
42478,100
42479,0
42480,100
42481,0
42482,100
42483,100
42484,100
42485,100
42486,100
42487,100
42488,100
42489,100
42490,100
42491,100
42492,100
42493,100
42494,100
42495,100
42496,0
42497,100
42498,0
42499,100
42500,0
42501,100
42502,0
42503,100
42504,0
42505,100
42506,0
42507,100
42508,0
42509,100
42510,0
42511,100
42512,100
42513,100
42514,0
42515,100
42516,0
42517,100
42518,100
42519,100
42520,100
42521,100
42522,100
42523,100
42524,100
42525,100
42526,100
42527,100
42528,100
42529,100
42530,100
42531,0
42532,100
42533,0
42534,100
42535,0
42536,100
42537,0
42538,100
42539,0
42540,100
42541,0
42542,100
42543,0
42544,100
42545,0
42546,100
42547,100
42548,100
42549,100
42550,100
42551,0
42552,100
42553,100
42554,100
42555,100
42556,100
42557,100
42558,100
42559,100
42560,100
42561,100
42562,100
42563,100
42564,100
42565,100
42566,0
42567,100
42568,0
42569,100
42570,0
42571,100
42572,0
42573,100
42574,0
42575,100
42576,0
42577,100
42578,0
42579,100
42580,0
42581,100
42582,100
42583,100
42584,100
42585,100
42586,0
42587,100
42588,100
42589,100
42590,100
42591,100
42592,100
42593,100
42594,100
42595,100
42596,100
42597,100
42598,100
42599,100
42600,100
42601,100
42602,100
42603,0
42604,100
42605,0
42606,100
42607,0
42608,100
42609,0
42610,100
42611,0
42612,100
42613,0
42614,100
42615,0
42616,100
42617,100
42618,100
42619,100
42620,100
42621,100
42622,100
42623,100
42624,100
42625,100
42626,100
42627,100
42628,100
42629,100
42630,100
42631,100
42632,100
42633,100
42634,100
42635,100
42636,0
42637,100
42638,0
42639,100
42640,0
42641,100
42642,0
42643,100
42644,0
42645,100
42646,0
42647,100
42648,0
42649,100
42650,0
42651,100
42652,100
42653,100
42654,100
42655,100
42656,100
42657,100
42658,100
42659,100
42660,100
42661,100
42662,100
42663,100
42664,100
42665,100
42666,100
42667,100
42668,100
42669,100
42670,100
42671,100
42672,100
42673,0
42674,100
42675,0
42676,100
42677,0
42678,100
42679,0
42680,100
42681,0
42682,100
42683,0
42684,100
42685,0
42686,100
42687,0
42688,100
42689,100
42690,100
42691,100
42692,100
42693,100
42694,100
42695,100
42696,100
42697,100
42698,100
42699,100
42700,100
42701,100
42702,100
42703,100
42704,100
42705,100
42706,100
42707,100
42708,0
42709,100
42710,0
42711,100
42712,0
42713,100
42714,0
42715,100
42716,0
42717,100
42718,0
42719,100
42720,0
42721,100
42722,0
42723,100
42724,100
42725,100
42726,100
42727,100
42728,100
42729,100
42730,100
42731,100
42732,100
42733,100
42734,100
42735,100
42736,100
42737,100
42738,100
42739,100
42740,100
42741,100
42742,100
42743,0
42744,100
42745,0
42746,100
42747,0
42748,100
42749,0
42750,100
42751,0
42752,100
42753,0
42754,100
42755,0
42756,100
42757,0
42758,100
42759,100
42760,100
42761,100
42762,100
42763,100
42764,100
42765,100
42766,100
42767,100
42768,100
42769,100
42770,100
42771,100
42772,100
42773,100
42774,100
42775,100
42776,100
42777,100
42778,0
42779,100
42780,0
42781,100
42782,0
42783,100
42784,0
42785,100
42786,0
42787,100
42788,0
42789,100
42790,0
42791,100
42792,0
42793,100
42794,100
42795,100
42796,100
42797,100
42798,100
42799,100
42800,100
42801,100
42802,100
42803,100
42804,100
42805,100
42806,100
42807,100
42808,100
42809,100
42810,100
42811,100
42812,100
42813,0
42814,100
42815,0
42816,100
42817,0
42818,100
42819,0
42820,100
42821,0
42822,100
42823,0
42824,100
42825,0
42826,100
42827,0
42828,100
42829,100
42830,100
42831,100
42832,100
42833,100
42834,100
42835,100
42836,100
42837,100
42838,100
42839,100
42840,100
42841,100
42842,100
42843,100
42844,100
42845,100
42846,100
42847,100
42848,0
42849,100
42850,0
42851,100
42852,0
42853,100
42854,0
42855,100
42856,0
42857,100
42858,0
42859,100
42860,0
42861,100
42862,0
42863,100
42864,100
42865,100
42866,100
42867,100
42868,100
42869,100
42870,100
42871,100
42872,100
42873,100
42874,100
42875,100
42876,100
42877,100
42878,100
42879,100
42880,100
42881,100
42882,100
42883,100
42884,100
42885,0
42886,100
42887,0
42888,100
42889,0
42890,100
42891,0
42892,100
42893,0
42894,100
42895,0
42896,100
42897,0
42898,100
42899,100
42900,100
42901,100
42902,100
42903,100
42904,100
42905,100
42906,100
42907,100
42908,100
42909,100
42910,100
42911,100
42912,100
42913,100
42914,100
42915,100
42916,100
42917,100
42918,100
42919,100
42920,0
42921,100
42922,0
42923,100
42924,0
42925,100
42926,0
42927,100
42928,0
42929,100
42930,0
42931,100
42932,0
42933,100
42934,0
42935,100
42936,100
42937,100
42938,100
42939,100
42940,100
42941,100
42942,100
42943,100
42944,100
42945,100
42946,100
42947,100
42948,100
42949,0
42950,100
42951,100
42952,100
42953,100
42954,100
42955,0
42956,100
42957,0
42958,100
42959,0
42960,100
42961,0
42962,100
42963,0
42964,100
42965,0
42966,100
42967,0
42968,100
42969,0
42970,100
42971,100
42972,100
42973,100
42974,100
42975,100
42976,100
42977,100
42978,100
42979,100
42980,100
42981,100
42982,100
42983,100
42984,0
42985,100
42986,0
42987,100
42988,100
42989,100
42990,0
42991,100
42992,0
42993,100
42994,0
42995,100
42996,0
42997,100
42998,0
42999,100
43000,0
43001,100
43002,0
43003,100
43004,0
43005,100
43006,100
43007,100
43008,100
43009,100
43010,100
43011,100
43012,100
43013,100
43014,100
43015,100
43016,100
43017,100
43018,100
43019,0
43020,100
43021,0
43022,100
43023,0
43024,100
43025,0
43026,100
43027,0
43028,100
43029,0
43030,100
43031,0
43032,100
43033,0
43034,100
43035,0
43036,100
43037,0
43038,100
43039,0
43040,100
43041,100
43042,100
43043,100
43044,100
43045,100
43046,100
43047,100
43048,100
43049,100
43050,100
43051,100
43052,100
43053,100
43054,0
43055,100
43056,0
43057,100
43058,0
43059,100
43060,0
43061,100
43062,0
43063,100
43064,0
43065,100
43066,0
43067,100
43068,0
43069,100
43070,0
43071,100
43072,0
43073,100
43074,0
43075,100
43076,100
43077,100
43078,100
43079,100
43080,100
43081,100
43082,100
43083,100
43084,100
43085,100
43086,100
43087,100
43088,100
43089,100
43090,100
43091,0
43092,100
43093,0
43094,100
43095,0
43096,100
43097,0
43098,100
43099,0
43100,100
43101,0
43102,100
43103,0
43104,100
43105,0
43106,100
43107,0
43108,100
43109,0
43110,100
43111,100
43112,100
43113,100
43114,100
43115,100
43116,100
43117,100
43118,100
43119,100
43120,100
43121,100
43122,100
43123,100
43124,0
43125,100
43126,0
43127,100
43128,0
43129,100
43130,0
43131,100
43132,0
43133,100
43134,0
43135,100
43136,0
43137,100
43138,0
43139,100
43140,0
43141,100
43142,0
43143,100
43144,0
43145,100
43146,0
43147,100
43148,100
43149,100
43150,100
43151,100
43152,100
43153,100
43154,100
43155,100
43156,100
43157,100
43158,100
43159,100
43160,100
43161,0
43162,100
43163,0
43164,100
43165,0
43166,100
43167,0
43168,100
43169,0
43170,100
43171,0
43172,100
43173,0
43174,100
43175,0
43176,100
43177,0
43178,100
43179,0
43180,100
43181,0
43182,100
43183,100
43184,100
43185,100
43186,100
43187,100
43188,100
43189,100
43190,100
43191,100
43192,100
43193,100
43194,100
43195,100
43196,0
43197,100
43198,0
43199,100
43200,0
43201,100
43202,0
43203,100
43204,0
43205,100
43206,0
43207,100
43208,0
43209,100
43210,0
43211,100
43212,0
43213,100
43214,0
43215,100
43216,0
43217,100
43218,100
43219,100
43220,100
43221,100
43222,100
43223,100
43224,100
43225,100
43226,100
43227,100
43228,100
43229,100
43230,100
43231,0
43232,100
43233,0
43234,100
43235,0
43236,100
43237,0
43238,100
43239,0
43240,100
43241,0
43242,100
43243,0
43244,100
43245,0
43246,100
43247,0
43248,100
43249,0
43250,100
43251,0
43252,100
43253,100
43254,100
43255,100
43256,100
43257,100
43258,100
43259,100
43260,100
43261,100
43262,100
43263,100
43264,100
43265,100
43266,0
43267,100
43268,0
43269,100
43270,0
43271,100
43272,0
43273,100
43274,0
43275,100
43276,0
43277,100
43278,0
43279,100
43280,0
43281,100
43282,0
43283,100
43284,0
43285,100
43286,0
43287,100
43288,100
43289,100
43290,100
43291,100
43292,100
43293,100
43294,100
43295,100
43296,100
43297,100
43298,100
43299,100
43300,100
43301,0
43302,100
43303,0
43304,100
43305,0
43306,100
43307,0
43308,100
43309,0
43310,100
43311,0
43312,100
43313,0
43314,100
43315,0
43316,100
43317,0
43318,100
43319,0
43320,100
43321,0
43322,100
43323,100
43324,100
43325,100
43326,100
43327,100
43328,100
43329,100
43330,100
43331,100
43332,100
43333,100
43334,100
43335,100
43336,0
43337,100
43338,0
43339,100
43340,0
43341,100
43342,0
43343,100
43344,0
43345,100
43346,0
43347,100
43348,0
43349,100
43350,0
43351,100
43352,100
43353,100
43354,0
43355,100
43356,0
43357,100
43358,100
43359,100
43360,100
43361,100
43362,100
43363,100
43364,100
43365,100
43366,100
43367,100
43368,100
43369,100
43370,100
43371,100
43372,100
43373,0
43374,100
43375,0
43376,100
43377,0
43378,100
43379,0
43380,100
43381,0
43382,100
43383,0
43384,100
43385,0
43386,100
43387,0
43388,100
43389,0
43390,100
43391,0
43392,100
43393,100
43394,100
43395,100
43396,100
43397,100
43398,100
43399,100
43400,100
43401,100
43402,100
43403,100
43404,100
43405,100
43406,100
43407,100
43408,0
43409,100
43410,0
43411,100
43412,0
43413,100
43414,0
43415,100
43416,0
43417,100
43418,0
43419,100
43420,0
43421,100
43422,0
43423,100
43424,100
43425,100
43426,0
43427,100
43428,0
43429,100
43430,100
43431,100
43432,100
43433,100
43434,100
43435,100
43436,100
43437,100
43438,100
43439,100
43440,100
43441,100
43442,100
43443,0
43444,100
43445,0
43446,100
43447,0
43448,100
43449,0
43450,100
43451,0
43452,100
43453,0
43454,100
43455,0
43456,100
43457,0
43458,100
43459,100
43460,100
43461,100
43462,100
43463,0
43464,100
43465,100
43466,100
43467,100
43468,100
43469,100
43470,100
43471,100
43472,100
43473,100
43474,100
43475,100
43476,100
43477,100
43478,0
43479,100
43480,0
43481,100
43482,0
43483,100
43484,0
43485,100
43486,0
43487,100
43488,0
43489,100
43490,0
43491,100
43492,0
43493,100
43494,100
43495,100
43496,100
43497,100
43498,100
43499,100
43500,100
43501,100
43502,100
43503,100
43504,100
43505,100
43506,100
43507,100
43508,100
43509,100
43510,100
43511,100
43512,100
43513,0
43514,100
43515,0
43516,100
43517,0
43518,100
43519,0
43520,100
43521,0
43522,100
43523,0
43524,100
43525,0
43526,100
43527,0
43528,100
43529,100
43530,100
43531,100
43532,100
43533,100
43534,100
43535,100
43536,100
43537,100
43538,100
43539,100
43540,100
43541,100
43542,100
43543,100
43544,100
43545,100
43546,100
43547,100
43548,0
43549,100
43550,0
43551,100
43552,0
43553,100
43554,0
43555,100
43556,0
43557,100
43558,0
43559,100
43560,0
43561,100
43562,0
43563,100
43564,100
43565,100
43566,100
43567,100
43568,100
43569,100
43570,100
43571,100
43572,100
43573,100
43574,100
43575,100
43576,100
43577,100
43578,100
43579,100
43580,100
43581,100
43582,100
43583,0
43584,100
43585,0
43586,100
43587,0
43588,100
43589,0
43590,100
43591,0
43592,100
43593,0
43594,100
43595,0
43596,100
43597,0
43598,100
43599,100
43600,100
43601,100
43602,100
43603,100
43604,100
43605,100
43606,100
43607,100
43608,100
43609,100
43610,100
43611,100
43612,100
43613,100
43614,100
43615,100
43616,100
43617,100
43618,100
43619,100
43620,0
43621,100
43622,0
43623,100
43624,0
43625,100
43626,0
43627,100
43628,0
43629,100
43630,0
43631,100
43632,0
43633,100
43634,0
43635,100
43636,100
43637,100
43638,100
43639,100
43640,100
43641,100
43642,100
43643,100
43644,100
43645,100
43646,100
43647,100
43648,100
43649,100
43650,100
43651,100
43652,100
43653,100
43654,100
43655,0
43656,100
43657,0
43658,100
43659,0
43660,100
43661,0
43662,100
43663,0
43664,100
43665,0
43666,100
43667,0
43668,100
43669,100
43670,100
43671,100
43672,100
43673,100
43674,100
43675,100
43676,100
43677,100
43678,100
43679,100
43680,100
43681,100
43682,100
43683,100
43684,100
43685,100
43686,100
43687,100
43688,100
43689,100
43690,0
43691,100
43692,0
43693,100
43694,0
43695,100
43696,0
43697,100
43698,0
43699,100
43700,0
43701,100
43702,0
43703,100
43704,0
43705,100
43706,100
43707,100
43708,100
43709,100
43710,100
43711,100
43712,100
43713,100
43714,100
43715,100
43716,100
43717,100
43718,100
43719,100
43720,100
43721,100
43722,100
43723,100
43724,100
43725,0
43726,100
43727,0
43728,100
43729,0
43730,100
43731,0
43732,100
43733,0
43734,100
43735,0
43736,100
43737,0
43738,100
43739,0
43740,100
43741,100
43742,100
43743,100
43744,100
43745,100
43746,100
43747,100
43748,100
43749,100
43750,100
43751,100
43752,100
43753,100
43754,100
43755,100
43756,100
43757,100
43758,100
43759,100
43760,0
43761,100
43762,0
43763,100
43764,0
43765,100
43766,0
43767,100
43768,0
43769,100
43770,0
43771,100
43772,0
43773,100
43774,0
43775,100
43776,100
43777,100
43778,100
43779,100
43780,100
43781,100
43782,100
43783,100
43784,100
43785,100
43786,100
43787,100
43788,100
43789,100
43790,100
43791,100
43792,100
43793,100
43794,100
43795,0
43796,100
43797,0
43798,100
43799,0
43800,100
43801,0
43802,100
43803,0
43804,100
43805,0
43806,100
43807,0
43808,100
43809,0
43810,100
43811,100
43812,100
43813,100
43814,100
43815,100
43816,100
43817,100
43818,100
43819,100
43820,100
43821,100
43822,100
43823,100
43824,0
43825,100
43826,0
43827,100
43828,100
43829,100
43830,100
43831,100
43832,0
43833,100
43834,0
43835,100
43836,0
43837,100
43838,0
43839,100
43840,0
43841,100
43842,0
43843,100
43844,0
43845,100
43846,100
43847,100
43848,100
43849,100
43850,100
43851,100
43852,100
43853,100
43854,100
43855,100
43856,100
43857,100
43858,100
43859,100
43860,100
43861,0
43862,100
43863,100
43864,100
43865,100
43866,100
43867,0
43868,100
43869,0
43870,100
43871,0
43872,100
43873,0
43874,100
43875,0
43876,100
43877,0
43878,100
43879,0
43880,100
43881,100
43882,100
43883,100
43884,100
43885,100
43886,100
43887,100
43888,100
43889,100
43890,100
43891,100
43892,100
43893,100
43894,100
43895,100
43896,0
43897,100
43898,0
43899,100
43900,100
43901,100
43902,0
43903,100
43904,0
43905,100
43906,0
43907,100
43908,0
43909,100
43910,0
43911,100
43912,0
43913,100
43914,0
43915,100
43916,0
43917,100
43918,100
43919,100
43920,100
43921,100
43922,100
43923,100
43924,100
43925,100
43926,100
43927,100
43928,100
43929,100
43930,100
43931,0
43932,100
43933,0
43934,100
43935,0
43936,100
43937,0
43938,100
43939,0
43940,100
43941,0
43942,100
43943,0
43944,100
43945,0
43946,100
43947,0
43948,100
43949,0
43950,100
43951,0
43952,100
43953,100
43954,100
43955,100
43956,100
43957,100
43958,100
43959,100
43960,100
43961,100
43962,100
43963,100
43964,100
43965,100
43966,0
43967,100
43968,0
43969,100
43970,0
43971,100
43972,0
43973,100
43974,0
43975,100
43976,0
43977,100
43978,0
43979,100
43980,0
43981,100
43982,0
43983,100
43984,0
43985,100
43986,0
43987,100
43988,100
43989,100
43990,100
43991,100
43992,100
43993,100
43994,100
43995,100
43996,100
43997,100
43998,100
43999,100
44000,100
44001,0
44002,100
44003,0
44004,100
44005,0
44006,100
44007,0
44008,100
44009,0
44010,100
44011,0
44012,100
44013,0
44014,100
44015,0
44016,100
44017,0
44018,100
44019,0
44020,100
44021,0
44022,100
44023,100
44024,100
44025,100
44026,100
44027,100
44028,100
44029,100
44030,100
44031,100
44032,100
44033,100
44034,100
44035,100
44036,0
44037,100
44038,0
44039,100
44040,0
44041,100
44042,0
44043,100
44044,0
44045,100
44046,0
44047,100
44048,0
44049,100
44050,0
44051,100
44052,0
44053,100
44054,0
44055,100
44056,0
44057,100
44058,100
44059,100
44060,100
44061,100
44062,100
44063,100
44064,100
44065,100
44066,100
44067,100
44068,100
44069,100
44070,100
44071,0
44072,100
44073,0
44074,100
44075,0
44076,100
44077,0
44078,100
44079,0
44080,100
44081,0
44082,100
44083,0
44084,100
44085,0
44086,100
44087,0
44088,100
44089,0
44090,100
44091,0
44092,100
44093,100
44094,100
44095,100
44096,100
44097,100
44098,100
44099,100
44100,100
44101,100
44102,100
44103,100
44104,100
44105,100
44106,100
44107,100
44108,0
44109,100
44110,0
44111,100
44112,0
44113,100
44114,0
44115,100
44116,0
44117,100
44118,0
44119,100
44120,0
44121,100
44122,0
44123,100
44124,0
44125,100
44126,0
44127,100
44128,100
44129,100
44130,100
44131,100
44132,100
44133,100
44134,100
44135,100
44136,100
44137,100
44138,100
44139,100
44140,100
44141,100
44142,100
44143,0
44144,100
44145,0
44146,100
44147,0
44148,100
44149,0
44150,100
44151,0
44152,100
44153,0
44154,100
44155,0
44156,100
44157,0
44158,100
44159,0
44160,100
44161,0
44162,100
44163,0
44164,100
44165,100
44166,100
44167,100
44168,100
44169,100
44170,100
44171,100
44172,100
44173,100
44174,100
44175,100
44176,100
44177,100
44178,0
44179,100
44180,0
44181,100
44182,0
44183,100
44184,0
44185,100
44186,0
44187,100
44188,0
44189,100
44190,0
44191,100
44192,0
44193,100
44194,0
44195,100
44196,0
44197,100
44198,0
44199,100
44200,100
44201,100
44202,100
44203,100
44204,100
44205,100
44206,100
44207,100
44208,100
44209,100
44210,100
44211,100
44212,100
44213,0
44214,100
44215,0
44216,100
44217,0
44218,100
44219,0
44220,100
44221,0
44222,100
44223,0
44224,100
44225,0
44226,100
44227,0
44228,100
44229,0
44230,100
44231,0
44232,100
44233,0
44234,100
44235,100
44236,100
44237,100
44238,100
44239,100
44240,100
44241,100
44242,100
44243,100
44244,100
44245,100
44246,100
44247,100
44248,0
44249,100
44250,0
44251,100
44252,0
44253,100
44254,0
44255,100
44256,0
44257,100
44258,0
44259,100
44260,0
44261,100
44262,0
44263,100
44264,100
44265,100
44266,0
44267,100
44268,0
44269,100
44270,100
44271,100
44272,100
44273,100
44274,100
44275,100
44276,100
44277,100
44278,100
44279,100
44280,100
44281,100
44282,100
44283,0
44284,100
44285,0
44286,100
44287,0
44288,100
44289,0
44290,100
44291,0
44292,100
44293,0
44294,100
44295,0
44296,100
44297,0
44298,100
44299,100
44300,100
44301,100
44302,100
44303,0
44304,100
44305,100
44306,100
44307,100
44308,100
44309,100
44310,100
44311,100
44312,100
44313,100
44314,100
44315,100
44316,100
44317,100
44318,0
44319,100
44320,0
44321,100
44322,0
44323,100
44324,0
44325,100
44326,0
44327,100
44328,0
44329,100
44330,0
44331,100
44332,0
44333,100
44334,100
44335,100
44336,100
44337,100
44338,0
44339,100
44340,100
44341,100
44342,100
44343,100
44344,100
44345,100
44346,100
44347,100
44348,100
44349,100
44350,100
44351,100
44352,100
44353,100
44354,100
44355,0
44356,100
44357,0
44358,100
44359,0
44360,100
44361,0
44362,100
44363,0
44364,100
44365,0
44366,100
44367,0
44368,100
44369,100
44370,100
44371,100
44372,100
44373,100
44374,100
44375,100
44376,100
44377,100
44378,100
44379,100
44380,100
44381,100
44382,100
44383,100
44384,100
44385,100
44386,100
44387,100
44388,100
44389,100
44390,0
44391,100
44392,0
44393,100
44394,0
44395,100
44396,0
44397,100
44398,0
44399,100
44400,0
44401,100
44402,0
44403,100
44404,0
44405,100
44406,100
44407,100
44408,100
44409,100
44410,100
44411,100
44412,100
44413,100
44414,100
44415,100
44416,100
44417,100
44418,100
44419,100
44420,100
44421,100
44422,100
44423,100
44424,100
44425,0
44426,100
44427,0
44428,100
44429,0
44430,100
44431,0
44432,100
44433,0
44434,100
44435,0
44436,100
44437,0
44438,100
44439,0
44440,100
44441,100
44442,100
44443,100
44444,100
44445,100
44446,100
44447,100
44448,100
44449,100
44450,100
44451,100
44452,100
44453,100
44454,100
44455,100
44456,100
44457,100
44458,100
44459,100
44460,0
44461,100
44462,0
44463,100
44464,0
44465,100
44466,0
44467,100
44468,0
44469,100
44470,0
44471,100
44472,0
44473,100
44474,0
44475,100
44476,100
44477,100
44478,100
44479,100
44480,100
44481,100
44482,100
44483,100
44484,100
44485,100
44486,100
44487,100
44488,100
44489,100
44490,100
44491,100
44492,100
44493,100
44494,100
44495,0
44496,100
44497,0
44498,100
44499,0
44500,100
44501,0
44502,100
44503,0
44504,100
44505,0
44506,100
44507,0
44508,100
44509,0
44510,100
44511,100
44512,100
44513,100
44514,100
44515,100
44516,100
44517,100
44518,100
44519,100
44520,100
44521,100
44522,100
44523,100
44524,100
44525,100
44526,100
44527,100
44528,100
44529,100
44530,0
44531,100
44532,0
44533,100
44534,0
44535,100
44536,0
44537,100
44538,0
44539,100
44540,0
44541,100
44542,0
44543,100
44544,0
44545,100
44546,100
44547,100
44548,100
44549,100
44550,100
44551,100
44552,100
44553,100
44554,100
44555,100
44556,100
44557,100
44558,100
44559,100
44560,100
44561,100
44562,100
44563,100
44564,100
44565,100
44566,100
44567,0
44568,100
44569,0
44570,100
44571,0
44572,100
44573,0
44574,100
44575,0
44576,100
44577,0
44578,100
44579,0
44580,100
44581,100
44582,100
44583,100
44584,100
44585,100
44586,100
44587,100
44588,100
44589,100
44590,100
44591,100
44592,100
44593,100
44594,100
44595,100
44596,100
44597,100
44598,100
44599,100
44600,0
44601,100
44602,0
44603,100
44604,0
44605,100
44606,0
44607,100
44608,0
44609,100
44610,0
44611,100
44612,0
44613,100
44614,0
44615,100
44616,100
44617,100
44618,100
44619,100
44620,100
44621,100
44622,100
44623,100
44624,100
44625,100
44626,100
44627,100
44628,100
44629,100
44630,100
44631,100
44632,100
44633,100
44634,100
44635,100
44636,100
44637,0
44638,100
44639,0
44640,100
44641,0
44642,100
44643,0
44644,100
44645,0
44646,100
44647,0
44648,100
44649,0
44650,100
44651,0
44652,100
44653,100
44654,100
44655,100
44656,100
44657,100
44658,100
44659,100
44660,100
44661,100
44662,100
44663,100
44664,100
44665,100
44666,0
44667,100
44668,100
44669,100
44670,100
44671,100
44672,0
44673,100
44674,0
44675,100
44676,0
44677,100
44678,0
44679,100
44680,0
44681,100
44682,0
44683,100
44684,0
44685,100
44686,0
44687,100
44688,100
44689,100
44690,100
44691,100
44692,100
44693,100
44694,100
44695,100
44696,100
44697,100
44698,100
44699,100
44700,100
44701,0
44702,100
44703,100
44704,100
44705,100
44706,100
44707,0
44708,100
44709,0
44710,100
44711,0
44712,100
44713,0
44714,100
44715,0
44716,100
44717,0
44718,100
44719,0
44720,100
44721,0
44722,100
44723,100
44724,100
44725,100
44726,100
44727,100
44728,100
44729,100
44730,100
44731,100
44732,100
44733,100
44734,100
44735,100
44736,0
44737,100
44738,0
44739,100
44740,100
44741,100
44742,0
44743,100
44744,0
44745,100
44746,0
44747,100
44748,0
44749,100
44750,0
44751,100
44752,0
44753,100
44754,0
44755,100
44756,0
44757,100
44758,100
44759,100
44760,100
44761,100
44762,100
44763,100
44764,100
44765,100
44766,100
44767,100
44768,100
44769,100
44770,100
44771,0
44772,100
44773,0
44774,100
44775,0
44776,100
44777,0
44778,100
44779,0
44780,100
44781,0
44782,100
44783,0
44784,100
44785,0
44786,100
44787,0
44788,100
44789,0
44790,100
44791,0
44792,100
44793,100
44794,100
44795,100
44796,100
44797,100
44798,100
44799,100
44800,100
44801,100
44802,100
44803,100
44804,100
44805,100
44806,0
44807,100
44808,0
44809,100
44810,0
44811,100
44812,0
44813,100
44814,0
44815,100
44816,0
44817,100
44818,0
44819,100
44820,0
44821,100
44822,0
44823,100
44824,0
44825,100
44826,0
44827,100
44828,100
44829,100
44830,100
44831,100
44832,100
44833,100
44834,100
44835,100
44836,100
44837,100
44838,100
44839,100
44840,100
44841,100
44842,100
44843,0
44844,100
44845,0
44846,100
44847,0
44848,100
44849,0
44850,100
44851,0
44852,100
44853,0
44854,100
44855,0
44856,100
44857,0
44858,100
44859,0
44860,100
44861,0
44862,100
44863,0
44864,100
44865,100
44866,100
44867,100
44868,100
44869,100
44870,100
44871,100
44872,100
44873,100
44874,100
44875,100
44876,100
44877,100
44878,0
44879,100
44880,0
44881,100
44882,0
44883,100
44884,0
44885,100
44886,0
44887,100
44888,0
44889,100
44890,0
44891,100
44892,0
44893,100
44894,0
44895,100
44896,0
44897,100
44898,0
44899,100
44900,100
44901,100
44902,100
44903,100
44904,100
44905,100
44906,100
44907,100
44908,100
44909,100
44910,100
44911,100
44912,100
44913,0
44914,100
44915,0
44916,100
44917,0
44918,100
44919,0
44920,100
44921,0
44922,100
44923,0
44924,100
44925,0
44926,100
44927,0
44928,100
44929,0
44930,100
44931,0
44932,100
44933,0
44934,100
44935,100
44936,100
44937,100
44938,100
44939,100
44940,100
44941,100
44942,100
44943,100
44944,100
44945,100
44946,100
44947,100
44948,0
44949,100
44950,0
44951,100
44952,0
44953,100
44954,0
44955,100
44956,0
44957,100
44958,0
44959,100
44960,0
44961,100
44962,0
44963,100
44964,0
44965,100
44966,0
44967,100
44968,0
44969,100
44970,100
44971,100
44972,100
44973,100
44974,100
44975,100
44976,100
44977,100
44978,100
44979,100
44980,100
44981,100
44982,100
44983,0
44984,100
44985,0
44986,100
44987,0
44988,100
44989,0
44990,100
44991,0
44992,100
44993,0
44994,100
44995,0
44996,100
44997,0
44998,100
44999,0
45000,100
45001,0
45002,100
45003,0
45004,100
45005,100
45006,100
45007,100
45008,100
45009,100
45010,100
45011,100
45012,100
45013,100
45014,100
45015,100
45016,100
45017,100
45018,0
45019,100
45020,0
45021,100
45022,0
45023,100
45024,0
45025,100
45026,0
45027,100
45028,0
45029,100
45030,0
45031,100
45032,0
45033,100
45034,0
45035,100
45036,0
45037,100
45038,0
45039,100
45040,100
45041,100
45042,100
45043,100
45044,100
45045,100
45046,100
45047,100
45048,100
45049,100
45050,100
45051,100
45052,100
45053,100
45054,100
45055,0
45056,100
45057,0
45058,100
45059,0
45060,100
45061,0
45062,100
45063,0
45064,100
45065,0
45066,100
45067,0
45068,100
45069,0
45070,100
45071,0
45072,100
45073,0
45074,100
45075,100
45076,100
45077,100
45078,100
45079,100
45080,100
45081,100
45082,100
45083,100
45084,100
45085,100
45086,100
45087,100
45088,100
45089,100
45090,0
45091,100
45092,0
45093,100
45094,0
45095,100
45096,0
45097,100
45098,0
45099,100
45100,0
45101,100
45102,0
45103,100
45104,100
45105,100
45106,0
45107,100
45108,0
45109,100
45110,0
45111,100
45112,100
45113,100
45114,100
45115,100
45116,100
45117,100
45118,100
45119,100
45120,100
45121,100
45122,100
45123,100
45124,100
45125,0
45126,100
45127,0
45128,100
45129,0
45130,100
45131,0
45132,100
45133,0
45134,100
45135,0
45136,100
45137,0
45138,100
45139,0
45140,100
45141,100
45142,100
45143,0
45144,100
45145,100
45146,100
45147,100
45148,100
45149,100
45150,100
45151,100
45152,100
45153,100
45154,100
45155,100
45156,100
45157,100
45158,100
45159,100
45160,0
45161,100
45162,0
45163,100
45164,0
45165,100
45166,0
45167,100
45168,0
45169,100
45170,0
45171,100
45172,0
45173,100
45174,0
45175,100
45176,100
45177,100
45178,0
45179,100
45180,0
45181,100
45182,100
45183,100
45184,100
45185,100
45186,100
45187,100
45188,100
45189,100
45190,100
45191,100
45192,100
45193,100
45194,100
45195,0
45196,100
45197,0
45198,100
45199,0
45200,100
45201,0
45202,100
45203,0
45204,100
45205,0
45206,100
45207,0
45208,100
45209,0
45210,100
45211,100
45212,100
45213,100
45214,100
45215,0
45216,100
45217,100
45218,100
45219,100
45220,100
45221,100
45222,100
45223,100
45224,100
45225,100
45226,100
45227,100
45228,100
45229,100
45230,0
45231,100
45232,0
45233,100
45234,0
45235,100
45236,0
45237,100
45238,0
45239,100
45240,0
45241,100
45242,0
45243,100
45244,0
45245,100
45246,100
45247,100
45248,100
45249,100
45250,100
45251,100
45252,100
45253,100
45254,100
45255,100
45256,100
45257,100
45258,100
45259,100
45260,100
45261,100
45262,100
45263,100
45264,100
45265,0
45266,100
45267,0
45268,100
45269,0
45270,100
45271,0
45272,100
45273,0
45274,100
45275,0
45276,100
45277,0
45278,100
45279,0
45280,100
45281,100
45282,100
45283,100
45284,100
45285,100
45286,100
45287,100
45288,100
45289,100
45290,100
45291,100
45292,100
45293,100
45294,100
45295,100
45296,100
45297,100
45298,100
45299,100
45300,0
45301,100
45302,0
45303,100
45304,0
45305,100
45306,0
45307,100
45308,0
45309,100
45310,0
45311,100
45312,0
45313,100
45314,0
45315,100
45316,100
45317,100
45318,100
45319,100
45320,100
45321,100
45322,100
45323,100
45324,100
45325,100
45326,100
45327,100
45328,100
45329,100
45330,100
45331,100
45332,100
45333,100
45334,100
45335,100
45336,100
45337,0
45338,100
45339,0
45340,100
45341,0
45342,100
45343,0
45344,100
45345,0
45346,100
45347,0
45348,100
45349,0
45350,100
45351,100
45352,100
45353,100
45354,100
45355,100
45356,100
45357,100
45358,100
45359,100
45360,100
45361,100
45362,100
45363,100
45364,100
45365,100
45366,100
45367,100
45368,100
45369,100
45370,100
45371,100
45372,0
45373,100
45374,0
45375,100
45376,0
45377,100
45378,0
45379,100
45380,0
45381,100
45382,0
45383,100
45384,0
45385,100
45386,0
45387,100
45388,100
45389,100
45390,100
45391,100
45392,100
45393,100
45394,100
45395,100
45396,100
45397,100
45398,100
45399,100
45400,100
45401,100
45402,100
45403,100
45404,100
45405,100
45406,100
45407,0
45408,100
45409,0
45410,100
45411,0
45412,100
45413,0
45414,100
45415,0
45416,100
45417,0
45418,100
45419,0
45420,100
45421,0
45422,100
45423,100
45424,100
45425,100
45426,100
45427,100
45428,100
45429,100
45430,100
45431,100
45432,100
45433,100
45434,100
45435,100
45436,100
45437,100
45438,100
45439,100
45440,100
45441,100
45442,0
45443,100
45444,0
45445,100
45446,0
45447,100
45448,0
45449,100
45450,0
45451,100
45452,0
45453,100
45454,0
45455,100
45456,0
45457,100
45458,100
45459,100
45460,100
45461,100
45462,100
45463,100
45464,100
45465,100
45466,100
45467,100
45468,100
45469,100
45470,100
45471,100
45472,100
45473,100
45474,100
45475,100
45476,100
45477,0
45478,100
45479,0
45480,100
45481,0
45482,100
45483,0
45484,100
45485,0
45486,100
45487,0
45488,100
45489,0
45490,100
45491,0
45492,100
45493,100
45494,100
45495,100
45496,100
45497,100
45498,100
45499,100
45500,100
45501,100
45502,100
45503,100
45504,100
45505,100
45506,100
45507,100
45508,100
45509,100
45510,100
45511,100
45512,0
45513,100
45514,0
45515,100
45516,0
45517,100
45518,0
45519,100
45520,0
45521,100
45522,0
45523,100
45524,0
45525,100
45526,0
45527,100
45528,100
45529,100
45530,100
45531,100
45532,100
45533,100
45534,100
45535,100
45536,100
45537,100
45538,100
45539,100
45540,100
45541,100
45542,100
45543,100
45544,100
45545,100
45546,100
45547,0
45548,100
45549,0
45550,100
45551,0
45552,100
45553,0
45554,100
45555,0
45556,100
45557,0
45558,100
45559,0
45560,100
45561,0
45562,100
45563,100
45564,100
45565,100
45566,100
45567,100
45568,100
45569,100
45570,100
45571,100
45572,100
45573,100
45574,100
45575,100
45576,0
45577,100
45578,0
45579,100
45580,100
45581,100
45582,100
45583,100
45584,0
45585,100
45586,0
45587,100
45588,0
45589,100
45590,0
45591,100
45592,0
45593,100
45594,0
45595,100
45596,0
45597,100
45598,0
45599,100
45600,100
45601,100
45602,100
45603,100
45604,100
45605,100
45606,100
45607,100
45608,100
45609,100
45610,100
45611,100
45612,100
45613,0
45614,100
45615,0
45616,100
45617,100
45618,100
45619,0
45620,100
45621,0
45622,100
45623,0
45624,100
45625,0
45626,100
45627,0
45628,100
45629,0
45630,100
45631,0
45632,100
45633,100
45634,100
45635,100
45636,100
45637,100
45638,100
45639,100
45640,100
45641,100
45642,100
45643,100
45644,100
45645,100
45646,100
45647,100
45648,0
45649,100
45650,0
45651,100
45652,100
45653,100
45654,0
45655,100
45656,0
45657,100
45658,0
45659,100
45660,0
45661,100
45662,0
45663,100
45664,0
45665,100
45666,0
45667,100
45668,0
45669,100
45670,100
45671,100
45672,100
45673,100
45674,100
45675,100
45676,100
45677,100
45678,100
45679,100
45680,100
45681,100
45682,100
45683,0
45684,100
45685,0
45686,100
45687,0
45688,100
45689,0
45690,100
45691,0
45692,100
45693,0
45694,100
45695,0
45696,100
45697,0
45698,100
45699,0
45700,100
45701,0
45702,100
45703,0
45704,100
45705,100
45706,100
45707,100
45708,100
45709,100
45710,100
45711,100
45712,100
45713,100
45714,100
45715,100
45716,100
45717,100
45718,0
45719,100
45720,0
45721,100
45722,0
45723,100
45724,0
45725,100
45726,0
45727,100
45728,0
45729,100
45730,0
45731,100
45732,0
45733,100
45734,0
45735,100
45736,0
45737,100
45738,0
45739,100
45740,100
45741,100
45742,100
45743,100
45744,100
45745,100
45746,100
45747,100
45748,100
45749,100
45750,100
45751,100
45752,100
45753,0
45754,100
45755,0
45756,100
45757,0
45758,100
45759,0
45760,100
45761,0
45762,100
45763,0
45764,100
45765,0
45766,100
45767,0
45768,100
45769,0
45770,100
45771,0
45772,100
45773,0
45774,100
45775,100
45776,100
45777,100
45778,100
45779,100
45780,100
45781,100
45782,100
45783,100
45784,100
45785,100
45786,100
45787,100
45788,0
45789,100
45790,0
45791,100
45792,0
45793,100
45794,0
45795,100
45796,0
45797,100
45798,0
45799,100
45800,0
45801,100
45802,0
45803,100
45804,0
45805,100
45806,0
45807,100
45808,0
45809,100
45810,100
45811,100
45812,100
45813,100
45814,100
45815,100
45816,100
45817,100
45818,100
45819,100
45820,100
45821,100
45822,100
45823,100
45824,100
45825,0
45826,100
45827,0
45828,100
45829,0
45830,100
45831,0
45832,100
45833,0
45834,100
45835,0
45836,100
45837,0
45838,100
45839,0
45840,100
45841,0
45842,100
45843,0
45844,100
45845,100
45846,100
45847,100
45848,100
45849,100
45850,100
45851,100
45852,100
45853,100
45854,100
45855,100
45856,100
45857,100
45858,100
45859,100
45860,0
45861,100
45862,0
45863,100
45864,0
45865,100
45866,0
45867,100
45868,0
45869,100
45870,0
45871,100
45872,0
45873,100
45874,0
45875,100
45876,0
45877,100
45878,0
45879,100
45880,100
45881,100
45882,100
45883,100
45884,100
45885,100
45886,100
45887,100
45888,100
45889,100
45890,100
45891,100
45892,100
45893,100
45894,100
45895,0
45896,100
45897,0
45898,100
45899,0
45900,100
45901,0
45902,100
45903,0
45904,100
45905,0
45906,100
45907,0
45908,100
45909,0
45910,100
45911,0
45912,100
45913,0
45914,100
45915,0
45916,100
45917,100
45918,100
45919,100
45920,100
45921,100
45922,100
45923,100
45924,100
45925,100
45926,100
45927,100
45928,100
45929,100
45930,0
45931,100
45932,0
45933,100
45934,0
45935,100
45936,0
45937,100
45938,0
45939,100
45940,0
45941,100
45942,0
45943,100
45944,0
45945,100
45946,0
45947,100
45948,0
45949,100
45950,0
45951,100
45952,100
45953,100
45954,100
45955,100
45956,100
45957,100
45958,100
45959,100
45960,100
45961,100
45962,100
45963,100
45964,100
45965,0
45966,100
45967,0
45968,100
45969,0
45970,100
45971,0
45972,100
45973,0
45974,100
45975,0
45976,100
45977,0
45978,100
45979,0
45980,100
45981,0
45982,100
45983,0
45984,100
45985,0
45986,100
45987,100
45988,100
45989,100
45990,100
45991,100
45992,100
45993,100
45994,100
45995,100
45996,100
45997,100
45998,100
45999,100
46000,0
46001,100
46002,0
46003,100
46004,0
46005,100
46006,0
46007,100
46008,0
46009,100
46010,0
46011,100
46012,0
46013,100
46014,0
46015,100
46016,100
46017,100
46018,0
46019,100
46020,0
46021,100
46022,100
46023,100
46024,100
46025,100
46026,100
46027,100
46028,100
46029,100
46030,100
46031,100
46032,100
46033,100
46034,100
46035,0
46036,100
46037,0
46038,100
46039,0
46040,100
46041,0
46042,100
46043,0
46044,100
46045,0
46046,100
46047,0
46048,100
46049,0
46050,100
46051,100
46052,100
46053,100
46054,100
46055,0
46056,100
46057,100
46058,100
46059,100
46060,100
46061,100
46062,100
46063,100
46064,100
46065,100
46066,100
46067,100
46068,100
46069,100
46070,100
46071,100
46072,0
46073,100
46074,0
46075,100
46076,0
46077,100
46078,0
46079,100
46080,0
46081,100
46082,0
46083,100
46084,0
46085,100
46086,0
46087,100
46088,100
46089,100
46090,100
46091,100
46092,100
46093,100
46094,100
46095,100
46096,100
46097,100
46098,100
46099,100
46100,100
46101,100
46102,100
46103,100
46104,100
46105,100
46106,100
46107,0
46108,100
46109,0
46110,100
46111,0
46112,100
46113,0
46114,100
46115,0
46116,100
46117,0
46118,100
46119,0
46120,100
46121,0
46122,100
46123,100
46124,100
46125,100
46126,100
46127,0
46128,100
46129,100
46130,100
46131,100
46132,100
46133,100
46134,100
46135,100
46136,100
46137,100
46138,100
46139,100
46140,100
46141,100
46142,0
46143,100
46144,0
46145,100
46146,0
46147,100
46148,0
46149,100
46150,0
46151,100
46152,0
46153,100
46154,0
46155,100
46156,0
46157,100
46158,100
46159,100
46160,100
46161,100
46162,100
46163,100
46164,100
46165,100
46166,100
46167,100
46168,100
46169,100
46170,100
46171,100
46172,100
46173,100
46174,100
46175,100
46176,100
46177,0
46178,100
46179,0
46180,100
46181,0
46182,100
46183,0
46184,100
46185,0
46186,100
46187,0
46188,100
46189,0
46190,100
46191,0
46192,100
46193,100
46194,100
46195,100
46196,100
46197,100
46198,100
46199,100
46200,100
46201,100
46202,100
46203,100
46204,100
46205,100
46206,100
46207,100
46208,100
46209,100
46210,100
46211,100
46212,0
46213,100
46214,0
46215,100
46216,0
46217,100
46218,0
46219,100
46220,0
46221,100
46222,0
46223,100
46224,0
46225,100
46226,0
46227,100
46228,100
46229,100
46230,100
46231,100
46232,100
46233,100
46234,100
46235,100
46236,100
46237,100
46238,100
46239,100
46240,100
46241,100
46242,100
46243,100
46244,100
46245,100
46246,100
46247,0
46248,100
46249,0
46250,100
46251,0
46252,100
46253,0
46254,100
46255,0
46256,100
46257,0
46258,100
46259,0
46260,100
46261,0
46262,100
46263,100
46264,100
46265,100
46266,100
46267,100
46268,100
46269,100
46270,100
46271,100
46272,100
46273,100
46274,100
46275,100
46276,100
46277,100
46278,100
46279,100
46280,100
46281,100
46282,0
46283,100
46284,0
46285,100
46286,0
46287,100
46288,0
46289,100
46290,0
46291,100
46292,0
46293,100
46294,0
46295,100
46296,0
46297,100
46298,100
46299,100
46300,100
46301,100
46302,100
46303,100
46304,100
46305,100
46306,100
46307,100
46308,100
46309,100
46310,100
46311,100
46312,100
46313,100
46314,100
46315,100
46316,100
46317,100
46318,100
46319,0
46320,100
46321,0
46322,100
46323,0
46324,100
46325,0
46326,100
46327,0
46328,100
46329,0
46330,100
46331,0
46332,100
46333,100
46334,100
46335,100
46336,100
46337,100
46338,100
46339,100
46340,100
46341,100
46342,100
46343,100
46344,100
46345,100
46346,100
46347,100
46348,100
46349,100
46350,100
46351,100
46352,100
46353,100
46354,0
46355,100
46356,0
46357,100
46358,0
46359,100
46360,0
46361,100
46362,0
46363,100
46364,0
46365,100
46366,0
46367,100
46368,0
46369,100
46370,100
46371,100
46372,100
46373,100
46374,100
46375,100
46376,100
46377,100
46378,100
46379,100
46380,100
46381,100
46382,100
46383,100
46384,100
46385,100
46386,100
46387,100
46388,100
46389,0
46390,100
46391,0
46392,100
46393,0
46394,100
46395,0
46396,100
46397,0
46398,100
46399,0
46400,100
46401,0
46402,100
46403,0
46404,100
46405,100
46406,100
46407,100
46408,100
46409,100
46410,100
46411,100
46412,100
46413,100
46414,100
46415,100
46416,100
46417,100
46418,0
46419,100
46420,100
46421,100
46422,100
46423,100
46424,0
46425,100
46426,0
46427,100
46428,0
46429,100
46430,0
46431,100
46432,0
46433,100
46434,0
46435,100
46436,0
46437,100
46438,0
46439,100
46440,100
46441,100
46442,100
46443,100
46444,100
46445,100
46446,100
46447,100
46448,100
46449,100
46450,100
46451,100
46452,100
46453,0
46454,100
46455,100
46456,100
46457,100
46458,100
46459,0
46460,100
46461,0
46462,100
46463,0
46464,100
46465,0
46466,100
46467,0
46468,100
46469,0
46470,100
46471,0
46472,100
46473,0
46474,100
46475,100
46476,100
46477,100
46478,100
46479,100
46480,100
46481,100
46482,100
46483,100
46484,100
46485,100
46486,100
46487,100
46488,0
46489,100
46490,0
46491,100
46492,100
46493,100
46494,0
46495,100
46496,0
46497,100
46498,0
46499,100
46500,0
46501,100
46502,0
46503,100
46504,0
46505,100
46506,0
46507,100
46508,0
46509,100
46510,100
46511,100
46512,100
46513,100
46514,100
46515,100
46516,100
46517,100
46518,100
46519,100
46520,100
46521,100
46522,100
46523,0
46524,100
46525,0
46526,100
46527,0
46528,100
46529,0
46530,100
46531,0
46532,100
46533,0
46534,100
46535,0
46536,100
46537,0
46538,100
46539,0
46540,100
46541,0
46542,100
46543,0
46544,100
46545,100
46546,100
46547,100
46548,100
46549,100
46550,100
46551,100
46552,100
46553,100
46554,100
46555,100
46556,100
46557,100
46558,100
46559,100
46560,0
46561,100
46562,0
46563,100
46564,0
46565,100
46566,0
46567,100
46568,0
46569,100
46570,0
46571,100
46572,0
46573,100
46574,0
46575,100
46576,0
46577,100
46578,0
46579,100
46580,100
46581,100
46582,100
46583,100
46584,100
46585,100
46586,100
46587,100
46588,100
46589,100
46590,100
46591,100
46592,100
46593,100
46594,100
46595,0
46596,100
46597,0
46598,100
46599,0
46600,100
46601,0
46602,100
46603,0
46604,100
46605,0
46606,100
46607,0
46608,100
46609,0
46610,100
46611,0
46612,100
46613,0
46614,100
46615,0
46616,100
46617,100
46618,100
46619,100
46620,100
46621,100
46622,100
46623,100
46624,100
46625,100
46626,100
46627,100
46628,100
46629,100
46630,0
46631,100
46632,0
46633,100
46634,0
46635,100
46636,0
46637,100
46638,0
46639,100
46640,0
46641,100
46642,0
46643,100
46644,0
46645,100
46646,0
46647,100
46648,0
46649,100
46650,0
46651,100
46652,100
46653,100
46654,100
46655,100
46656,100
46657,100
46658,100
46659,100
46660,100
46661,100
46662,100
46663,100
46664,100
46665,0
46666,100
46667,0
46668,100
46669,0
46670,100
46671,0
46672,100
46673,0
46674,100
46675,0
46676,100
46677,0
46678,100
46679,0
46680,100
46681,0
46682,100
46683,0
46684,100
46685,0
46686,100
46687,100
46688,100
46689,100
46690,100
46691,100
46692,100
46693,100
46694,100
46695,100
46696,100
46697,100
46698,100
46699,100
46700,0
46701,100
46702,0
46703,100
46704,0
46705,100
46706,0
46707,100
46708,0
46709,100
46710,0
46711,100
46712,0
46713,100
46714,0
46715,100
46716,0
46717,100
46718,0
46719,100
46720,0
46721,100
46722,100
46723,100
46724,100
46725,100
46726,100
46727,100
46728,100
46729,100
46730,100
46731,100
46732,100
46733,100
46734,100
46735,0
46736,100
46737,0
46738,100
46739,0
46740,100
46741,0
46742,100
46743,0
46744,100
46745,0
46746,100
46747,0
46748,100
46749,0
46750,100
46751,0
46752,100
46753,0
46754,100
46755,0
46756,100
46757,100
46758,100
46759,100
46760,100
46761,100
46762,100
46763,100
46764,100
46765,100
46766,100
46767,100
46768,100
46769,100
46770,100
46771,100
46772,0
46773,100
46774,0
46775,100
46776,0
46777,100
46778,0
46779,100
46780,0
46781,100
46782,0
46783,100
46784,0
46785,100
46786,0
46787,100
46788,0
46789,100
46790,0
46791,100
46792,100
46793,100
46794,100
46795,100
46796,100
46797,100
46798,100
46799,100
46800,100
46801,100
46802,100
46803,100
46804,100
46805,100
46806,100
46807,0
46808,100
46809,0
46810,100
46811,0
46812,100
46813,0
46814,100
46815,0
46816,100
46817,0
46818,100
46819,0
46820,100
46821,0
46822,100
46823,0
46824,100
46825,0
46826,100
46827,100
46828,100
46829,100
46830,100
46831,100
46832,100
46833,100
46834,100
46835,100
46836,100
46837,100
46838,100
46839,100
46840,100
46841,100
46842,0
46843,100
46844,0
46845,100
46846,0
46847,100
46848,0
46849,100
46850,0
46851,100
46852,0
46853,100
46854,0
46855,100
46856,0
46857,100
46858,0
46859,100
46860,0
46861,100
46862,0
46863,100
46864,100
46865,100
46866,100
46867,100
46868,100
46869,100
46870,100
46871,100
46872,100
46873,100
46874,100
46875,100
46876,100
46877,0
46878,100
46879,0
46880,100
46881,0
46882,100
46883,0
46884,100
46885,0
46886,100
46887,0
46888,100
46889,0
46890,100
46891,0
46892,100
46893,100
46894,100
46895,0
46896,100
46897,0
46898,100
46899,100
46900,100
46901,100
46902,100
46903,100
46904,100
46905,100
46906,100
46907,100
46908,100
46909,100
46910,100
46911,100
46912,0
46913,100
46914,0
46915,100
46916,0
46917,100
46918,0
46919,100
46920,0
46921,100
46922,0
46923,100
46924,0
46925,100
46926,0
46927,100
46928,100
46929,100
46930,100
46931,100
46932,0
46933,100
46934,100
46935,100
46936,100
46937,100
46938,100
46939,100
46940,100
46941,100
46942,100
46943,100
46944,100
46945,100
46946,100
46947,0
46948,100
46949,0
46950,100
46951,0
46952,100
46953,0
46954,100
46955,0
46956,100
46957,0
46958,100
46959,0
46960,100
46961,0
46962,100
46963,100
46964,100
46965,100
46966,100
46967,0
46968,100
46969,100
46970,100
46971,100
46972,100
46973,100
46974,100
46975,100
46976,100
46977,100
46978,100
46979,100
46980,100
46981,100
46982,0
46983,100
46984,0
46985,100
46986,0
46987,100
46988,0
46989,100
46990,0
46991,100
46992,0
46993,100
46994,0
46995,100
46996,0
46997,100
46998,100
46999,100
47000,100
47001,100
47002,100
47003,100
47004,100
47005,100
47006,100
47007,100
47008,100
47009,100
47010,100
47011,100
47012,100
47013,100
47014,100
47015,100
47016,100
47017,100
47018,100
47019,0
47020,100
47021,0
47022,100
47023,0
47024,100
47025,0
47026,100
47027,0
47028,400
47029,100
47030,100
47031,100
47032,100
47033,100
47034,100
47035,100
47036,100
47037,100
47038,100
47039,200
47040,0
47041,100
47042,100
47043,100
47044,0
47045,100
47046,100
47047,100
47048,100
47049,0
47050,100
47051,0
47052,100
47053,100
47054,100
47055,100
47056,100
47057,100
47058,100
47059,200
47060,0
47061,100
47062,100
47063,100
47064,100
47065,100
47066,100
47067,200
47068,100
47069,0
47070,100
47071,100
47072,200
47073,100
47074,100
47075,100
47076,100
47077,100
47078,100
47079,0
47080,100
47081,100
47082,100
47083,0
47084,100
47085,100
47086,100
47087,100
47088,100
47089,100
47090,100
47091,100
47092,0
47093,100
47094,100
47095,0
47096,100
47097,100
47098,100
47099,100
47100,0
47101,100
47102,100
47103,0
47104,100
47105,100
47106,100
47107,100
47108,100
47109,100
47110,100
47111,0
47112,100
47113,100
47114,100
47115,100
47116,100
47117,100
47118,100
47119,100
47120,100
47121,100
47122,100
47123,100
47124,100
47125,100
47126,100
47127,100
47128,100
47129,100
47130,100
47131,100
47132,100
47133,100
47134,100
47135,100
47136,100
47137,100
47138,100
47139,100
47140,100
47141,0
47142,100
47143,0
47144,100
47145,0
47146,100
47147,0
47148,100
47149,0
47150,100
47151,0
47152,100
47153,0
47154,100
47155,0
47156,100
47157,0
47158,100
47159,0
47160,100
47161,0
47162,100
47163,0
47164,100
47165,0
47166,100
47167,0
47168,100
47169,0
47170,100
47171,0
47172,100
47173,100
47174,100
47175,100
47176,100
47177,100
47178,100
47179,100
47180,100
47181,100
47182,100
47183,100
47184,100
47185,100
47186,100
47187,100
47188,100
47189,100
47190,100
47191,100
47192,100
47193,100
47194,0
47195,100
47196,100
47197,100
47198,100
47199,100
47200,100
47201,100
47202,0
47203,100
47204,0
47205,100
47206,0
47207,100
47208,0
47209,100
47210,0
47211,100
47212,0
47213,100
47214,0
47215,100
47216,0
47217,100
47218,0
47219,100
47220,0
47221,100
47222,0
47223,100
47224,0
47225,100
47226,100
47227,100
47228,100
47229,100
47230,100
47231,100
47232,100
47233,100
47234,100
47235,100
47236,100
47237,100
47238,100
47239,100
47240,100
47241,100
47242,100
47243,100
47244,100
47245,100
47246,100
47247,100
47248,100
47249,100
47250,100
47251,100
47252,100
47253,100
47254,100
47255,0
47256,100
47257,0
47258,100
47259,0
47260,100
47261,0
47262,100
47263,0
47264,100
47265,0
47266,100
47267,0
47268,100
47269,0
47270,100
47271,0
47272,100
47273,0
47274,100
47275,0
47276,100
47277,0
47278,100
47279,0
47280,100
47281,0
47282,100
47283,0
47284,100
47285,0
47286,100
47287,100
47288,100
47289,100
47290,100
47291,100
47292,100
47293,100
47294,100
47295,100
47296,100
47297,100
47298,100
47299,100
47300,100
47301,100
47302,100
47303,100
47304,100
47305,100
47306,100
47307,100
47308,100
47309,100
47310,100
47311,100
47312,100
47313,100
47314,100
47315,100
47316,0
47317,100
47318,0
47319,100
47320,0
47321,100
47322,0
47323,100
47324,0
47325,100
47326,0
47327,100
47328,0
47329,100
47330,0
47331,100
47332,0
47333,100
47334,0
47335,100
47336,0
47337,100
47338,100
47339,100
47340,100
47341,100
47342,0
47343,100
47344,0
47345,100
47346,100
47347,100
47348,100
47349,100
47350,100
47351,100
47352,100
47353,100
47354,100
47355,100
47356,100
47357,100
47358,100
47359,100
47360,100
47361,100
47362,100
47363,100
47364,100
47365,100
47366,100
47367,0
47368,100
47369,0
47370,100
47371,0
47372,100
47373,0
47374,100
47375,0
47376,100
47377,0
47378,100
47379,0
47380,100
47381,0
47382,100
47383,0
47384,100
47385,0
47386,100
47387,0
47388,100
47389,0
47390,100
47391,0
47392,100
47393,0
47394,100
47395,0
47396,100
47397,100
47398,100
47399,100
47400,100
47401,100
47402,100
47403,100
47404,100
47405,100
47406,100
47407,100
47408,100
47409,100
47410,100
47411,100
47412,100
47413,100
47414,100
47415,100
47416,100
47417,100
47418,100
47419,100
47420,100
47421,100
47422,100
47423,100
47424,100
47425,100
47426,0
47427,100
47428,0
47429,100
47430,0
47431,100
47432,0
47433,100
47434,0
47435,100
47436,0
47437,100
47438,0
47439,100
47440,0
47441,100
47442,0
47443,100
47444,0
47445,100
47446,0
47447,100
47448,100
47449,100
47450,100
47451,100
47452,0
47453,100
47454,0
47455,100
47456,100
47457,100
47458,100
47459,100
47460,100
47461,100
47462,100
47463,100
47464,100
47465,100
47466,100
47467,100
47468,100
47469,100
47470,100
47471,100
47472,100
47473,100
47474,100
47475,100
47476,100
47477,0
47478,100
47479,0
47480,100
47481,0
47482,100
47483,0
47484,100
47485,0
47486,100
47487,0
47488,100
47489,0
47490,100
47491,0
47492,100
47493,0
47494,100
47495,0
47496,100
47497,0
47498,100
47499,0
47500,100
47501,0
47502,100
47503,0
47504,100
47505,0
47506,100
47507,0
47508,100
47509,100
47510,100
47511,100
47512,100
47513,100
47514,100
47515,100
47516,100
47517,100
47518,100
47519,100
47520,100
47521,100
47522,100
47523,100
47524,100
47525,100
47526,100
47527,100
47528,100
47529,100
47530,100
47531,100
47532,100
47533,100
47534,100
47535,100
47536,100
47537,100
47538,0
47539,100
47540,0
47541,100
47542,0
47543,100
47544,0
47545,100
47546,0
47547,100
47548,0
47549,100
47550,0
47551,100
47552,0
47553,100
47554,0
47555,100
47556,0
47557,100
47558,0
47559,100
47560,0
47561,100
47562,0
47563,100
47564,0
47565,100
47566,0
47567,100
47568,0
47569,100
47570,100
47571,100
47572,100
47573,100
47574,100
47575,100
47576,100
47577,100
47578,100
47579,100
47580,100
47581,100
47582,100
47583,100
47584,100
47585,100
47586,100
47587,100
47588,100
47589,100
47590,100
47591,0
47592,100
47593,0
47594,100
47595,0
47596,100
47597,100
47598,100
47599,0
47600,100
47601,0
47602,100
47603,0
47604,100
47605,0
47606,100
47607,0
47608,100
47609,0
47610,100
47611,0
47612,100
47613,0
47614,100
47615,0
47616,100
47617,0
47618,100
47619,0
47620,100
47621,100
47622,100
47623,100
47624,100
47625,100
47626,100
47627,100
47628,100
47629,100
47630,100
47631,100
47632,100
47633,100
47634,100
47635,100
47636,100
47637,100
47638,100
47639,100
47640,100
47641,100
47642,100
47643,100
47644,100
47645,100
47646,100
47647,100
47648,100
47649,100
47650,0
47651,100
47652,0
47653,100
47654,0
47655,100
47656,0
47657,100
47658,0
47659,100
47660,0
47661,100
47662,0
47663,100
47664,0
47665,100
47666,0
47667,100
47668,0
47669,100
47670,0
47671,100
47672,0
47673,100
47674,0
47675,100
47676,0
47677,100
47678,0
47679,100
47680,0
47681,100
47682,100
47683,100
47684,100
47685,100
47686,100
47687,100
47688,100
47689,100
47690,100
47691,100
47692,100
47693,100
47694,100
47695,100
47696,100
47697,100
47698,100
47699,100
47700,100
47701,100
47702,100
47703,0
47704,100
47705,100
47706,100
47707,100
47708,100
47709,100
47710,100
47711,0
47712,100
47713,0
47714,100
47715,0
47716,100
47717,0
47718,100
47719,0
47720,100
47721,0
47722,100
47723,0
47724,100
47725,0
47726,100
47727,0
47728,100
47729,0
47730,100
47731,0
47732,100
47733,100
47734,100
47735,100
47736,100
47737,100
47738,100
47739,100
47740,100
47741,100
47742,100
47743,100
47744,100
47745,100
47746,100
47747,100
47748,100
47749,100
47750,100
47751,100
47752,100
47753,100
47754,100
47755,100
47756,100
47757,100
47758,100
47759,100
47760,100
47761,100
47762,0
47763,100
47764,0
47765,100
47766,0
47767,100
47768,0
47769,100
47770,0
47771,100
47772,0
47773,100
47774,0
47775,100
47776,0
47777,100
47778,0
47779,100
47780,0
47781,100
47782,0
47783,100
47784,0
47785,100
47786,0
47787,100
47788,0
47789,100
47790,0
47791,100
47792,0
47793,100
47794,100
47795,100
47796,100
47797,100
47798,100
47799,100
47800,100
47801,100
47802,100
47803,100
47804,100
47805,100
47806,100
47807,100
47808,100
47809,100
47810,100
47811,100
47812,100
47813,100
47814,100
47815,100
47816,100
47817,100
47818,100
47819,100
47820,100
47821,100
47822,100
47823,0
47824,100
47825,0
47826,100
47827,0
47828,100
47829,0
47830,100
47831,0
47832,100
47833,0
47834,100
47835,0
47836,100
47837,0
47838,100
47839,0
47840,100
47841,0
47842,100
47843,0
47844,100
47845,0
47846,100
47847,100
47848,100
47849,100
47850,100
47851,0
47852,100
47853,0
47854,100
47855,100
47856,100
47857,100
47858,100
47859,100
47860,100
47861,100
47862,100
47863,100
47864,100
47865,100
47866,100
47867,100
47868,100
47869,100
47870,100
47871,100
47872,100
47873,100
47874,100
47875,100
47876,0
47877,100
47878,0
47879,100
47880,0
47881,100
47882,0
47883,100
47884,0
47885,100
47886,0
47887,100
47888,0
47889,100
47890,0
47891,100
47892,0
47893,100
47894,0
47895,100
47896,0
47897,100
47898,0
47899,100
47900,0
47901,100
47902,0
47903,100
47904,0
47905,100
47906,0
47907,100
47908,100
47909,100
47910,100
47911,100
47912,100
47913,100
47914,100
47915,100
47916,100
47917,100
47918,100
47919,100
47920,100
47921,100
47922,100
47923,100
47924,100
47925,100
47926,100
47927,100
47928,100
47929,100
47930,100
47931,100
47932,100
47933,100
47934,100
47935,0
47936,100
47937,0
47938,100
47939,0
47940,100
47941,0
47942,100
47943,0
47944,100
47945,0
47946,100
47947,0
47948,100
47949,0
47950,100
47951,0
47952,100
47953,0
47954,100
47955,0
47956,100
47957,0
47958,100
47959,100
47960,100
47961,0
47962,100
47963,0
47964,100
47965,0
47966,100
47967,0
47968,100
47969,100
47970,100
47971,100
47972,100
47973,100
47974,100
47975,100
47976,100
47977,100
47978,100
47979,100
47980,100
47981,100
47982,100
47983,100
47984,100
47985,100
47986,100
47987,100
47988,0
47989,100
47990,0
47991,100
47992,0
47993,100
47994,0
47995,100
47996,0
47997,100
47998,0
47999,100
48000,0
48001,100
48002,0
48003,100
48004,0
48005,100
48006,0
48007,100
48008,0
48009,100
48010,0
48011,100
48012,0
48013,100
48014,0
48015,100
48016,0
48017,100
48018,0
48019,100
48020,100
48021,100
48022,100
48023,100
48024,100
48025,100
48026,100
48027,100
48028,100
48029,100
48030,100
48031,100
48032,100
48033,100
48034,100
48035,100
48036,100
48037,100
48038,100
48039,100
48040,100
48041,100
48042,100
48043,100
48044,100
48045,100
48046,100
48047,100
48048,100
48049,0
48050,100
48051,0
48052,100
48053,0
48054,100
48055,0
48056,100
48057,0
48058,100
48059,0
48060,100
48061,0
48062,100
48063,0
48064,100
48065,0
48066,100
48067,0
48068,100
48069,0
48070,100
48071,0
48072,100
48073,0
48074,100
48075,0
48076,100
48077,0
48078,100
48079,0
48080,100
48081,100
48082,100
48083,100
48084,100
48085,100
48086,100
48087,100
48088,100
48089,100
48090,100
48091,100
48092,100
48093,100
48094,100
48095,100
48096,100
48097,100
48098,100
48099,100
48100,0
48101,100
48102,0
48103,100
48104,0
48105,100
48106,100
48107,100
48108,0
48109,100
48110,0
48111,100
48112,0
48113,100
48114,0
48115,100
48116,0
48117,100
48118,0
48119,100
48120,0
48121,100
48122,0
48123,100
48124,0
48125,100
48126,0
48127,100
48128,0
48129,100
48130,0
48131,100
48132,100
48133,100
48134,100
48135,100
48136,100
48137,100
48138,100
48139,100
48140,100
48141,100
48142,100
48143,100
48144,100
48145,100
48146,100
48147,100
48148,100
48149,100
48150,100
48151,100
48152,100
48153,100
48154,100
48155,100
48156,100
48157,100
48158,100
48159,100
48160,100
48161,0
48162,100
48163,0
48164,100
48165,0
48166,100
48167,0
48168,100
48169,0
48170,100
48171,0
48172,100
48173,0
48174,100
48175,0
48176,100
48177,0
48178,100
48179,0
48180,100
48181,0
48182,100
48183,0
48184,100
48185,0
48186,100
48187,0
48188,100
48189,0
48190,100
48191,0
48192,100
48193,100
48194,100
48195,100
48196,100
48197,100
48198,100
48199,100
48200,100
48201,100
48202,100
48203,100
48204,100
48205,100
48206,100
48207,100
48208,100
48209,100
48210,100
48211,100
48212,0
48213,100
48214,100
48215,100
48216,100
48217,100
48218,100
48219,100
48220,100
48221,100
48222,0
48223,100
48224,0
48225,100
48226,0
48227,100
48228,0
48229,100
48230,0
48231,100
48232,0
48233,100
48234,0
48235,100
48236,0
48237,100
48238,0
48239,100
48240,0
48241,100
48242,0
48243,100
48244,100
48245,100
48246,100
48247,100
48248,100
48249,100
48250,100
48251,100
48252,100
48253,100
48254,100
48255,100
48256,100
48257,100
48258,100
48259,100
48260,100
48261,100
48262,100
48263,100
48264,100
48265,100
48266,100
48267,100
48268,100
48269,100
48270,100
48271,100
48272,100
48273,0
48274,100
48275,0
48276,100
48277,0
48278,100
48279,0
48280,100
48281,0
48282,100
48283,0
48284,100
48285,0
48286,100
48287,0
48288,100
48289,0
48290,100
48291,0
48292,100
48293,0
48294,100
48295,0
48296,100
48297,0
48298,100
48299,0
48300,100
48301,0
48302,100
48303,0
48304,100
48305,100
48306,100
48307,100
48308,100
48309,100
48310,100
48311,100
48312,100
48313,100
48314,100
48315,100
48316,100
48317,100
48318,100
48319,100
48320,100
48321,100
48322,100
48323,100
48324,100
48325,100
48326,100
48327,100
48328,100
48329,100
48330,100
48331,100
48332,100
48333,100
48334,0
48335,100
48336,0
48337,100
48338,0
48339,100
48340,0
48341,100
48342,0
48343,100
48344,0
48345,100
48346,0
48347,100
48348,0
48349,100
48350,0
48351,100
48352,0
48353,100
48354,0
48355,100
48356,100
48357,100
48358,100
48359,100
48360,0
48361,100
48362,0
48363,100
48364,100
48365,100
48366,100
48367,100
48368,100
48369,100
48370,100
48371,100
48372,100
48373,100
48374,100
48375,100
48376,100
48377,100
48378,100
48379,100
48380,100
48381,100
48382,100
48383,100
48384,100
48385,0
48386,100
48387,0
48388,100
48389,0
48390,100
48391,0
48392,100
48393,0
48394,100
48395,0
48396,100
48397,0
48398,100
48399,0
48400,100
48401,0
48402,100
48403,0
48404,100
48405,0
48406,100
48407,0
48408,100
48409,0
48410,100
48411,0
48412,100
48413,0
48414,100
48415,0
48416,100
48417,100
48418,100
48419,100
48420,100
48421,100
48422,100
48423,100
48424,100
48425,100
48426,100
48427,100
48428,100
48429,100
48430,100
48431,100
48432,100
48433,100
48434,100
48435,100
48436,100
48437,100
48438,100
48439,100
48440,100
48441,100
48442,100
48443,100
48444,100
48445,100
48446,0
48447,100
48448,0
48449,100
48450,0
48451,100
48452,0
48453,100
48454,0
48455,100
48456,0
48457,100
48458,0
48459,100
48460,0
48461,100
48462,0
48463,100
48464,0
48465,100
48466,0
48467,100
48468,100
48469,100
48470,0
48471,100
48472,0
48473,100
48474,0
48475,100
48476,0
48477,100
48478,100
48479,100
48480,100
48481,100
48482,100
48483,100
48484,100
48485,100
48486,100
48487,100
48488,100
48489,100
48490,100
48491,100
48492,100
48493,100
48494,100
48495,100
48496,100
48497,100
48498,100
48499,0
48500,100
48501,0
48502,100
48503,0
48504,100
48505,100
48506,100
48507,0
48508,100
48509,0
48510,100
48511,0
48512,100
48513,0
48514,100
48515,0
48516,100
48517,0
48518,100
48519,0
48520,100
48521,0
48522,100
48523,0
48524,100
48525,0
48526,100
48527,0
48528,100
48529,100
48530,100
48531,100
48532,100
48533,100
48534,100
48535,100
48536,100
48537,100
48538,100
48539,100
48540,100
48541,100
48542,100
48543,100
48544,100
48545,100
48546,100
48547,100
48548,100
48549,100
48550,100
48551,100
48552,100
48553,100
48554,100
48555,100
48556,100
48557,100
48558,0
48559,100
48560,0
48561,100
48562,0
48563,100
48564,0
48565,100
48566,0
48567,100
48568,0
48569,100
48570,0
48571,100
48572,0
48573,100
48574,0
48575,100
48576,0
48577,100
48578,0
48579,100
48580,0
48581,100
48582,0
48583,100
48584,0
48585,100
48586,0
48587,100
48588,0
48589,100
48590,100
48591,100
48592,100
48593,100
48594,100
48595,100
48596,100
48597,100
48598,100
48599,100
48600,100
48601,100
48602,100
48603,100
48604,100
48605,100
48606,100
48607,100
48608,100
48609,100
48610,100
48611,0
48612,100
48613,0
48614,100
48615,100
48616,100
48617,100
48618,100
48619,0
48620,100
48621,0
48622,100
48623,0
48624,100
48625,0
48626,100
48627,0
48628,100
48629,0
48630,100
48631,0
48632,100
48633,0
48634,100
48635,0
48636,100
48637,0
48638,100
48639,0
48640,100
48641,0
48642,100
48643,100
48644,100
48645,100
48646,100
48647,100
48648,100
48649,100
48650,100
48651,100
48652,100
48653,100
48654,100
48655,100
48656,100
48657,100
48658,100
48659,100
48660,100
48661,100
48662,100
48663,100
48664,100
48665,100
48666,100
48667,100
48668,100
48669,100
48670,0
48671,100
48672,0
48673,100
48674,0
48675,100
48676,0
48677,100
48678,0
48679,100
48680,0
48681,100
48682,0
48683,100
48684,0
48685,100
48686,0
48687,100
48688,0
48689,100
48690,0
48691,100
48692,0
48693,100
48694,0
48695,100
48696,0
48697,100
48698,0
48699,100
48700,0
48701,100
48702,100
48703,100
48704,100
48705,100
48706,100
48707,100
48708,100
48709,100
48710,100
48711,100
48712,100
48713,100
48714,100
48715,100
48716,100
48717,100
48718,100
48719,100
48720,100
48721,100
48722,100
48723,0
48724,100
48725,100
48726,100
48727,100
48728,100
48729,100
48730,100
48731,0
48732,100
48733,0
48734,100
48735,0
48736,100
48737,0
48738,100
48739,0
48740,100
48741,0
48742,100
48743,0
48744,100
48745,0
48746,100
48747,0
48748,100
48749,0
48750,100
48751,0
48752,100
48753,0
48754,100
48755,100
48756,100
48757,100
48758,100
48759,100
48760,100
48761,0
48762,100
48763,100
48764,100
48765,100
48766,100
48767,100
48768,100
48769,100
48770,100
48771,100
48772,100
48773,100
48774,100
48775,100
48776,100
48777,100
48778,100
48779,100
48780,100
48781,100
48782,0
48783,100
48784,0
48785,100
48786,0
48787,100
48788,0
48789,100
48790,0
48791,100
48792,0
48793,100
48794,0
48795,100
48796,0
48797,100
48798,0
48799,100
48800,0
48801,100
48802,0
48803,100
48804,0
48805,100
48806,0
48807,100
48808,0
48809,100
48810,0
48811,100
48812,0
48813,100
48814,0
48815,100
48816,100
48817,100
48818,100
48819,100
48820,100
48821,100
48822,100
48823,100
48824,100
48825,100
48826,100
48827,100
48828,100
48829,100
48830,100
48831,100
48832,100
48833,100
48834,100
48835,100
48836,100
48837,100
48838,100
48839,100
48840,100
48841,100
48842,100
48843,0
48844,100
48845,0
48846,100
48847,0
48848,100
48849,0
48850,100
48851,0
48852,100
48853,0
48854,100
48855,0
48856,100
48857,0
48858,100
48859,0
48860,100
48861,0
48862,100
48863,0
48864,100
48865,0
48866,100
48867,100
48868,100
48869,100
48870,100
48871,0
48872,100
48873,0
48874,100
48875,100
48876,100
48877,100
48878,100
48879,100
48880,100
48881,100
48882,100
48883,100
48884,100
48885,100
48886,100
48887,100
48888,100
48889,100
48890,100
48891,100
48892,100
48893,100
48894,100
48895,100
48896,0
48897,100
48898,0
48899,100
48900,0
48901,100
48902,0
48903,100
48904,0
48905,100
48906,0
48907,100
48908,0
48909,100
48910,0
48911,100
48912,0
48913,100
48914,0
48915,100
48916,0
48917,100
48918,0
48919,100
48920,0
48921,100
48922,0
48923,100
48924,0
48925,100
48926,0
48927,100
48928,100
48929,100
48930,100
48931,100
48932,100
48933,100
48934,100
48935,100
48936,100
48937,100
48938,100
48939,100
48940,100
48941,100
48942,100
48943,100
48944,100
48945,100
48946,100
48947,100
48948,100
48949,100
48950,100
48951,100
48952,100
48953,100
48954,100
48955,100
48956,100
48957,0
48958,100
48959,0
48960,100
48961,0
48962,100
48963,0
48964,100
48965,0
48966,100
48967,0
48968,100
48969,0
48970,100
48971,0
48972,100
48973,0
48974,100
48975,0
48976,100
48977,0
48978,100
48979,0
48980,100
48981,0
48982,100
48983,0
48984,100
48985,0
48986,100
48987,0
48988,100
48989,100
48990,100
48991,100
48992,100
48993,100
48994,100
48995,100
48996,100
48997,100
48998,100
48999,100
49000,100
49001,100
49002,100
49003,100
49004,100
49005,100
49006,100
49007,100
49008,0
49009,100
49010,0
49011,100
49012,0
49013,100
49014,0
49015,100
49016,0
49017,100
49018,0
49019,100
49020,0
49021,100
49022,0
49023,100
49024,0
49025,100
49026,0
49027,100
49028,0
49029,100
49030,0
49031,100
49032,0
49033,100
49034,0
49035,100
49036,0
49037,100
49038,0
49039,100
49040,100
49041,100
49042,100
49043,100
49044,100
49045,100
49046,100
49047,100
49048,100
49049,100
49050,100
49051,100
49052,100
49053,100
49054,100
49055,100
49056,100
49057,100
49058,100
49059,100
49060,100
49061,100
49062,100
49063,100
49064,100
49065,100
49066,100
49067,100
49068,100
49069,0
49070,100
49071,0
49072,100
49073,0
49074,100
49075,0
49076,100
49077,0
49078,100
49079,0
49080,100
49081,0
49082,100
49083,0
49084,100
49085,0
49086,100
49087,0
49088,100
49089,0
49090,100
49091,0
49092,100
49093,0
49094,100
49095,0
49096,100
49097,0
49098,100
49099,0
49100,100
49101,100
49102,100
49103,100
49104,100
49105,100
49106,100
49107,100
49108,100
49109,100
49110,100
49111,100
49112,100
49113,100
49114,100
49115,100
49116,100
49117,100
49118,100
49119,100
49120,0
49121,100
49122,0
49123,100
49124,100
49125,100
49126,100
49127,100
49128,100
49129,100
49130,0
49131,100
49132,0
49133,100
49134,0
49135,100
49136,0
49137,100
49138,0
49139,100
49140,0
49141,100
49142,0
49143,100
49144,0
49145,100
49146,0
49147,100
49148,0
49149,100
49150,0
49151,100
49152,100
49153,100
49154,100
49155,100
49156,100
49157,100
49158,100
49159,100
49160,100
49161,100
49162,100
49163,100
49164,100
49165,100
49166,100
49167,100
49168,100
49169,100
49170,100
49171,100
49172,100
49173,100
49174,100
49175,100
49176,100
49177,100
49178,100
49179,100
49180,100
49181,0
49182,100
49183,0
49184,100
49185,0
49186,100
49187,0
49188,100
49189,0
49190,100
49191,0
49192,100
49193,0
49194,100
49195,0
49196,100
49197,0
49198,100
49199,0
49200,100
49201,0
49202,100
49203,0
49204,100
49205,0
49206,100
49207,0
49208,100
49209,0
49210,100
49211,0
49212,100
49213,100
49214,100
49215,100
49216,100
49217,100
49218,100
49219,100
49220,100
49221,100
49222,100
49223,100
49224,100
49225,100
49226,100
49227,100
49228,100
49229,100
49230,100
49231,100
49232,100
49233,100
49234,100
49235,100
49236,100
49237,100
49238,100
49239,100
49240,100
49241,100
49242,0
49243,100
49244,0
49245,100
49246,0
49247,100
49248,0
49249,100
49250,0
49251,100
49252,0
49253,100
49254,0
49255,100
49256,0
49257,100
49258,0
49259,100
49260,0
49261,100
49262,0
49263,100
49264,100
49265,100
49266,100
49267,100
49268,100
49269,100
49270,0
49271,100
49272,0
49273,100
49274,100
49275,100
49276,100
49277,100
49278,100
49279,100
49280,100
49281,100
49282,100
49283,100
49284,100
49285,100
49286,100
49287,100
49288,100
49289,100
49290,100
49291,100
49292,100
49293,100
49294,100
49295,0
49296,100
49297,0
49298,100
49299,0
49300,100
49301,0
49302,100
49303,0
49304,100
49305,0
49306,100
49307,0
49308,100
49309,0
49310,100
49311,0
49312,100
49313,0
49314,100
49315,0
49316,100
49317,0
49318,100
49319,0
49320,100
49321,0
49322,100
49323,0
49324,100
49325,100
49326,100
49327,100
49328,100
49329,100
49330,100
49331,100
49332,100
49333,100
49334,100
49335,100
49336,100
49337,100
49338,100
49339,100
49340,100
49341,100
49342,100
49343,100
49344,100
49345,100
49346,100
49347,100
49348,100
49349,100
49350,100
49351,100
49352,100
49353,100
49354,0
49355,100
49356,0
49357,100
49358,0
49359,100
49360,0
49361,100
49362,0
49363,100
49364,0
49365,100
49366,0
49367,100
49368,0
49369,100
49370,0
49371,100
49372,0
49373,100
49374,0
49375,100
49376,100
49377,100
49378,100
49379,100
49380,0
49381,100
49382,0
49383,100
49384,0
49385,100
49386,100
49387,100
49388,100
49389,100
49390,100
49391,100
49392,100
49393,100
49394,100
49395,100
49396,100
49397,100
49398,100
49399,100
49400,100
49401,100
49402,100
49403,100
49404,100
49405,100
49406,100
49407,0
49408,100
49409,0
49410,100
49411,0
49412,100
49413,0
49414,100
49415,0
49416,100
49417,0
49418,100
49419,0
49420,100
49421,0
49422,100
49423,0
49424,100
49425,0
49426,100
49427,0
49428,100
49429,0
49430,100
49431,0
49432,100
49433,0
49434,100
49435,0
49436,100
49437,100
49438,100
49439,100
49440,100
49441,100
49442,100
49443,100
49444,100
49445,100
49446,100
49447,100
49448,100
49449,100
49450,100
49451,100
49452,100
49453,100
49454,100
49455,100
49456,100
49457,100
49458,100
49459,100
49460,100
49461,100
49462,100
49463,100
49464,100
49465,100
49466,0
49467,100
49468,0
49469,100
49470,0
49471,100
49472,0
49473,100
49474,0
49475,100
49476,0
49477,100
49478,0
49479,100
49480,0
49481,100
49482,0
49483,100
49484,0
49485,100
49486,0
49487,100
49488,0
49489,100
49490,0
49491,100
49492,0
49493,100
49494,0
49495,100
49496,0
49497,100
49498,100
49499,100
49500,100
49501,100
49502,100
49503,100
49504,100
49505,100
49506,100
49507,100
49508,100
49509,100
49510,100
49511,100
49512,100
49513,100
49514,100
49515,100
49516,100
49517,100
49518,100
49519,0
49520,100
49521,0
49522,100
49523,0
49524,100
49525,100
49526,100
49527,0
49528,100
49529,0
49530,100
49531,0
49532,100
49533,0
49534,100
49535,0
49536,100
49537,0
49538,100
49539,0
49540,100
49541,0
49542,100
49543,0
49544,100
49545,0
49546,100
49547,0
49548,100
49549,100
49550,100
49551,100
49552,100
49553,100
49554,100
49555,100
49556,100
49557,100
49558,100
49559,100
49560,100
49561,100
49562,100
49563,100
49564,100
49565,100
49566,100
49567,100
49568,100
49569,100
49570,100
49571,100
49572,100
49573,100
49574,100
49575,100
49576,100
49577,100
49578,0
49579,100
49580,0
49581,100
49582,0
49583,100
49584,0
49585,100
49586,0
49587,100
49588,0
49589,100
49590,0
49591,100
49592,0
49593,100
49594,0
49595,100
49596,0
49597,100
49598,0
49599,100
49600,0
49601,100
49602,0
49603,100
49604,0
49605,100
49606,0
49607,100
49608,0
49609,100
49610,100
49611,100
49612,100
49613,100
49614,100
49615,100
49616,100
49617,100
49618,100
49619,100
49620,100
49621,100
49622,100
49623,100
49624,100
49625,100
49626,100
49627,100
49628,100
49629,100
49630,100
49631,0
49632,100
49633,100
49634,100
49635,100
49636,100
49637,100
49638,100
49639,0
49640,100
49641,0
49642,100
49643,0
49644,100
49645,0
49646,100
49647,0
49648,100
49649,0
49650,100
49651,0
49652,100
49653,0
49654,100
49655,0
49656,100
49657,0
49658,100
49659,0
49660,100
49661,0
49662,100
49663,100
49664,100
49665,100
49666,100
49667,100
49668,100
49669,100
49670,100
49671,100
49672,100
49673,100
49674,100
49675,100
49676,100
49677,100
49678,100
49679,100
49680,100
49681,100
49682,100
49683,100
49684,100
49685,100
49686,100
49687,100
49688,100
49689,100
49690,0
49691,100
49692,0
49693,100
49694,0
49695,100
49696,0
49697,100
49698,0
49699,100
49700,0
49701,100
49702,0
49703,100
49704,0
49705,100
49706,0
49707,100
49708,0
49709,100
49710,0
49711,100
49712,0
49713,100
49714,0
49715,100
49716,0
49717,100
49718,0
49719,100
49720,0
49721,100
49722,100
49723,100
49724,100
49725,100
49726,100
49727,100
49728,100
49729,100
49730,100
49731,100
49732,100
49733,100
49734,100
49735,100
49736,100
49737,100
49738,100
49739,100
49740,100
49741,100
49742,100
49743,100
49744,100
49745,100
49746,100
49747,100
49748,100
49749,100
49750,100
49751,0
49752,100
49753,0
49754,100
49755,0
49756,100
49757,0
49758,100
49759,0
49760,100
49761,0
49762,100
49763,0
49764,100
49765,0
49766,100
49767,0
49768,100
49769,0
49770,100
49771,0
49772,100
49773,0
49774,100
49775,100
49776,100
49777,100
49778,100
49779,0
49780,100
49781,0
49782,100
49783,100
49784,100
49785,100
49786,100
49787,100
49788,100
49789,100
49790,100
49791,100
49792,100
49793,100
49794,100
49795,100
49796,100
49797,100
49798,100
49799,100
49800,100
49801,100
49802,100
49803,100
49804,0
49805,100
49806,0
49807,100
49808,0
49809,100
49810,0
49811,100
49812,0
49813,100
49814,0
49815,100
49816,0
49817,100
49818,0
49819,100
49820,0
49821,100
49822,0
49823,100
49824,0
49825,100
49826,0
49827,100
49828,0
49829,100
49830,0
49831,100
49832,0
49833,100
49834,0
49835,100
49836,100
49837,100
49838,100
49839,100
49840,100
49841,100
49842,100
49843,100
49844,100
49845,100
49846,100
49847,100
49848,100
49849,100
49850,100
49851,100
49852,100
49853,100
49854,100
49855,100
49856,100
49857,100
49858,100
49859,100
49860,100
49861,100
49862,100
49863,100
49864,100
49865,0
49866,100
49867,0
49868,100
49869,0
49870,100
49871,0
49872,100
49873,0
49874,100
49875,0
49876,100
49877,0
49878,100
49879,0
49880,100
49881,0
49882,100
49883,0
49884,100
49885,0
49886,100
49887,100
49888,100
49889,0
49890,100
49891,0
49892,100
49893,0
49894,100
49895,0
49896,100
49897,100
49898,100
49899,100
49900,100
49901,100
49902,100
49903,100
49904,100
49905,100
49906,100
49907,100
49908,100
49909,100
49910,100
49911,100
49912,100
49913,100
49914,100
49915,100
49916,0
49917,100
49918,0
49919,100
49920,0
49921,100
49922,0
49923,100
49924,100
49925,100
49926,0
49927,100
49928,0
49929,100
49930,0
49931,100
49932,0
49933,100
49934,0
49935,100
49936,0
49937,100
49938,0
49939,100
49940,0
49941,100
49942,0
49943,100
49944,0
49945,100
49946,0
49947,100
49948,100
49949,100
49950,100
49951,100
49952,100
49953,100
49954,100
49955,100
49956,100
49957,100
49958,100
49959,100
49960,100
49961,100
49962,100
49963,100
49964,100
49965,100
49966,100
49967,100
49968,100
49969,100
49970,100
49971,100
49972,100
49973,100
49974,100
49975,100
49976,100
49977,0
49978,100
49979,0
49980,100
49981,0
49982,100
49983,0
49984,100
49985,0
49986,100
49987,0
49988,100
49989,0
49990,100
49991,0
49992,100
49993,0
49994,100
49995,0
49996,100
49997,0
49998,100
49999,0
50000,100
50001,0
50002,100
50003,0
50004,100
50005,0
50006,100
50007,0
50008,100
50009,100
50010,100
50011,100
50012,100
50013,100
50014,100
50015,100
50016,100
50017,100
50018,100
50019,100
50020,100
50021,100
50022,100
50023,100
50024,100
50025,100
50026,100
50027,100
50028,0
50029,100
50030,0
50031,100
50032,0
50033,100
50034,100
50035,100
50036,100
50037,100
50038,0
50039,100
50040,0
50041,100
50042,0
50043,100
50044,0
50045,100
50046,0
50047,100
50048,0
50049,100
50050,0
50051,100
50052,0
50053,100
50054,0
50055,100
50056,0
50057,100
50058,0
50059,100
50060,100
50061,100
50062,100
50063,100
50064,100
50065,100
50066,100
50067,100
50068,100
50069,100
50070,100
50071,100
50072,100
50073,100
50074,100
50075,100
50076,100
50077,100
50078,100
50079,100
50080,100
50081,100
50082,100
50083,100
50084,100
50085,100
50086,100
50087,100
50088,100
50089,0
50090,100
50091,0
50092,100
50093,0
50094,100
50095,0
50096,100
50097,0
50098,100
50099,0
50100,100
50101,0
50102,100
50103,0
50104,100
50105,0
50106,100
50107,0
50108,100
50109,0
50110,100
50111,0
50112,100
50113,0
50114,100
50115,0
50116,100
50117,0
50118,100
50119,0
50120,100
50121,100
50122,100
50123,100
50124,100
50125,100
50126,100
50127,100
50128,100
50129,100
50130,100
50131,100
50132,100
50133,100
50134,100
50135,100
50136,100
50137,100
50138,100
50139,100
50140,100
50141,100
50142,100
50143,100
50144,100
50145,100
50146,100
50147,100
50148,100
50149,100
50150,0
50151,100
50152,0
50153,100
50154,0
50155,100
50156,0
50157,100
50158,0
50159,100
50160,0
50161,100
50162,0
50163,100
50164,0
50165,100
50166,0
50167,100
50168,0
50169,100
50170,0
50171,100
50172,100
50173,100
50174,100
50175,100
50176,100
50177,100
50178,100
50179,100
50180,100
50181,100
50182,100
50183,100
50184,100
50185,100
50186,100
50187,100
50188,100
50189,100
50190,100
50191,100
50192,100
50193,100
50194,100
50195,100
50196,100
50197,100
50198,100
50199,100
50200,100
50201,0
50202,100
50203,0
50204,100
50205,0
50206,100
50207,0
50208,100
50209,0
50210,100
50211,0
50212,100
50213,0
50214,100
50215,0
50216,100
50217,0
50218,100
50219,0
50220,100
50221,0
50222,100
50223,0
50224,100
50225,0
50226,100
50227,0
50228,100
50229,0
50230,100
50231,0
50232,100
50233,100
50234,100
50235,100
50236,100
50237,100
50238,100
50239,100
50240,100
50241,100
50242,100
50243,100
50244,100
50245,100
50246,100
50247,100
50248,100
50249,100
50250,100
50251,100
50252,100
50253,100
50254,100
50255,100
50256,100
50257,100
50258,100
50259,100
50260,100
50261,100
50262,0
50263,100
50264,0
50265,100
50266,0
50267,100
50268,0
50269,100
50270,0
50271,100
50272,0
50273,100
50274,0
50275,100
50276,0
50277,100
50278,0
50279,100
50280,0
50281,100
50282,0
50283,100
50284,100
50285,100
50286,100
50287,100
50288,0
50289,100
50290,0
50291,100
50292,0
50293,100
50294,100
50295,100
50296,100
50297,100
50298,100
50299,100
50300,100
50301,100
50302,100
50303,100
50304,100
50305,100
50306,100
50307,100
50308,100
50309,100
50310,100
50311,100
50312,100
50313,100
50314,100
50315,0
50316,100
50317,0
50318,100
50319,0
50320,100
50321,0
50322,100
50323,0
50324,100
50325,0
50326,100
50327,0
50328,100
50329,0
50330,100
50331,0
50332,100
50333,0
50334,100
50335,0
50336,100
50337,0
50338,100
50339,0
50340,100
50341,0
50342,100
50343,0
50344,100
50345,100
50346,100
50347,100
50348,100
50349,100
50350,100
50351,100
50352,100
50353,100
50354,100
50355,100
50356,100
50357,100
50358,100
50359,100
50360,100
50361,100
50362,100
50363,100
50364,100
50365,100
50366,100
50367,100
50368,100
50369,100
50370,100
50371,100
50372,100
50373,100
50374,0
50375,100
50376,0
50377,100
50378,0
50379,100
50380,0
50381,100
50382,0
50383,100
50384,0
50385,100
50386,0
50387,100
50388,0
50389,100
50390,0
50391,100
50392,0
50393,100
50394,0
50395,100
50396,100
50397,100
50398,0
50399,100
50400,0
50401,100
50402,0
50403,100
50404,0
50405,100
50406,100
50407,100
50408,100
50409,100
50410,100
50411,100
50412,100
50413,100
50414,100
50415,100
50416,100
50417,100
50418,100
50419,100
50420,100
50421,100
50422,100
50423,100
50424,100
50425,100
50426,100
50427,0
50428,100
50429,0
50430,100
50431,0
50432,100
50433,100
50434,100
50435,0
50436,100
50437,0
50438,100
50439,0
50440,100
50441,0
50442,100
50443,0
50444,100
50445,0
50446,100
50447,0
50448,100
50449,0
50450,100
50451,0
50452,100
50453,0
50454,100
50455,0
50456,100
50457,100
50458,100
50459,100
50460,100
50461,100
50462,100
50463,100
50464,100
50465,100
50466,100
50467,100
50468,100
50469,100
50470,100
50471,100
50472,100
50473,100
50474,100
50475,100
50476,100
50477,100
50478,100
50479,100
50480,100
50481,100
50482,100
50483,100
50484,100
50485,100
50486,0
50487,100
50488,0
50489,100
50490,0
50491,100
50492,0
50493,100
50494,0
50495,100
50496,0
50497,100
50498,0
50499,100
50500,0
50501,100
50502,0
50503,100
50504,0
50505,100
50506,0
50507,100
50508,0
50509,100
50510,0
50511,100
50512,0
50513,100
50514,0
50515,100
50516,0
50517,100
50518,100
50519,100
50520,100
50521,100
50522,100
50523,100
50524,100
50525,100
50526,100
50527,100
50528,100
50529,100
50530,100
50531,100
50532,100
50533,100
50534,100
50535,100
50536,100
50537,100
50538,100
50539,0
50540,100
50541,0
50542,100
50543,100
50544,100
50545,100
50546,100
50547,0
50548,100
50549,0
50550,100
50551,0
50552,100
50553,0
50554,100
50555,0
50556,100
50557,0
50558,100
50559,0
50560,100
50561,0
50562,100
50563,0
50564,100
50565,0
50566,100
50567,0
50568,100
50569,0
50570,100
50571,100
50572,100
50573,100
50574,100
50575,100
50576,100
50577,100
50578,100
50579,100
50580,100
50581,100
50582,100
50583,100
50584,100
50585,100
50586,100
50587,100
50588,100
50589,100
50590,100
50591,100
50592,100
50593,100
50594,100
50595,100
50596,100
50597,100
50598,100
50599,100
50600,0
50601,100
50602,0
50603,100
50604,0
50605,100
50606,0
50607,100
50608,0
50609,100
50610,0
50611,100
50612,0
50613,100
50614,0
50615,100
50616,0
50617,100
50618,0
50619,100
50620,0
50621,100
50622,0
50623,100
50624,0
50625,100
50626,0
50627,100
50628,0
50629,100
50630,100
50631,100
50632,100
50633,100
50634,100
50635,100
50636,100
50637,100
50638,100
50639,100
50640,100
50641,100
50642,100
50643,100
50644,100
50645,100
50646,100
50647,100
50648,100
50649,100
50650,100
50651,100
50652,100
50653,100
50654,100
50655,100
50656,100
50657,100
50658,100
50659,0
50660,100
50661,0
50662,100
50663,0
50664,100
50665,0
50666,100
50667,0
50668,100
50669,0
50670,100
50671,0
50672,100
50673,0
50674,100
50675,0
50676,100
50677,0
50678,100
50679,0
50680,100
50681,0
50682,100
50683,100
50684,100
50685,100
50686,100
50687,100
50688,100
50689,0
50690,100
50691,100
50692,100
50693,100
50694,100
50695,100
50696,100
50697,100
50698,100
50699,100
50700,100
50701,100
50702,100
50703,100
50704,100
50705,100
50706,100
50707,100
50708,100
50709,100
50710,100
50711,100
50712,0
50713,100
50714,0
50715,100
50716,0
50717,100
50718,0
50719,100
50720,0
50721,100
50722,0
50723,100
50724,0
50725,100
50726,0
50727,100
50728,0
50729,100
50730,0
50731,100
50732,0
50733,100
50734,0
50735,100
50736,0
50737,100
50738,0
50739,100
50740,0
50741,100
50742,0
50743,100
50744,100
50745,100
50746,100
50747,100
50748,100
50749,100
50750,100
50751,100
50752,100
50753,100
50754,100
50755,100
50756,100
50757,100
50758,100
50759,100
50760,100
50761,100
50762,100
50763,100
50764,100
50765,100
50766,100
50767,100
50768,100
50769,100
50770,100
50771,100
50772,100
50773,0
50774,100
50775,0
50776,100
50777,0
50778,100
50779,0
50780,100
50781,0
50782,100
50783,0
50784,100
50785,0
50786,100
50787,0
50788,100
50789,0
50790,100
50791,0
50792,100
50793,0
50794,100
50795,100
50796,100
50797,0
50798,100
50799,0
50800,100
50801,0
50802,100
50803,0
50804,100
50805,100
50806,100
50807,100
50808,100
50809,100
50810,100
50811,100
50812,100
50813,100
50814,100
50815,100
50816,100
50817,100
50818,100
50819,100
50820,100
50821,100
50822,100
50823,100
50824,0
50825,100
50826,0
50827,100
50828,0
50829,100
50830,0
50831,100
50832,0
50833,100
50834,0
50835,100
50836,0
50837,100
50838,0
50839,100
50840,0
50841,100
50842,0
50843,100
50844,0
50845,100
50846,0
50847,100
50848,0
50849,100
50850,0
50851,100
50852,0
50853,100
50854,0
50855,100
50856,100
50857,100
50858,100
50859,100
50860,100
50861,100
50862,100
50863,100
50864,100
50865,100
50866,100
50867,100
50868,100
50869,100
50870,100
50871,100
50872,100
50873,100
50874,100
50875,100
50876,100
50877,100
50878,100
50879,100
50880,100
50881,100
50882,100
50883,100
50884,100
50885,0
50886,100
50887,0
50888,100
50889,0
50890,100
50891,0
50892,100
50893,0
50894,100
50895,0
50896,100
50897,0
50898,100
50899,0
50900,100
50901,0
50902,100
50903,0
50904,100
50905,0
50906,100
50907,0
50908,100
50909,0
50910,100
50911,0
50912,100
50913,0
50914,100
50915,0
50916,100
50917,100
50918,100
50919,100
50920,100
50921,100
50922,100
50923,100
50924,100
50925,100
50926,100
50927,100
50928,100
50929,100
50930,100
50931,100
50932,100
50933,100
50934,100
50935,100
50936,0
50937,100
50938,0
50939,100
50940,0
50941,100
50942,100
50943,100
50944,100
50945,100
50946,0
50947,100
50948,0
50949,100
50950,0
50951,100
50952,0
50953,100
50954,0
50955,100
50956,0
50957,100
50958,0
50959,100
50960,0
50961,100
50962,0
50963,100
50964,0
50965,100
50966,0
50967,100
50968,100
50969,100
50970,100
50971,100
50972,100
50973,100
50974,100
50975,100
50976,100
50977,100
50978,100
50979,100
50980,100
50981,100
50982,100
50983,100
50984,100
50985,100
50986,100
50987,100
50988,100
50989,100
50990,100
50991,100
50992,100
50993,100
50994,100
50995,100
50996,100
50997,0
50998,100
50999,0
51000,100
51001,0
51002,100
51003,0
51004,100
51005,0
51006,100
51007,0
51008,100
51009,0
51010,100
51011,0
51012,100
51013,0
51014,100
51015,0
51016,100
51017,0
51018,100
51019,0
51020,100
51021,0
51022,100
51023,0
51024,100
51025,0
51026,100
51027,0
51028,100
51029,100
51030,100
51031,100
51032,100
51033,100
51034,100
51035,100
51036,100
51037,100
51038,100
51039,100
51040,100
51041,100
51042,100
51043,100
51044,100
51045,100
51046,100
51047,100
51048,0
51049,100
51050,0
51051,100
51052,100
51053,100
51054,100
51055,100
51056,100
51057,100
51058,0
51059,100
51060,0
51061,100
51062,0
51063,100
51064,0
51065,100
51066,0
51067,100
51068,0
51069,100
51070,0
51071,100
51072,0
51073,100
51074,0
51075,100
51076,0
51077,100
51078,0
51079,100
51080,100
51081,100
51082,100
51083,100
51084,100
51085,100
51086,100
51087,100
51088,100
51089,100
51090,100
51091,100
51092,100
51093,100
51094,100
51095,100
51096,100
51097,100
51098,100
51099,100
51100,100
51101,100
51102,100
51103,100
51104,100
51105,100
51106,100
51107,100
51108,100
51109,0
51110,100
51111,0
51112,100
51113,0
51114,100
51115,0
51116,100
51117,0
51118,100
51119,0
51120,100
51121,0
51122,100
51123,0
51124,100
51125,0
51126,100
51127,0
51128,100
51129,0
51130,100
51131,0
51132,100
51133,0
51134,100
51135,0
51136,100
51137,0
51138,100
51139,0
51140,100
51141,100
51142,100
51143,100
51144,100
51145,100
51146,100
51147,100
51148,100
51149,100
51150,100
51151,100
51152,100
51153,100
51154,100
51155,100
51156,100
51157,100
51158,100
51159,100
51160,100
51161,100
51162,100
51163,100
51164,100
51165,100
51166,100
51167,100
51168,100
51169,100
51170,0
51171,100
51172,0
51173,100
51174,0
51175,100
51176,0
51177,100
51178,0
51179,100
51180,0
51181,100
51182,0
51183,100
51184,0
51185,100
51186,0
51187,100
51188,0
51189,100
51190,0
51191,100
51192,100
51193,100
51194,100
51195,100
51196,100
51197,100
51198,0
51199,100
51200,0
51201,100
51202,100
51203,100
51204,100
51205,100
51206,100
51207,100
51208,100
51209,100
51210,100
51211,100
51212,100
51213,100
51214,100
51215,100
51216,100
51217,100
51218,100
51219,100
51220,100
51221,100
51222,100
51223,0
51224,100
51225,0
51226,100
51227,0
51228,100
51229,0
51230,100
51231,0
51232,100
51233,0
51234,100
51235,0
51236,100
51237,0
51238,100
51239,0
51240,100
51241,0
51242,100
51243,0
51244,100
51245,0
51246,100
51247,0
51248,100
51249,0
51250,100
51251,0
51252,100
51253,100
51254,100
51255,100
51256,100
51257,100
51258,100
51259,100
51260,100
51261,100
51262,100
51263,100
51264,100
51265,100
51266,100
51267,100
51268,100
51269,100
51270,100
51271,100
51272,100
51273,100
51274,100
51275,100
51276,100
51277,100
51278,100
51279,100
51280,100
51281,100
51282,0
51283,100
51284,0
51285,100
51286,0
51287,100
51288,0
51289,100
51290,0
51291,100
51292,0
51293,100
51294,0
51295,100
51296,0
51297,100
51298,0
51299,100
51300,0
51301,100
51302,0
51303,100
51304,100
51305,100
51306,100
51307,100
51308,0
51309,100
51310,0
51311,100
51312,0
51313,100
51314,100
51315,100
51316,100
51317,100
51318,100
51319,100
51320,100
51321,100
51322,100
51323,100
51324,100
51325,100
51326,100
51327,100
51328,100
51329,100
51330,100
51331,100
51332,100
51333,100
51334,100
51335,0
51336,100
51337,0
51338,100
51339,0
51340,100
51341,0
51342,100
51343,0
51344,100
51345,0
51346,100
51347,0
51348,100
51349,0
51350,100
51351,0
51352,100
51353,0
51354,100
51355,0
51356,100
51357,0
51358,100
51359,0
51360,100
51361,0
51362,100
51363,0
51364,100
51365,100
51366,100
51367,100
51368,100
51369,100
51370,100
51371,100
51372,100
51373,100
51374,100
51375,100
51376,100
51377,100
51378,100
51379,100
51380,100
51381,100
51382,100
51383,100
51384,100
51385,100
51386,100
51387,100
51388,100
51389,100
51390,100
51391,100
51392,100
51393,100
51394,0
51395,100
51396,0
51397,100
51398,0
51399,100
51400,0
51401,100
51402,0
51403,100
51404,0
51405,100
51406,0
51407,100
51408,0
51409,100
51410,0
51411,100
51412,0
51413,100
51414,0
51415,100
51416,0
51417,100
51418,0
51419,100
51420,0
51421,100
51422,0
51423,100
51424,0
51425,100
51426,100
51427,100
51428,100
51429,100
51430,100
51431,100
51432,100
51433,100
51434,100
51435,100
51436,100
51437,100
51438,100
51439,100
51440,100
51441,100
51442,100
51443,100
51444,100
51445,100
51446,100
51447,0
51448,100
51449,0
51450,100
51451,0
51452,100
51453,100
51454,100
51455,0
51456,100
51457,0
51458,100
51459,0
51460,100
51461,0
51462,100
51463,0
51464,100
51465,0
51466,100
51467,0
51468,100
51469,0
51470,100
51471,0
51472,100
51473,0
51474,100
51475,0
51476,100
51477,0
51478,100
51479,100
51480,100
51481,100
51482,100
51483,100
51484,100
51485,100
51486,100
51487,100
51488,100
51489,100
51490,100
51491,100
51492,100
51493,100
51494,100
51495,100
51496,100
51497,100
51498,100
51499,100
51500,100
51501,100
51502,100
51503,100
51504,100
51505,100
51506,0
51507,100
51508,0
51509,100
51510,0
51511,100
51512,0
51513,100
51514,0
51515,100
51516,0
51517,100
51518,0
51519,100
51520,0
51521,100
51522,0
51523,100
51524,0
51525,100
51526,0
51527,100
51528,0
51529,100
51530,0
51531,100
51532,0
51533,100
51534,0
51535,100
51536,0
51537,100
51538,0
51539,100
51540,100
51541,100
51542,100
51543,100
51544,100
51545,100
51546,100
51547,100
51548,100
51549,100
51550,100
51551,100
51552,100
51553,100
51554,100
51555,100
51556,100
51557,100
51558,100
51559,0
51560,100
51561,100
51562,100
51563,100
51564,100
51565,100
51566,100
51567,0
51568,100
51569,0
51570,100
51571,0
51572,100
51573,0
51574,100
51575,0
51576,100
51577,0
51578,100
51579,0
51580,100
51581,0
51582,100
51583,0
51584,100
51585,0
51586,100
51587,0
51588,100
51589,0
51590,100
51591,100
51592,100
51593,100
51594,100
51595,100
51596,100
51597,100
51598,100
51599,100
51600,100
51601,100
51602,100
51603,100
51604,100
51605,100
51606,100
51607,100
51608,100
51609,100
51610,100
51611,100
51612,100
51613,100
51614,100
51615,100
51616,100
51617,100
51618,100
51619,100
51620,0
51621,100
51622,0
51623,100
51624,0
51625,100
51626,0
51627,100
51628,0
51629,100
51630,0
51631,100
51632,0
51633,100
51634,0
51635,100
51636,0
51637,100
51638,0
51639,100
51640,0
51641,100
51642,0
51643,100
51644,0
51645,100
51646,0
51647,100
51648,0
51649,100
51650,0
51651,100
51652,100
51653,100
51654,100
51655,100
51656,100
51657,100
51658,100
51659,100
51660,100
51661,100
51662,100
51663,100
51664,100
51665,100
51666,100
51667,100
51668,100
51669,100
51670,100
51671,100
51672,100
51673,100
51674,100
51675,100
51676,100
51677,100
51678,100
51679,0
51680,100
51681,0
51682,100
51683,0
51684,100
51685,0
51686,100
51687,0
51688,100
51689,0
51690,100
51691,0
51692,100
51693,0
51694,100
51695,0
51696,100
51697,0
51698,100
51699,0
51700,100
51701,0
51702,100
51703,100
51704,100
51705,100
51706,100
51707,0
51708,100
51709,0
51710,100
51711,0
51712,100
51713,100
51714,100
51715,100
51716,100
51717,100
51718,100
51719,100
51720,100
51721,100
51722,100
51723,100
51724,100
51725,100
51726,100
51727,100
51728,100
51729,100
51730,100
51731,100
51732,0
51733,100
51734,0
51735,100
51736,0
51737,100
51738,0
51739,100
51740,0
51741,100
51742,0
51743,100
51744,0
51745,100
51746,0
51747,100
51748,0
51749,100
51750,0
51751,100
51752,0
51753,100
51754,0
51755,100
51756,0
51757,100
51758,0
51759,100
51760,0
51761,100
51762,0
51763,100
51764,100
51765,100
51766,100
51767,100
51768,100
51769,100
51770,100
51771,100
51772,100
51773,100
51774,100
51775,100
51776,100
51777,100
51778,100
51779,100
51780,100
51781,100
51782,100
51783,100
51784,100
51785,100
51786,100
51787,100
51788,100
51789,100
51790,100
51791,100
51792,100
51793,0
51794,100
51795,0
51796,100
51797,0
51798,100
51799,0
51800,100
51801,0
51802,100
51803,0
51804,100
51805,0
51806,100
51807,0
51808,100
51809,0
51810,100
51811,0
51812,100
51813,0
51814,100
51815,100
51816,100
51817,0
51818,100
51819,0
51820,100
51821,0
51822,100
51823,0
51824,100
51825,100
51826,100
51827,100
51828,100
51829,100
51830,100
51831,100
51832,100
51833,100
51834,100
51835,100
51836,100
51837,100
51838,100
51839,100
51840,100
51841,100
51842,100
51843,100
51844,0
51845,100
51846,0
51847,100
51848,0
51849,100
51850,0
51851,100
51852,100
51853,100
51854,0
51855,100
51856,0
51857,100
51858,0
51859,100
51860,0
51861,100
51862,0
51863,100
51864,0
51865,100
51866,0
51867,100
51868,0
51869,100
51870,0
51871,100
51872,0
51873,100
51874,0
51875,100
51876,100
51877,100
51878,100
51879,100
51880,100
51881,100
51882,100
51883,100
51884,100
51885,100
51886,100
51887,100
51888,100
51889,100
51890,100
51891,100
51892,100
51893,100
51894,100
51895,100
51896,100
51897,100
51898,100
51899,100
51900,100
51901,100
51902,100
51903,100
51904,100
51905,0
51906,100
51907,0
51908,100
51909,0
51910,100
51911,0
51912,100
51913,0
51914,100
51915,0
51916,100
51917,0
51918,100
51919,0
51920,100
51921,0
51922,100
51923,0
51924,100
51925,0
51926,100
51927,0
51928,100
51929,0
51930,100
51931,0
51932,100
51933,0
51934,100
51935,0
51936,100
51937,100
51938,100
51939,100
51940,100
51941,100
51942,100
51943,100
51944,100
51945,100
51946,100
51947,100
51948,100
51949,100
51950,100
51951,100
51952,100
51953,100
51954,100
51955,100
51956,0
51957,100
51958,0
51959,100
51960,0
51961,100
51962,100
51963,100
51964,100
51965,100
51966,0
51967,100
51968,0
51969,100
51970,0
51971,100
51972,0
51973,100
51974,0
51975,100
51976,0
51977,100
51978,0
51979,100
51980,0
51981,100
51982,0
51983,100
51984,0
51985,100
51986,0
51987,100
51988,100
51989,100
51990,100
51991,100
51992,100
51993,100
51994,100
51995,100
51996,100
51997,100
51998,100
51999,100
52000,100
52001,100
52002,100
52003,100
52004,100
52005,100
52006,100
52007,100
52008,100
52009,100
52010,100
52011,100
52012,100
52013,100
52014,100
52015,100
52016,100
52017,0
52018,100
52019,0
52020,100
52021,0
52022,100
52023,0
52024,100
52025,0
52026,100
52027,0
52028,100
52029,0
52030,100
52031,0
52032,100
52033,0
52034,100
52035,0
52036,100
52037,0
52038,100
52039,0
52040,100
52041,0
52042,100
52043,0
52044,100
52045,0
52046,100
52047,0
52048,100
52049,100
52050,100
52051,100
52052,100
52053,100
52054,100
52055,100
52056,100
52057,100
52058,100
52059,100
52060,100
52061,100
52062,100
52063,100
52064,100
52065,100
52066,100
52067,100
52068,100
52069,100
52070,100
52071,100
52072,100
52073,100
52074,100
52075,100
52076,100
52077,100
52078,0
52079,100
52080,0
52081,100
52082,0
52083,100
52084,0
52085,100
52086,0
52087,100
52088,0
52089,100
52090,0
52091,100
52092,0
52093,100
52094,0
52095,100
52096,0
52097,100
52098,0
52099,100
52100,100
52101,100
52102,100
52103,100
52104,100
52105,100
52106,100
52107,100
52108,0
52109,100
52110,100
52111,100
52112,100
52113,100
52114,100
52115,100
52116,100
52117,100
52118,100
52119,100
52120,100
52121,100
52122,100
52123,100
52124,100
52125,100
52126,100
52127,100
52128,100
52129,100
52130,100
52131,0
52132,100
52133,0
52134,100
52135,0
52136,100
52137,0
52138,100
52139,0
52140,100
52141,0
52142,100
52143,0
52144,100
52145,0
52146,100
52147,0
52148,100
52149,0
52150,100
52151,0
52152,100
52153,0
52154,100
52155,0
52156,100
52157,0
52158,100
52159,0
52160,100
52161,100
52162,100
52163,100
52164,100
52165,100
52166,100
52167,100
52168,100
52169,100
52170,100
52171,100
52172,100
52173,100
52174,100
52175,100
52176,100
52177,100
52178,100
52179,100
52180,100
52181,100
52182,100
52183,100
52184,100
52185,100
52186,100
52187,100
52188,100
52189,100
52190,0
52191,100
52192,0
52193,100
52194,0
52195,100
52196,0
52197,100
52198,0
52199,100
52200,0
52201,100
52202,0
52203,100
52204,0
52205,100
52206,0
52207,100
52208,0
52209,100
52210,0
52211,100
52212,0
52213,100
52214,100
52215,100
52216,0
52217,100
52218,0
52219,100
52220,0
52221,100
52222,100
52223,100
52224,100
52225,100
52226,100
52227,100
52228,100
52229,100
52230,100
52231,100
52232,100
52233,100
52234,100
52235,100
52236,100
52237,100
52238,100
52239,100
52240,100
52241,100
52242,100
52243,0
52244,100
52245,0
52246,100
52247,0
52248,100
52249,0
52250,100
52251,0
52252,100
52253,0
52254,100
52255,0
52256,100
52257,0
52258,100
52259,0
52260,100
52261,0
52262,100
52263,0
52264,100
52265,0
52266,100
52267,0
52268,100
52269,0
52270,100
52271,0
52272,100
52273,100
52274,100
52275,100
52276,100
52277,100
52278,100
52279,100
52280,100
52281,100
52282,100
52283,100
52284,100
52285,100
52286,100
52287,100
52288,100
52289,100
52290,100
52291,100
52292,100
52293,100
52294,100
52295,100
52296,100
52297,100
52298,0
52299,100
52300,0
52301,100
52302,0
52303,100
52304,0
52305,100
52306,0
52307,100
52308,0
52309,100
52310,0
52311,100
52312,0
52313,100
52314,0
52315,100
52316,0
52317,100
52318,0
52319,100
52320,0
52321,100
52322,100
52323,100
52324,100
52325,100
52326,0
52327,100
52328,0
52329,100
52330,100
52331,100
52332,100
52333,100
52334,100
52335,100
52336,100
52337,100
52338,100
52339,100
52340,100
52341,100
52342,100
52343,100
52344,100
52345,100
52346,100
52347,100
52348,100
52349,100
52350,100
52351,0
52352,100
52353,0
52354,100
52355,0
52356,100
52357,0
52358,100
52359,0
52360,100
52361,0
52362,100
52363,0
52364,100
52365,0
52366,100
52367,0
52368,100
52369,0
52370,100
52371,0
52372,100
52373,0
52374,100
52375,0
52376,100
52377,0
52378,100
52379,0
52380,100
52381,0
52382,100
52383,100
52384,100
52385,100
52386,100
52387,100
52388,100
52389,100
52390,100
52391,100
52392,100
52393,100
52394,100
52395,100
52396,100
52397,100
52398,100
52399,100
52400,100
52401,100
52402,100
52403,100
52404,100
52405,100
52406,100
52407,100
52408,100
52409,4100
52410,100
52411,0
52412,100
52413,0
52414,100
52415,0
52416,100
52417,0
52418,100
52419,100
52420,100
52421,100
52422,100
52423,100
52424,100
52425,100
52426,100
52427,100
52428,100
52429,100
52430,100
52431,100
52432,100
52433,100
52434,0
52435,100
52436,0
52437,100
52438,0
52439,100
52440,0
52441,100
52442,0
52443,100
52444,0
52445,100
52446,0
52447,100
52448,0
52449,100
52450,0
52451,100
52452,0
52453,100
52454,0
52455,100
52456,100
52457,100
52458,100
52459,100
52460,100
52461,100
52462,100
52463,100
52464,100
52465,100
52466,100
52467,100
52468,100
52469,0
52470,100
52471,0
52472,100
52473,0
52474,100
52475,0
52476,100
52477,0
52478,100
52479,0
52480,100
52481,0
52482,100
52483,0
52484,100
52485,0
52486,100
52487,0
52488,100
52489,0
52490,100
52491,100
52492,100
52493,100
52494,100
52495,100
52496,100
52497,100
52498,100
52499,100
52500,100
52501,100
52502,100
52503,100
52504,0
52505,100
52506,0
52507,100
52508,0
52509,100
52510,0
52511,100
52512,0
52513,100
52514,0
52515,100
52516,0
52517,100
52518,0
52519,100
52520,0
52521,100
52522,0
52523,100
52524,0
52525,100
52526,100
52527,100
52528,100
52529,100
52530,100
52531,100
52532,100
52533,100
52534,100
52535,100
52536,100
52537,100
52538,100
52539,0
52540,100
52541,0
52542,100
52543,0
52544,100
52545,0
52546,100
52547,0
52548,100
52549,0
52550,100
52551,0
52552,100
52553,0
52554,100
52555,0
52556,100
52557,0
52558,100
52559,0
52560,100
52561,100
52562,100
52563,100
52564,100
52565,100
52566,100
52567,100
52568,100
52569,100
52570,100
52571,100
52572,100
52573,100
52574,0
52575,100
52576,0
52577,100
52578,0
52579,100
52580,0
52581,100
52582,0
52583,100
52584,0
52585,100
52586,0
52587,100
52588,0
52589,100
52590,0
52591,100
52592,0
52593,100
52594,0
52595,100
52596,100
52597,100
52598,100
52599,100
52600,100
52601,100
52602,100
52603,100
52604,100
52605,100
52606,100
52607,100
52608,100
52609,100
52610,100
52611,0
52612,100
52613,0
52614,100
52615,0
52616,100
52617,0
52618,100
52619,0
52620,100
52621,0
52622,100
52623,0
52624,100
52625,100
52626,100
52627,0
52628,100
52629,0
52630,100
52631,100
52632,100
52633,100
52634,100
52635,100
52636,100
52637,100
52638,100
52639,100
52640,100
52641,100
52642,100
52643,100
52644,100
52645,100
52646,0
52647,100
52648,0
52649,100
52650,0
52651,100
52652,0
52653,100
52654,0
52655,100
52656,0
52657,100
52658,0
52659,100
52660,100
52661,100
52662,100
52663,100
52664,0
52665,100
52666,100
52667,100
52668,100
52669,100
52670,100
52671,100
52672,100
52673,100
52674,100
52675,100
52676,100
52677,100
52678,100
52679,100
52680,100
52681,0
52682,100
52683,0
52684,100
52685,0
52686,100
52687,0
52688,100
52689,0
52690,100
52691,0
52692,100
52693,0
52694,100
52695,0
52696,100
52697,100
52698,100
52699,0
52700,100
52701,0
52702,100
52703,100
52704,100
52705,100
52706,100
52707,100
52708,100
52709,100
52710,100
52711,100
52712,100
52713,100
52714,100
52715,100
52716,0
52717,100
52718,0
52719,100
52720,0
52721,100
52722,0
52723,100
52724,0
52725,100
52726,0
52727,100
52728,0
52729,100
52730,0
52731,100
52732,100
52733,100
52734,100
52735,100
52736,0
52737,100
52738,100
52739,100
52740,100
52741,100
52742,100
52743,100
52744,100
52745,100
52746,100
52747,100
52748,100
52749,100
52750,100
52751,0
52752,100
52753,0
52754,100
52755,0
52756,100
52757,0
52758,100
52759,0
52760,100
52761,0
52762,100
52763,0
52764,100
52765,0
52766,100
52767,100
52768,100
52769,100
52770,100
52771,100
52772,100
52773,100
52774,100
52775,100
52776,100
52777,100
52778,100
52779,100
52780,100
52781,100
52782,100
52783,100
52784,100
52785,100
52786,0
52787,100
52788,0
52789,100
52790,0
52791,100
52792,0
52793,100
52794,0
52795,100
52796,0
52797,100
52798,0
52799,100
52800,0
52801,100
52802,100
52803,100
52804,100
52805,100
52806,100
52807,100
52808,100
52809,100
52810,100
52811,100
52812,100
52813,100
52814,100
52815,100
52816,100
52817,100
52818,100
52819,100
52820,100
52821,0
52822,100
52823,0
52824,100
52825,0
52826,100
52827,0
52828,100
52829,0
52830,100
52831,0
52832,100
52833,0
52834,100
52835,0
52836,100
52837,100
52838,100
52839,100
52840,100
52841,100
52842,100
52843,100
52844,100
52845,100
52846,100
52847,100
52848,100
52849,100
52850,100
52851,100
52852,100
52853,100
52854,100
52855,100
52856,100
52857,100
52858,0
52859,100
52860,0
52861,100
52862,0
52863,100
52864,0
52865,100
52866,0
52867,100
52868,0
52869,100
52870,0
52871,100
52872,100
52873,100
52874,100
52875,100
52876,100
52877,100
52878,100
52879,100
52880,100
52881,100
52882,100
52883,100
52884,100
52885,100
52886,100
52887,100
52888,100
52889,100
52890,100
52891,0
52892,100
52893,0
52894,100
52895,0
52896,100
52897,0
52898,100
52899,0
52900,100
52901,0
52902,100
52903,0
52904,100
52905,0
52906,100
52907,0
52908,100
52909,100
52910,100
52911,100
52912,100
52913,100
52914,100
52915,100
52916,100
52917,100
52918,100
52919,100
52920,100
52921,100
52922,100
52923,100
52924,100
52925,100
52926,100
52927,100
52928,0
52929,100
52930,0
52931,100
52932,0
52933,100
52934,0
52935,100
52936,0
52937,100
52938,0
52939,100
52940,0
52941,100
52942,0
52943,100
52944,100
52945,100
52946,100
52947,100
52948,100
52949,100
52950,100
52951,100
52952,100
52953,100
52954,100
52955,100
52956,100
52957,100
52958,100
52959,100
52960,100
52961,100
52962,100
52963,0
52964,100
52965,0
52966,100
52967,0
52968,100
52969,0
52970,100
52971,0
52972,100
52973,0
52974,100
52975,0
52976,100
52977,0
52978,100
52979,100
52980,100
52981,100
52982,100
52983,100
52984,100
52985,100
52986,100
52987,100
52988,100
52989,100
52990,100
52991,100
52992,100
52993,100
52994,100
52995,100
52996,100
52997,100
52998,0
52999,100
53000,0
53001,100
53002,0
53003,100
53004,0
53005,100
53006,0
53007,100
53008,0
53009,100
53010,0
53011,100
53012,0
53013,100
53014,100
53015,100
53016,100
53017,100
53018,100
53019,100
53020,100
53021,100
53022,100
53023,100
53024,100
53025,100
53026,100
53027,100
53028,100
53029,100
53030,100
53031,100
53032,100
53033,0
53034,100
53035,0
53036,100
53037,0
53038,100
53039,0
53040,100
53041,0
53042,100
53043,0
53044,100
53045,0
53046,100
53047,0
53048,100
53049,100
53050,100
53051,100
53052,100
53053,100
53054,100
53055,100
53056,100
53057,100
53058,100
53059,100
53060,100
53061,100
53062,0
53063,100
53064,100
53065,100
53066,100
53067,100
53068,0
53069,100
53070,0
53071,100
53072,0
53073,100
53074,0
53075,100
53076,0
53077,100
53078,0
53079,100
53080,0
53081,100
53082,0
53083,100
53084,100
53085,100
53086,100
53087,100
53088,100
53089,100
53090,100
53091,100
53092,100
53093,100
53094,100
53095,100
53096,100
53097,100
53098,100
53099,0
53100,100
53101,100
53102,100
53103,0
53104,100
53105,0
53106,100
53107,0
53108,100
53109,0
53110,100
53111,0
53112,100
53113,0
53114,100
53115,0
53116,100
53117,0
53118,100
53119,100
53120,100
53121,100
53122,100
53123,100
53124,100
53125,100
53126,100
53127,100
53128,100
53129,100
53130,100
53131,100
53132,100
53133,100
53134,0
53135,100
53136,0
53137,100
53138,100
53139,100
53140,0
53141,100
53142,0
53143,100
53144,0
53145,100
53146,0
53147,100
53148,0
53149,100
53150,0
53151,100
53152,0
53153,100
53154,0
53155,100
53156,100
53157,100
53158,100
53159,100
53160,100
53161,100
53162,100
53163,100
53164,100
53165,100
53166,100
53167,100
53168,100
53169,0
53170,100
53171,0
53172,100
53173,100
53174,100
53175,0
53176,100
53177,0
53178,100
53179,0
53180,100
53181,0
53182,100
53183,0
53184,100
53185,0
53186,100
53187,0
53188,100
53189,0
53190,100
53191,100
53192,100
53193,100
53194,100
53195,100
53196,100
53197,100
53198,100
53199,100
53200,100
53201,100
53202,100
53203,100
53204,0
53205,100
53206,0
53207,100
53208,0
53209,100
53210,0
53211,100
53212,0
53213,100
53214,0
53215,100
53216,0
53217,100
53218,0
53219,100
53220,0
53221,100
53222,0
53223,100
53224,0
53225,100
53226,100
53227,100
53228,100
53229,100
53230,100
53231,100
53232,100
53233,100
53234,100
53235,100
53236,100
53237,100
53238,100
53239,0
53240,100
53241,0
53242,100
53243,0
53244,100
53245,0
53246,100
53247,0
53248,100
53249,0
53250,100
53251,0
53252,100
53253,0
53254,100
53255,0
53256,100
53257,0
53258,100
53259,0
53260,100
53261,100
53262,100
53263,100
53264,100
53265,100
53266,100
53267,100
53268,100
53269,100
53270,100
53271,100
53272,100
53273,100
53274,0
53275,100
53276,0
53277,100
53278,0
53279,100
53280,0
53281,100
53282,0
53283,100
53284,0
53285,100
53286,0
53287,100
53288,0
53289,100
53290,0
53291,100
53292,0
53293,100
53294,0
53295,100
53296,100
53297,100
53298,100
53299,100
53300,100
53301,100
53302,100
53303,100
53304,100
53305,100
53306,100
53307,100
53308,100
53309,0
53310,100
53311,0
53312,100
53313,0
53314,100
53315,0
53316,100
53317,0
53318,100
53319,0
53320,100
53321,0
53322,100
53323,0
53324,100
53325,0
53326,100
53327,0
53328,100
53329,0
53330,100
53331,100
53332,100
53333,100
53334,100
53335,100
53336,100
53337,100
53338,100
53339,100
53340,100
53341,100
53342,100
53343,100
53344,100
53345,100
53346,0
53347,100
53348,0
53349,100
53350,0
53351,100
53352,0
53353,100
53354,0
53355,100
53356,0
53357,100
53358,0
53359,100
53360,0
53361,100
53362,0
53363,100
53364,0
53365,100
53366,100
53367,100
53368,100
53369,100
53370,100
53371,100
53372,100
53373,100
53374,100
53375,100
53376,100
53377,100
53378,100
53379,100
53380,100
53381,0
53382,100
53383,0
53384,100
53385,0
53386,100
53387,0
53388,100
53389,0
53390,100
53391,0
53392,100
53393,0
53394,100
53395,0
53396,100
53397,0
53398,100
53399,0
53400,100
53401,0
53402,100
53403,100
53404,100
53405,100
53406,100
53407,100
53408,100
53409,100
53410,100
53411,100
53412,100
53413,100
53414,100
53415,100
53416,0
53417,100
53418,0
53419,100
53420,0
53421,100
53422,0
53423,100
53424,0
53425,100
53426,0
53427,100
53428,0
53429,100
53430,0
53431,100
53432,0
53433,100
53434,0
53435,100
53436,100
53437,100
53438,100
53439,100
53440,100
53441,100
53442,100
53443,100
53444,100
53445,100
53446,100
53447,100
53448,100
53449,100
53450,100
53451,0
53452,100
53453,0
53454,100
53455,0
53456,100
53457,0
53458,100
53459,0
53460,100
53461,0
53462,100
53463,0
53464,100
53465,0
53466,100
53467,0
53468,100
53469,0
53470,100
53471,0
53472,100
53473,100
53474,100
53475,100
53476,100
53477,100
53478,100
53479,100
53480,100
53481,100
53482,100
53483,100
53484,100
53485,100
53486,0
53487,100
53488,0
53489,100
53490,0
53491,100
53492,0
53493,100
53494,0
53495,100
53496,0
53497,100
53498,0
53499,100
53500,0
53501,100
53502,0
53503,100
53504,0
53505,100
53506,0
53507,100
53508,100
53509,100
53510,100
53511,100
53512,100
53513,100
53514,100
53515,100
53516,100
53517,100
53518,100
53519,100
53520,100
53521,0
53522,100
53523,0
53524,100
53525,0
53526,100
53527,0
53528,100
53529,0
53530,100
53531,0
53532,100
53533,0
53534,100
53535,0
53536,100
53537,100
53538,100
53539,0
53540,100
53541,0
53542,100
53543,100
53544,100
53545,100
53546,100
53547,100
53548,100
53549,100
53550,100
53551,100
53552,100
53553,100
53554,100
53555,100
53556,100
53557,100
53558,0
53559,100
53560,0
53561,100
53562,0
53563,100
53564,0
53565,100
53566,0
53567,100
53568,0
53569,100
53570,0
53571,100
53572,100
53573,100
53574,100
53575,100
53576,0
53577,100
53578,100
53579,100
53580,100
53581,100
53582,100
53583,100
53584,100
53585,100
53586,100
53587,100
53588,100
53589,100
53590,100
53591,0
53592,100
53593,0
53594,100
53595,0
53596,100
53597,0
53598,100
53599,0
53600,100
53601,0
53602,100
53603,0
53604,100
53605,0
53606,100
53607,100
53608,100
53609,100
53610,100
53611,100
53612,100
53613,100
53614,100
53615,100
53616,100
53617,100
53618,100
53619,100
53620,100
53621,100
53622,100
53623,100
53624,100
53625,100
53626,100
53627,100
53628,0
53629,100
53630,0
53631,100
53632,0
53633,100
53634,0
53635,100
53636,0
53637,100
53638,0
53639,100
53640,0
53641,100
53642,0
53643,100
53644,100
53645,100
53646,100
53647,100
53648,100
53649,100
53650,100
53651,100
53652,100
53653,100
53654,100
53655,100
53656,100
53657,100
53658,100
53659,100
53660,100
53661,100
53662,100
53663,0
53664,100
53665,0
53666,100
53667,0
53668,100
53669,0
53670,100
53671,0
53672,100
53673,0
53674,100
53675,0
53676,100
53677,0
53678,100
53679,100
53680,100
53681,100
53682,100
53683,100
53684,100
53685,100
53686,100
53687,100
53688,100
53689,100
53690,100
53691,100
53692,100
53693,0
53694,100
53695,100
53696,100
53697,200
53698,100
53699,100
53700,100
53701,100
53702,0
53703,100
53704,100
53705,100
53706,0
53707,200
53708,100
53709,100
53710,100
53711,100
53712,100
53713,100
53714,100
53715,100
53716,0
53717,100
53718,100
53719,100
53720,0
53721,100
53722,100
53723,100
53724,100
53725,100
53726,100
53727,100
53728,100
53729,100
53730,100
53731,100
53732,0
53733,100
53734,100
53735,0
53736,100
53737,100
53738,100
53739,100
53740,0
53741,100
53742,100
53743,0
53744,100
53745,100
53746,0
53747,100
53748,100
53749,100
53750,100
53751,100
53752,100
53753,0
53754,100
53755,0
53756,100
53757,0
53758,100
53759,0
53760,100
53761,0
53762,100
53763,0
53764,100
53765,0
53766,100
53767,100
53768,100
53769,100
53770,100
53771,100
53772,100
53773,100
53774,100
53775,100
53776,100
53777,100
53778,100
53779,100
53780,100
53781,100
53782,100
53783,100
53784,100
53785,100
53786,100
53787,100
53788,0
53789,100
53790,0
53791,100
53792,0
53793,100
53794,0
53795,100
53796,0
53797,100
53798,0
53799,100
53800,0
53801,100
53802,0
53803,100
53804,100
53805,100
53806,100
53807,100
53808,100
53809,100
53810,100
53811,100
53812,100
53813,100
53814,100
53815,100
53816,100
53817,100
53818,100
53819,100
53820,100
53821,100
53822,100
53823,0
53824,100
53825,0
53826,100
53827,0
53828,100
53829,0
53830,100
53831,0
53832,100
53833,0
53834,100
53835,0
53836,100
53837,0
53838,100
53839,100
53840,100
53841,100
53842,100
53843,100
53844,100
53845,100
53846,100
53847,100
53848,100
53849,100
53850,100
53851,100
53852,0
53853,100
53854,100
53855,100
53856,100
53857,100
53858,0
53859,100
53860,0
53861,100
53862,0
53863,100
53864,0
53865,100
53866,0
53867,100
53868,0
53869,100
53870,0
53871,100
53872,0
53873,100
53874,100
53875,100
53876,100
53877,100
53878,100
53879,100
53880,100
53881,100
53882,100
53883,100
53884,100
53885,100
53886,100
53887,0
53888,100
53889,0
53890,100
53891,100
53892,100
53893,0
53894,100
53895,0
53896,100
53897,0
53898,100
53899,0
53900,100
53901,0
53902,100
53903,0
53904,100
53905,0
53906,100
53907,0
53908,100
53909,100
53910,100
53911,100
53912,100
53913,100
53914,100
53915,100
53916,100
53917,100
53918,100
53919,100
53920,100
53921,100
53922,0
53923,100
53924,0
53925,100
53926,100
53927,100
53928,0
53929,100
53930,0
53931,100
53932,0
53933,100
53934,0
53935,100
53936,0
53937,100
53938,0
53939,100
53940,0
53941,100
53942,0
53943,100
53944,100
53945,100
53946,100
53947,100
53948,100
53949,100
53950,100
53951,100
53952,100
53953,100
53954,100
53955,100
53956,100
53957,0
53958,100
53959,0
53960,100
53961,0
53962,100
53963,0
53964,100
53965,0
53966,100
53967,0
53968,100
53969,0
53970,100
53971,0
53972,100
53973,0
53974,100
53975,0
53976,100
53977,0
53978,100
53979,100
53980,100
53981,100
53982,100
53983,100
53984,100
53985,100
53986,100
53987,100
53988,100
53989,100
53990,100
53991,100
53992,100
53993,100
53994,0
53995,100
53996,0
53997,100
53998,0
53999,100
54000,0
54001,100
54002,0
54003,100
54004,0
54005,100
54006,0
54007,100
54008,0
54009,100
54010,0
54011,100
54012,0
54013,100
54014,100
54015,100
54016,100
54017,100
54018,100
54019,100
54020,100
54021,100
54022,100
54023,100
54024,100
54025,100
54026,100
54027,100
54028,100
54029,0
54030,100
54031,0
54032,100
54033,0
54034,100
54035,0
54036,100
54037,0
54038,100
54039,0
54040,100
54041,0
54042,100
54043,0
54044,100
54045,0
54046,100
54047,0
54048,100
54049,0
54050,100
54051,100
54052,100
54053,100
54054,100
54055,100
54056,100
54057,100
54058,100
54059,100
54060,100
54061,100
54062,100
54063,100
54064,0
54065,100
54066,0
54067,100
54068,0
54069,100
54070,0
54071,100
54072,0
54073,100
54074,0
54075,100
54076,0
54077,100
54078,0
54079,100
54080,0
54081,100
54082,0
54083,100
54084,0
54085,100
54086,100
54087,100
54088,100
54089,100
54090,100
54091,100
54092,100
54093,100
54094,100
54095,100
54096,100
54097,100
54098,100
54099,0
54100,100
54101,0
54102,100
54103,0
54104,100
54105,0
54106,100
54107,0
54108,100
54109,0
54110,100
54111,0
54112,100
54113,0
54114,100
54115,0
54116,100
54117,0
54118,100
54119,0
54120,100
54121,100
54122,100
54123,100
54124,100
54125,100
54126,100
54127,100
54128,100
54129,100
54130,100
54131,100
54132,100
54133,100
54134,0
54135,100
54136,0
54137,100
54138,0
54139,100
54140,0
54141,100
54142,0
54143,100
54144,0
54145,100
54146,0
54147,100
54148,0
54149,100
54150,0
54151,100
54152,0
54153,100
54154,0
54155,100
54156,100
54157,100
54158,100
54159,100
54160,100
54161,100
54162,100
54163,100
54164,100
54165,100
54166,100
54167,100
54168,100
54169,0
54170,100
54171,0
54172,100
54173,0
54174,100
54175,0
54176,100
54177,0
54178,100
54179,0
54180,100
54181,0
54182,100
54183,0
54184,100
54185,0
54186,100
54187,0
54188,100
54189,0
54190,100
54191,100
54192,100
54193,100
54194,100
54195,100
54196,100
54197,100
54198,100
54199,100
54200,100
54201,100
54202,100
54203,100
54204,100
54205,100
54206,0
54207,100
54208,0
54209,100
54210,0
54211,100
54212,0
54213,100
54214,0
54215,100
54216,0
54217,100
54218,0
54219,100
54220,0
54221,100
54222,0
54223,100
54224,0
54225,100
54226,100
54227,100
54228,100
54229,100
54230,100
54231,100
54232,100
54233,100
54234,100
54235,100
54236,100
54237,100
54238,100
54239,0
54240,100
54241,0
54242,100
54243,0
54244,100
54245,0
54246,100
54247,0
54248,100
54249,0
54250,100
54251,0
54252,100
54253,0
54254,100
54255,0
54256,100
54257,0
54258,100
54259,0
54260,100
54261,100
54262,100
54263,100
54264,100
54265,100
54266,100
54267,100
54268,100
54269,100
54270,100
54271,100
54272,100
54273,100
54274,100
54275,100
54276,0
54277,100
54278,0
54279,100
54280,0
54281,100
54282,0
54283,100
54284,0
54285,100
54286,0
54287,100
54288,0
54289,100
54290,0
54291,100
54292,0
54293,100
54294,0
54295,100
54296,100
54297,100
54298,100
54299,100
54300,100
54301,100
54302,100
54303,100
54304,100
54305,100
54306,100
54307,100
54308,100
54309,100
54310,100
54311,0
54312,100
54313,0
54314,100
54315,0
54316,100
54317,0
54318,100
54319,0
54320,100
54321,0
54322,100
54323,0
54324,100
54325,0
54326,100
54327,100
54328,100
54329,0
54330,100
54331,0
54332,100
54333,100
54334,100
54335,100
54336,100
54337,100
54338,100
54339,100
54340,100
54341,100
54342,100
54343,100
54344,100
54345,100
54346,0
54347,100
54348,0
54349,100
54350,0
54351,100
54352,0
54353,100
54354,0
54355,100
54356,0
54357,100
54358,0
54359,100
54360,0
54361,100
54362,100
54363,100
54364,100
54365,100
54366,0
54367,100
54368,100
54369,100
54370,100
54371,100
54372,100
54373,100
54374,100
54375,100
54376,100
54377,100
54378,100
54379,100
54380,100
54381,0
54382,100
54383,0
54384,100
54385,0
54386,100
54387,0
54388,100
54389,0
54390,100
54391,0
54392,100
54393,0
54394,100
54395,0
54396,100
54397,100
54398,100
54399,100
54400,100
54401,0
54402,100
54403,100
54404,100
54405,100
54406,100
54407,100
54408,100
54409,100
54410,100
54411,100
54412,100
54413,100
54414,100
54415,100
54416,0
54417,100
54418,0
54419,100
54420,0
54421,100
54422,0
54423,100
54424,0
54425,100
54426,0
54427,100
54428,0
54429,100
54430,0
54431,100
54432,100
54433,100
54434,100
54435,100
54436,100
54437,100
54438,100
54439,100
54440,100
54441,100
54442,100
54443,100
54444,100
54445,100
54446,100
54447,100
54448,100
54449,100
54450,100
54451,0
54452,100
54453,0
54454,100
54455,0
54456,100
54457,0
54458,100
54459,0
54460,100
54461,0
54462,100
54463,0
54464,100
54465,0
54466,100
54467,100
54468,100
54469,100
54470,100
54471,100
54472,100
54473,100
54474,100
54475,100
54476,100
54477,100
54478,100
54479,100
54480,100
54481,100
54482,100
54483,100
54484,100
54485,100
54486,0
54487,100
54488,0
54489,100
54490,0
54491,100
54492,0
54493,100
54494,0
54495,100
54496,0
54497,100
54498,0
54499,100
54500,0
54501,100
54502,0
54503,100
54504,100
54505,100
54506,100
54507,100
54508,100
54509,100
54510,100
54511,100
54512,100
54513,100
54514,100
54515,100
54516,100
54517,100
54518,100
54519,100
54520,100
54521,100
54522,100
54523,0
54524,100
54525,0
54526,100
54527,0
54528,100
54529,0
54530,100
54531,0
54532,100
54533,0
54534,100
54535,0
54536,100
54537,0
54538,100
54539,100
54540,100
54541,100
54542,100
54543,100
54544,100
54545,100
54546,100
54547,100
54548,100
54549,100
54550,100
54551,100
54552,100
54553,100
54554,100
54555,100
54556,100
54557,100
54558,0
54559,100
54560,0
54561,100
54562,0
54563,100
54564,0
54565,100
54566,0
54567,100
54568,0
54569,100
54570,0
54571,100
54572,0
54573,100
54574,100
54575,100
54576,100
54577,100
54578,100
54579,100
54580,100
54581,100
54582,100
54583,100
54584,100
54585,100
54586,100
54587,100
54588,100
54589,100
54590,100
54591,100
54592,100
54593,0
54594,100
54595,0
54596,100
54597,0
54598,100
54599,0
54600,100
54601,0
54602,100
54603,0
54604,100
54605,0
54606,100
54607,0
54608,100
54609,100
54610,100
54611,100
54612,100
54613,100
54614,100
54615,100
54616,100
54617,100
54618,100
54619,100
54620,100
54621,100
54622,100
54623,100
54624,100
54625,100
54626,100
54627,100
54628,0
54629,100
54630,0
54631,100
54632,0
54633,100
54634,0
54635,100
54636,0
54637,100
54638,0
54639,100
54640,0
54641,100
54642,0
54643,100
54644,100
54645,100
54646,100
54647,100
54648,100
54649,100
54650,100
54651,100
54652,100
54653,100
54654,100
54655,100
54656,100
54657,100
54658,100
54659,100
54660,100
54661,100
54662,100
54663,0
54664,100
54665,0
54666,100
54667,0
54668,100
54669,0
54670,100
54671,0
54672,100
54673,0
54674,100
54675,0
54676,100
54677,0
54678,100
54679,100
54680,100
54681,100
54682,100
54683,100
54684,100
54685,100
54686,100
54687,100
54688,100
54689,100
54690,100
54691,100
54692,100
54693,100
54694,100
54695,100
54696,100
54697,100
54698,0
54699,100
54700,0
54701,100
54702,0
54703,100
54704,0
54705,100
54706,0
54707,100
54708,0
54709,100
54710,0
54711,100
54712,0
54713,100
54714,100
54715,100
54716,100
54717,100
54718,100
54719,100
54720,100
54721,100
54722,100
54723,100
54724,100
54725,100
54726,100
54727,100
54728,100
54729,0
54730,100
54731,100
54732,100
54733,100
54734,100
54735,0
54736,100
54737,0
54738,100
54739,0
54740,100
54741,0
54742,100
54743,0
54744,100
54745,0
54746,100
54747,0
54748,100
54749,0
54750,100
54751,100
54752,100
54753,100
54754,100
54755,100
54756,100
54757,100
54758,100
54759,100
54760,100
54761,100
54762,100
54763,100
54764,0
54765,100
54766,100
54767,100
54768,100
54769,100
54770,0
54771,100
54772,0
54773,100
54774,0
54775,100
54776,0
54777,100
54778,0
54779,100
54780,0
54781,100
54782,0
54783,100
54784,100
54785,100
54786,100
54787,100
54788,100
54789,100
54790,100
54791,100
54792,100
54793,100
54794,100
54795,100
54796,100
54797,100
54798,100
54799,0
54800,100
54801,0
54802,100
54803,100
54804,100
54805,0
54806,100
54807,0
54808,100
54809,0
54810,100
54811,0
54812,100
54813,0
54814,100
54815,0
54816,100
54817,0
54818,100
54819,0
54820,100
54821,100
54822,100
54823,100
54824,100
54825,100
54826,100
54827,100
54828,100
54829,100
54830,100
54831,100
54832,100
54833,100
54834,0
54835,100
54836,0
54837,100
54838,0
54839,100
54840,0
54841,100
54842,0
54843,100
54844,0
54845,100
54846,0
54847,100
54848,0
54849,100
54850,0
54851,100
54852,0
54853,100
54854,0
54855,100
54856,100
54857,100
54858,100
54859,100
54860,100
54861,100
54862,100
54863,100
54864,100
54865,100
54866,100
54867,100
54868,100
54869,0
54870,100
54871,0
54872,100
54873,0
54874,100
54875,0
54876,100
54877,0
54878,100
54879,0
54880,100
54881,0
54882,100
54883,0
54884,100
54885,0
54886,100
54887,0
54888,100
54889,0
54890,100
54891,100
54892,100
54893,100
54894,100
54895,100
54896,100
54897,100
54898,100
54899,100
54900,100
54901,100
54902,100
54903,100
54904,0
54905,100
54906,0
54907,100
54908,0
54909,100
54910,0
54911,100
54912,0
54913,100
54914,0
54915,100
54916,0
54917,100
54918,0
54919,100
54920,0
54921,100
54922,0
54923,100
54924,0
54925,100
54926,100
54927,100
54928,100
54929,100
54930,100
54931,100
54932,100
54933,100
54934,100
54935,100
54936,100
54937,100
54938,100
54939,0
54940,100
54941,0
54942,100
54943,0
54944,100
54945,0
54946,100
54947,0
54948,100
54949,0
54950,100
54951,0
54952,100
54953,0
54954,100
54955,0
54956,100
54957,0
54958,100
54959,0
54960,100
54961,100
54962,100
54963,100
54964,100
54965,100
54966,100
54967,100
54968,100
54969,100
54970,100
54971,100
54972,100
54973,100
54974,100
54975,100
54976,0
54977,100
54978,0
54979,100
54980,0
54981,100
54982,0
54983,100
54984,0
54985,100
54986,0
54987,100
54988,0
54989,100
54990,0
54991,100
54992,0
54993,100
54994,0
54995,100
54996,100
54997,100
54998,100
54999,100
55000,100
55001,100
55002,100
55003,100
55004,100
55005,100
55006,100
55007,100
55008,100
55009,100
55010,100
55011,0
55012,100
55013,0
55014,100
55015,0
55016,100
55017,0
55018,100
55019,0
55020,100
55021,0
55022,100
55023,0
55024,100
55025,0
55026,100
55027,0
55028,100
55029,0
55030,100
55031,100
55032,100
55033,100
55034,100
55035,100
55036,100
55037,100
55038,100
55039,100
55040,100
55041,100
55042,100
55043,100
55044,100
55045,100
55046,0
55047,100
55048,0
55049,100
55050,0
55051,100
55052,0
55053,100
55054,0
55055,100
55056,0
55057,100
55058,0
55059,100
55060,0
55061,100
55062,0
55063,100
55064,0
55065,100
55066,0
55067,100
55068,100
55069,100
55070,100
55071,100
55072,100
55073,100
55074,100
55075,100
55076,100
55077,100
55078,100
55079,100
55080,100
55081,0
55082,100
55083,0
55084,100
55085,0
55086,100
55087,0
55088,100
55089,0
55090,100
55091,0
55092,100
55093,0
55094,100
55095,0
55096,100
55097,0
55098,100
55099,0
55100,100
55101,0
55102,100
55103,100
55104,100
55105,100
55106,100
55107,100
55108,100
55109,100
55110,100
55111,100
55112,100
55113,100
55114,100
55115,100
55116,0
55117,100
55118,0
55119,100
55120,0
55121,100
55122,0
55123,100
55124,0
55125,100
55126,0
55127,100
55128,0
55129,100
55130,0
55131,100
55132,0
55133,100
55134,0
55135,100
55136,0
55137,100
55138,100
55139,100
55140,100
55141,100
55142,100
55143,100
55144,100
55145,100
55146,100
55147,100
55148,100
55149,100
55150,100
55151,0
55152,100
55153,0
55154,100
55155,0
55156,100
55157,0
55158,100
55159,0
55160,100
55161,0
55162,100
55163,0
55164,100
55165,0
55166,100
55167,100
55168,100
55169,0
55170,100
55171,0
55172,100
55173,100
55174,100
55175,100
55176,100
55177,100
55178,100
55179,100
55180,100
55181,100
55182,100
55183,100
55184,100
55185,100
55186,0
55187,100
55188,0
55189,100
55190,0
55191,100
55192,0
55193,100
55194,0
55195,100
55196,0
55197,100
55198,0
55199,100
55200,0
55201,100
55202,100
55203,100
55204,100
55205,100
55206,0
55207,100
55208,100
55209,100
55210,100
55211,100
55212,100
55213,100
55214,100
55215,100
55216,100
55217,100
55218,100
55219,100
55220,100
55221,100
55222,100
55223,0
55224,100
55225,0
55226,100
55227,0
55228,100
55229,0
55230,100
55231,0
55232,100
55233,0
55234,100
55235,0
55236,100
55237,0
55238,100
55239,100
55240,100
55241,0
55242,100
55243,100
55244,100
55245,100
55246,100
55247,100
55248,100
55249,100
55250,100
55251,100
55252,100
55253,100
55254,100
55255,100
55256,100
55257,100
55258,0
55259,100
55260,0
55261,100
55262,0
55263,100
55264,0
55265,100
55266,0
55267,100
55268,0
55269,100
55270,0
55271,100
55272,100
55273,100
55274,100
55275,100
55276,100
55277,100
55278,0
55279,100
55280,100
55281,100
55282,100
55283,100
55284,100
55285,100
55286,100
55287,100
55288,100
55289,100
55290,100
55291,100
55292,100
55293,0
55294,100
55295,0
55296,100
55297,0
55298,100
55299,0
55300,100
55301,0
55302,100
55303,0
55304,100
55305,0
55306,100
55307,0
55308,100
55309,100
55310,100
55311,100
55312,100
55313,100
55314,100
55315,100
55316,100
55317,100
55318,100
55319,100
55320,100
55321,100
55322,100
55323,100
55324,100
55325,100
55326,100
55327,100
55328,0
55329,100
55330,0
55331,100
55332,0
55333,100
55334,0
55335,100
55336,0
55337,100
55338,0
55339,100
55340,0
55341,100
55342,0
55343,100
55344,100
55345,100
55346,100
55347,100
55348,100
55349,100
55350,100
55351,100
55352,100
55353,100
55354,100
55355,100
55356,100
55357,100
55358,100
55359,100
55360,100
55361,100
55362,100
55363,0
55364,100
55365,0
55366,100
55367,0
55368,100
55369,0
55370,100
55371,0
55372,100
55373,0
55374,100
55375,0
55376,100
55377,0
55378,100
55379,100
55380,100
55381,100
55382,100
55383,100
55384,100
55385,100
55386,100
55387,100
55388,100
55389,100
55390,100
55391,100
55392,100
55393,100
55394,100
55395,100
55396,100
55397,100
55398,0
55399,100
55400,0
55401,100
55402,0
55403,100
55404,0
55405,100
55406,0
55407,100
55408,0
55409,100
55410,0
55411,100
55412,0
55413,100
55414,100
55415,100
55416,100
55417,100
55418,100
55419,100
55420,100
55421,100
55422,100
55423,100
55424,100
55425,100
55426,100
55427,100
55428,100
55429,100
55430,100
55431,100
55432,100
55433,0
55434,100
55435,0
55436,100
55437,0
55438,100
55439,0
55440,100
55441,0
55442,100
55443,0
55444,100
55445,0
55446,100
55447,0
55448,100
55449,100
55450,100
55451,100
55452,100
55453,100
55454,100
55455,100
55456,100
55457,100
55458,100
55459,100
55460,100
55461,100
55462,100
55463,100
55464,100
55465,100
55466,100
55467,100
55468,100
55469,100
55470,0
55471,100
55472,0
55473,100
55474,0
55475,100
55476,0
55477,100
55478,0
55479,100
55480,0
55481,100
55482,0
55483,100
55484,100
55485,100
55486,100
55487,100
55488,100
55489,100
55490,100
55491,100
55492,100
55493,100
55494,100
55495,100
55496,100
55497,100
55498,100
55499,100
55500,100
55501,100
55502,100
55503,100
55504,100
55505,0
55506,100
55507,0
55508,100
55509,0
55510,100
55511,0
55512,100
55513,0
55514,100
55515,0
55516,100
55517,0
55518,100
55519,100
55520,100
55521,100
55522,100
55523,100
55524,100
55525,100
55526,100
55527,100
55528,100
55529,100
55530,100
55531,100
55532,100
55533,100
55534,100
55535,100
55536,100
55537,100
55538,100
55539,100
55540,0
55541,100
55542,0
55543,100
55544,0
55545,100
55546,0
55547,100
55548,0
55549,100
55550,0
55551,100
55552,0
55553,100
55554,0
55555,100
55556,100
55557,100
55558,100
55559,100
55560,100
55561,100
55562,100
55563,100
55564,100
55565,100
55566,100
55567,100
55568,100
55569,100
55570,100
55571,100
55572,100
55573,100
55574,100
55575,0
55576,100
55577,0
55578,100
55579,0
55580,100
55581,0
55582,100
55583,0
55584,100
55585,0
55586,100
55587,0
55588,100
55589,0
55590,100
55591,100
55592,100
55593,100
55594,100
55595,100
55596,100
55597,100
55598,100
55599,100
55600,100
55601,100
55602,100
55603,100
55604,0
55605,100
55606,100
55607,100
55608,100
55609,100
55610,0
55611,100
55612,0
55613,100
55614,0
55615,100
55616,0
55617,100
55618,0
55619,100
55620,0
55621,100
55622,0
55623,100
55624,0
55625,100
55626,100
55627,100
55628,100
55629,100
55630,100
55631,100
55632,100
55633,100
55634,100
55635,100
55636,100
55637,100
55638,100
55639,0
55640,100
55641,0
55642,100
55643,100
55644,100
55645,0
55646,100
55647,0
55648,100
55649,0
55650,100
55651,0
55652,100
55653,0
55654,100
55655,0
55656,100
55657,0
55658,100
55659,0
55660,100
55661,100
55662,100
55663,100
55664,100
55665,100
55666,100
55667,100
55668,100
55669,100
55670,100
55671,100
55672,100
55673,100
55674,0
55675,100
55676,0
55677,100
55678,0
55679,100
55680,0
55681,100
55682,0
55683,100
55684,0
55685,100
55686,0
55687,100
55688,0
55689,100
55690,0
55691,100
55692,0
55693,100
55694,0
55695,100
55696,100
55697,100
55698,100
55699,100
55700,100
55701,100
55702,100
55703,100
55704,100
55705,100
55706,100
55707,100
55708,100
55709,100
55710,100
55711,0
55712,100
55713,0
55714,100
55715,0
55716,100
55717,0
55718,100
55719,0
55720,100
55721,0
55722,100
55723,0
55724,100
55725,0
55726,100
55727,0
55728,100
55729,0
55730,100
55731,100
55732,100
55733,100
55734,100
55735,100
55736,100
55737,100
55738,100
55739,100
55740,100
55741,100
55742,100
55743,100
55744,100
55745,100
55746,0
55747,100
55748,0
55749,100
55750,0
55751,100
55752,0
55753,100
55754,0
55755,100
55756,0
55757,100
55758,0
55759,100
55760,0
55761,100
55762,0
55763,100
55764,0
55765,100
55766,0
55767,100
55768,100
55769,100
55770,100
55771,100
55772,100
55773,100
55774,100
55775,100
55776,100
55777,100
55778,100
55779,100
55780,100
55781,0
55782,100
55783,0
55784,100
55785,0
55786,100
55787,0
55788,100
55789,0
55790,100
55791,0
55792,100
55793,0
55794,100
55795,0
55796,100
55797,0
55798,100
55799,0
55800,100
55801,0
55802,100
55803,100
55804,100
55805,100
55806,100
55807,100
55808,100
55809,100
55810,100
55811,100
55812,100
55813,100
55814,100
55815,100
55816,0
55817,100
55818,0
55819,100
55820,0
55821,100
55822,0
55823,100
55824,0
55825,100
55826,0
55827,100
55828,0
55829,100
55830,0
55831,100
55832,0
55833,100
55834,0
55835,100
55836,0
55837,100
55838,100
55839,100
55840,100
55841,100
55842,100
55843,100
55844,100
55845,100
55846,100
55847,100
55848,100
55849,100
55850,100
55851,0
55852,100
55853,0
55854,100
55855,0
55856,100
55857,0
55858,100
55859,0
55860,100
55861,0
55862,100
55863,0
55864,100
55865,0
55866,100
55867,0
55868,100
55869,0
55870,100
55871,0
55872,100
55873,100
55874,100
55875,100
55876,100
55877,100
55878,100
55879,100
55880,100
55881,100
55882,100
55883,100
55884,100
55885,100
55886,0
55887,100
55888,0
55889,100
55890,0
55891,100
55892,0
55893,100
55894,0
55895,100
55896,0
55897,100
55898,0
55899,100
55900,0
55901,100
55902,0
55903,100
55904,0
55905,100
55906,0
55907,100
55908,100
55909,100
55910,100
55911,100
55912,100
55913,100
55914,100
55915,100
55916,100
55917,100
55918,100
55919,100
55920,100
55921,0
55922,100
55923,0
55924,100
55925,0
55926,100
55927,0
55928,100
55929,0
55930,100
55931,0
55932,100
55933,0
55934,100
55935,0
55936,100
55937,0
55938,100
55939,0
55940,100
55941,0
55942,100
55943,100
55944,100
55945,100
55946,100
55947,100
55948,100
55949,100
55950,100
55951,100
55952,100
55953,100
55954,100
55955,100
55956,100
55957,100
55958,0
55959,100
55960,0
55961,100
55962,0
55963,100
55964,0
55965,100
55966,0
55967,100
55968,0
55969,100
55970,0
55971,100
55972,0
55973,100
55974,0
55975,100
55976,0
55977,100
55978,100
55979,100
55980,100
55981,100
55982,100
55983,100
55984,100
55985,100
55986,100
55987,100
55988,100
55989,100
55990,100
55991,100
55992,100
55993,0
55994,100
55995,0
55996,100
55997,0
55998,100
55999,0
56000,100
56001,0
56002,100
56003,0
56004,100
56005,0
56006,100
56007,100
56008,100
56009,0
56010,100
56011,0
56012,100
56013,100
56014,100
56015,100
56016,100
56017,100
56018,100
56019,100
56020,100
56021,100
56022,100
56023,100
56024,100
56025,100
56026,100
56027,100
56028,0
56029,100
56030,0
56031,100
56032,0
56033,100
56034,0
56035,100
56036,0
56037,100
56038,0
56039,100
56040,0
56041,100
56042,100
56043,100
56044,0
56045,100
56046,0
56047,100
56048,0
56049,100
56050,100
56051,100
56052,100
56053,100
56054,100
56055,100
56056,100
56057,100
56058,100
56059,100
56060,100
56061,100
56062,100
56063,0
56064,100
56065,0
56066,100
56067,0
56068,100
56069,0
56070,100
56071,0
56072,100
56073,0
56074,100
56075,0
56076,100
56077,0
56078,100
56079,100
56080,100
56081,0
56082,100
56083,100
56084,100
56085,100
56086,100
56087,100
56088,100
56089,100
56090,100
56091,100
56092,100
56093,100
56094,100
56095,100
56096,100
56097,100
56098,0
56099,100
56100,0
56101,100
56102,0
56103,100
56104,0
56105,100
56106,0
56107,100
56108,0
56109,100
56110,0
56111,100
56112,0
56113,100
56114,100
56115,100
56116,100
56117,100
56118,0
56119,100
56120,100
56121,100
56122,100
56123,100
56124,100
56125,100
56126,100
56127,100
56128,100
56129,100
56130,100
56131,100
56132,100
56133,0
56134,100
56135,0
56136,100
56137,0
56138,100
56139,0
56140,100
56141,0
56142,100
56143,0
56144,100
56145,0
56146,100
56147,0
56148,100
56149,100
56150,100
56151,100
56152,100
56153,100
56154,100
56155,100
56156,100
56157,100
56158,100
56159,100
56160,100
56161,100
56162,100
56163,100
56164,100
56165,100
56166,100
56167,100
56168,0
56169,100
56170,0
56171,100
56172,0
56173,100
56174,0
56175,100
56176,0
56177,100
56178,0
56179,100
56180,0
56181,100
56182,0
56183,100
56184,100
56185,100
56186,100
56187,100
56188,100
56189,100
56190,100
56191,100
56192,100
56193,100
56194,100
56195,100
56196,100
56197,100
56198,100
56199,100
56200,100
56201,100
56202,100
56203,0
56204,100
56205,0
56206,100
56207,0
56208,100
56209,0
56210,100
56211,0
56212,100
56213,0
56214,100
56215,0
56216,100
56217,0
56218,100
56219,100
56220,100
56221,100
56222,100
56223,100
56224,100
56225,100
56226,100
56227,100
56228,100
56229,100
56230,100
56231,100
56232,100
56233,100
56234,100
56235,100
56236,100
56237,100
56238,0
56239,100
56240,0
56241,100
56242,0
56243,100
56244,0
56245,100
56246,0
56247,100
56248,0
56249,100
56250,0
56251,100
56252,0
56253,100
56254,100
56255,100
56256,100
56257,100
56258,100
56259,100
56260,100
56261,100
56262,100
56263,100
56264,100
56265,100
56266,100
56267,100
56268,100
56269,100
56270,100
56271,100
56272,100
56273,100
56274,100
56275,0
56276,100
56277,0
56278,100
56279,0
56280,100
56281,0
56282,100
56283,0
56284,100
56285,0
56286,100
56287,0
56288,100
56289,100
56290,100
56291,100
56292,100
56293,100
56294,100
56295,100
56296,100
56297,100
56298,100
56299,100
56300,100
56301,100
56302,100
56303,100
56304,100
56305,100
56306,100
56307,100
56308,100
56309,100
56310,0
56311,100
56312,0
56313,100
56314,0
56315,100
56316,0
56317,100
56318,0
56319,100
56320,0
56321,100
56322,0
56323,100
56324,0
56325,100
56326,100
56327,100
56328,100
56329,100
56330,100
56331,100
56332,100
56333,100
56334,100
56335,100
56336,100
56337,100
56338,100
56339,100
56340,100
56341,100
56342,100
56343,100
56344,100
56345,0
56346,100
56347,0
56348,100
56349,0
56350,100
56351,0
56352,100
56353,0
56354,100
56355,0
56356,100
56357,0
56358,100
56359,0
56360,100
56361,100
56362,100
56363,100
56364,100
56365,100
56366,100
56367,100
56368,100
56369,100
56370,100
56371,100
56372,100
56373,100
56374,100
56375,100
56376,100
56377,100
56378,100
56379,100
56380,0
56381,100
56382,0
56383,100
56384,0
56385,100
56386,0
56387,100
56388,0
56389,100
56390,0
56391,100
56392,0
56393,100
56394,0
56395,100
56396,100
56397,100
56398,100
56399,100
56400,100
56401,100
56402,100
56403,100
56404,100
56405,100
56406,100
56407,100
56408,100
56409,100
56410,100
56411,100
56412,100
56413,100
56414,100
56415,0
56416,100
56417,0
56418,100
56419,0
56420,100
56421,0
56422,100
56423,0
56424,100
56425,0
56426,100
56427,0
56428,100
56429,0
56430,100
56431,100
56432,100
56433,100
56434,100
56435,100
56436,100
56437,100
56438,100
56439,100
56440,100
56441,100
56442,100
56443,100
56444,0
56445,100
56446,100
56447,100
56448,100
56449,100
56450,0
56451,100
56452,0
56453,100
56454,0
56455,100
56456,0
56457,100
56458,0
56459,100
56460,0
56461,100
56462,0
56463,100
56464,0
56465,100
56466,100
56467,100
56468,100
56469,100
56470,100
56471,100
56472,100
56473,100
56474,100
56475,100
56476,100
56477,100
56478,100
56479,100
56480,100
56481,0
56482,100
56483,100
56484,100
56485,0
56486,100
56487,0
56488,100
56489,0
56490,100
56491,0
56492,100
56493,0
56494,100
56495,0
56496,100
56497,0
56498,100
56499,0
56500,100
56501,100
56502,100
56503,100
56504,100
56505,100
56506,100
56507,100
56508,100
56509,100
56510,100
56511,100
56512,100
56513,100
56514,0
56515,100
56516,0
56517,100
56518,100
56519,100
56520,100
56521,100
56522,0
56523,100
56524,0
56525,100
56526,0
56527,100
56528,0
56529,100
56530,0
56531,100
56532,0
56533,100
56534,0
56535,100
56536,0
56537,100
56538,100
56539,100
56540,100
56541,100
56542,100
56543,100
56544,100
56545,100
56546,100
56547,100
56548,100
56549,100
56550,100
56551,0
56552,100
56553,0
56554,100
56555,100
56556,100
56557,0
56558,100
56559,0
56560,100
56561,0
56562,100
56563,0
56564,100
56565,0
56566,100
56567,0
56568,100
56569,0
56570,100
56571,100
56572,100
56573,100
56574,100
56575,100
56576,100
56577,100
56578,100
56579,100
56580,100
56581,100
56582,100
56583,100
56584,100
56585,100
56586,0
56587,100
56588,0
56589,100
56590,0
56591,100
56592,0
56593,100
56594,0
56595,100
56596,0
56597,100
56598,0
56599,100
56600,0
56601,100
56602,0
56603,100
56604,0
56605,100
56606,0
56607,100
56608,100
56609,100
56610,100
56611,100
56612,100
56613,100
56614,100
56615,100
56616,100
56617,100
56618,100
56619,100
56620,100
56621,0
56622,100
56623,0
56624,100
56625,0
56626,100
56627,0
56628,100
56629,0
56630,100
56631,0
56632,100
56633,0
56634,100
56635,0
56636,100
56637,0
56638,100
56639,0
56640,100
56641,0
56642,100
56643,100
56644,100
56645,100
56646,100
56647,100
56648,100
56649,100
56650,100
56651,100
56652,100
56653,100
56654,100
56655,100
56656,0
56657,100
56658,0
56659,100
56660,0
56661,100
56662,0
56663,100
56664,0
56665,100
56666,0
56667,100
56668,0
56669,100
56670,0
56671,100
56672,0
56673,100
56674,0
56675,100
56676,0
56677,100
56678,100
56679,100
56680,100
56681,100
56682,100
56683,100
56684,100
56685,100
56686,100
56687,100
56688,100
56689,100
56690,100
56691,0
56692,100
56693,0
56694,100
56695,0
56696,100
56697,0
56698,100
56699,0
56700,100
56701,0
56702,100
56703,0
56704,100
56705,0
56706,100
56707,0
56708,100
56709,0
56710,100
56711,0
56712,100
56713,100
56714,100
56715,100
56716,100
56717,100
56718,100
56719,100
56720,100
56721,100
56722,100
56723,100
56724,100
56725,100
56726,0
56727,100
56728,0
56729,100
56730,0
56731,100
56732,0
56733,100
56734,0
56735,100
56736,0
56737,100
56738,0
56739,100
56740,0
56741,100
56742,0
56743,100
56744,0
56745,100
56746,0
56747,100
56748,100
56749,100
56750,100
56751,100
56752,100
56753,100
56754,100
56755,100
56756,100
56757,100
56758,100
56759,100
56760,100
56761,100
56762,100
56763,0
56764,100
56765,0
56766,100
56767,0
56768,100
56769,0
56770,100
56771,0
56772,100
56773,0
56774,100
56775,0
56776,100
56777,0
56778,100
56779,0
56780,100
56781,0
56782,100
56783,100
56784,100
56785,100
56786,100
56787,100
56788,100
56789,100
56790,100
56791,100
56792,100
56793,100
56794,100
56795,100
56796,100
56797,100
56798,0
56799,100
56800,0
56801,100
56802,0
56803,100
56804,0
56805,100
56806,0
56807,100
56808,0
56809,100
56810,0
56811,100
56812,0
56813,100
56814,0
56815,100
56816,0
56817,100
56818,100
56819,100
56820,100
56821,100
56822,100
56823,100
56824,100
56825,100
56826,100
56827,100
56828,100
56829,100
56830,100
56831,100
56832,100
56833,0
56834,100
56835,0
56836,100
56837,0
56838,100
56839,0
56840,100
56841,0
56842,100
56843,0
56844,100
56845,0
56846,100
56847,0
56848,100
56849,0
56850,100
56851,0
56852,100
56853,0
56854,100
56855,100
56856,100
56857,100
56858,100
56859,100
56860,100
56861,100
56862,100
56863,100
56864,100
56865,100
56866,100
56867,100
56868,0
56869,100
56870,0
56871,100
56872,0
56873,100
56874,0
56875,100
56876,0
56877,100
56878,0
56879,100
56880,0
56881,100
56882,0
56883,100
56884,0
56885,100
56886,0
56887,100
56888,0
56889,100
56890,100
56891,100
56892,100
56893,100
56894,100
56895,100
56896,100
56897,100
56898,100
56899,100
56900,100
56901,100
56902,100
56903,0
56904,100
56905,0
56906,100
56907,0
56908,100
56909,0
56910,100
56911,0
56912,100
56913,0
56914,100
56915,0
56916,100
56917,0
56918,100
56919,100
56920,100
56921,0
56922,100
56923,0
56924,100
56925,100
56926,100
56927,100
56928,100
56929,100
56930,100
56931,100
56932,100
56933,100
56934,100
56935,100
56936,100
56937,100
56938,0
56939,100
56940,0
56941,100
56942,0
56943,100
56944,0
56945,100
56946,0
56947,100
56948,0
56949,100
56950,0
56951,100
56952,0
56953,100
56954,100
56955,100
56956,100
56957,100
56958,0
56959,100
56960,100
56961,100
56962,100
56963,100
56964,100
56965,100
56966,100
56967,100
56968,100
56969,100
56970,100
56971,100
56972,100
56973,0
56974,100
56975,0
56976,100
56977,0
56978,100
56979,0
56980,100
56981,0
56982,100
56983,0
56984,100
56985,0
56986,100
56987,0
56988,100
56989,100
56990,100
56991,100
56992,100
56993,100
56994,100
56995,100
56996,100
56997,100
56998,100
56999,100
57000,100
57001,100
57002,100
57003,100
57004,100
57005,100
57006,100
57007,100
57008,100
57009,100
57010,0
57011,100
57012,0
57013,100
57014,0
57015,100
57016,0
57017,100
57018,0
57019,100
57020,0
57021,100
57022,0
57023,100
57024,0
57025,100
57026,100
57027,100
57028,100
57029,100
57030,100
57031,100
57032,100
57033,100
57034,100
57035,100
57036,100
57037,100
57038,100
57039,100
57040,100
57041,100
57042,100
57043,100
57044,100
57045,0
57046,100
57047,0
57048,100
57049,0
57050,100
57051,0
57052,100
57053,0
57054,100
57055,0
57056,100
57057,0
57058,100
57059,0
57060,100
57061,100
57062,100
57063,100
57064,100
57065,100
57066,100
57067,100
57068,100
57069,100
57070,100
57071,100
57072,100
57073,100
57074,100
57075,100
57076,100
57077,100
57078,100
57079,100
57080,0
57081,100
57082,0
57083,100
57084,0
57085,100
57086,0
57087,100
57088,0
57089,100
57090,0
57091,100
57092,0
57093,100
57094,0
57095,100
57096,100
57097,100
57098,100
57099,100
57100,100
57101,100
57102,100
57103,100
57104,100
57105,100
57106,100
57107,100
57108,100
57109,100
57110,100
57111,100
57112,100
57113,100
57114,100
57115,0
57116,100
57117,0
57118,100
57119,0
57120,100
57121,0
57122,100
57123,0
57124,100
57125,0
57126,100
57127,0
57128,100
57129,0
57130,100
57131,100
57132,100
57133,100
57134,100
57135,100
57136,100
57137,100
57138,100
57139,100
57140,100
57141,100
57142,100
57143,100
57144,100
57145,100
57146,100
57147,100
57148,100
57149,100
57150,0
57151,100
57152,0
57153,100
57154,0
57155,100
57156,0
57157,100
57158,0
57159,100
57160,0
57161,100
57162,0
57163,100
57164,0
57165,100
57166,100
57167,100
57168,100
57169,100
57170,100
57171,100
57172,100
57173,100
57174,100
57175,100
57176,100
57177,100
57178,100
57179,100
57180,100
57181,100
57182,100
57183,100
57184,100
57185,0
57186,100
57187,0
57188,100
57189,0
57190,100
57191,0
57192,100
57193,0
57194,100
57195,0
57196,100
57197,0
57198,100
57199,0
57200,100
57201,100
57202,100
57203,100
57204,100
57205,100
57206,100
57207,100
57208,100
57209,100
57210,100
57211,100
57212,100
57213,100
57214,100
57215,100
57216,100
57217,100
57218,100
57219,100
57220,0
57221,100
57222,0
57223,100
57224,0
57225,100
57226,0
57227,100
57228,0
57229,100
57230,0
57231,100
57232,0
57233,100
57234,0
57235,100
57236,100
57237,100
57238,100
57239,100
57240,100
57241,100
57242,100
57243,100
57244,100
57245,100
57246,100
57247,100
57248,100
57249,100
57250,100
57251,100
57252,100
57253,100
57254,100
57255,100
57256,100
57257,0
57258,100
57259,0
57260,100
57261,0
57262,100
57263,0
57264,100
57265,0
57266,100
57267,0
57268,100
57269,0
57270,100
57271,100
57272,100
57273,100
57274,100
57275,100
57276,100
57277,100
57278,100
57279,100
57280,100
57281,100
57282,100
57283,100
57284,100
57285,100
57286,100
57287,100
57288,100
57289,100
57290,100
57291,100
57292,0
57293,100
57294,0
57295,100
57296,0
57297,100
57298,0
57299,100
57300,0
57301,100
57302,0
57303,100
57304,0
57305,100
57306,0
57307,100
57308,100
57309,100
57310,100
57311,100
57312,100
57313,100
57314,100
57315,100
57316,100
57317,100
57318,100
57319,100
57320,100
57321,0
57322,100
57323,100
57324,100
57325,100
57326,100
57327,0
57328,100
57329,0
57330,100
57331,0
57332,100
57333,0
57334,100
57335,0
57336,100
57337,0
57338,100
57339,0
57340,100
57341,0
57342,100
57343,100
57344,100
57345,100
57346,100
57347,100
57348,100
57349,100
57350,100
57351,100
57352,100
57353,100
57354,100
57355,100
57356,0
57357,100
57358,100
57359,100
57360,100
57361,100
57362,0
57363,100
57364,0
57365,100
57366,0
57367,100
57368,0
57369,100
57370,0
57371,100
57372,0
57373,100
57374,0
57375,100
57376,0
57377,100
57378,100
57379,100
57380,100
57381,100
57382,100
57383,100
57384,100
57385,100
57386,100
57387,100
57388,100
57389,100
57390,100
57391,0
57392,100
57393,0
57394,100
57395,100
57396,100
57397,0
57398,100
57399,0
57400,100
57401,0
57402,100
57403,0
57404,100
57405,0
57406,100
57407,0
57408,100
57409,0
57410,100
57411,0
57412,100
57413,100
57414,100
57415,100
57416,100
57417,100
57418,100
57419,100
57420,100
57421,100
57422,100
57423,100
57424,100
57425,100
57426,0
57427,100
57428,0
57429,100
57430,0
57431,100
57432,0
57433,100
57434,0
57435,100
57436,0
57437,100
57438,0
57439,100
57440,0
57441,100
57442,0
57443,100
57444,0
57445,100
57446,0
57447,100
57448,100
57449,100
57450,100
57451,100
57452,100
57453,100
57454,100
57455,100
57456,100
57457,100
57458,100
57459,100
57460,100
57461,0
57462,100
57463,0
57464,100
57465,0
57466,100
57467,0
57468,100
57469,0
57470,100
57471,0
57472,100
57473,0
57474,100
57475,0
57476,100
57477,0
57478,100
57479,0
57480,100
57481,0
57482,100
57483,100
57484,100
57485,100
57486,100
57487,100
57488,100
57489,100
57490,100
57491,100
57492,100
57493,100
57494,100
57495,100
57496,100
57497,100
57498,0
57499,100
57500,0
57501,100
57502,0
57503,100
57504,0
57505,100
57506,0
57507,100
57508,0
57509,100
57510,0
57511,100
57512,0
57513,100
57514,0
57515,100
57516,0
57517,100
57518,100
57519,100
57520,100
57521,100
57522,100
57523,100
57524,100
57525,100
57526,100
57527,100
57528,100
57529,100
57530,100
57531,100
57532,100
57533,0
57534,100
57535,0
57536,100
57537,0
57538,100
57539,0
57540,100
57541,0
57542,100
57543,0
57544,100
57545,0
57546,100
57547,0
57548,100
57549,0
57550,100
57551,0
57552,100
57553,0
57554,100
57555,100
57556,100
57557,100
57558,100
57559,100
57560,100
57561,100
57562,100
57563,100
57564,100
57565,100
57566,100
57567,100
57568,0
57569,100
57570,0
57571,100
57572,0
57573,100
57574,0
57575,100
57576,0
57577,100
57578,0
57579,100
57580,0
57581,100
57582,0
57583,100
57584,0
57585,100
57586,0
57587,100
57588,0
57589,100
57590,100
57591,100
57592,100
57593,100
57594,100
57595,100
57596,100
57597,100
57598,100
57599,100
57600,100
57601,100
57602,100
57603,0
57604,100
57605,0
57606,100
57607,0
57608,100
57609,0
57610,100
57611,0
57612,100
57613,0
57614,100
57615,0
57616,100
57617,0
57618,100
57619,0
57620,100
57621,0
57622,100
57623,0
57624,100
57625,100
57626,100
57627,100
57628,100
57629,100
57630,100
57631,100
57632,100
57633,100
57634,100
57635,100
57636,100
57637,100
57638,0
57639,100
57640,0
57641,100
57642,0
57643,100
57644,0
57645,100
57646,0
57647,100
57648,0
57649,100
57650,0
57651,100
57652,0
57653,100
57654,0
57655,100
57656,0
57657,100
57658,0
57659,100
57660,100
57661,100
57662,100
57663,100
57664,100
57665,100
57666,100
57667,100
57668,100
57669,100
57670,100
57671,100
57672,100
57673,0
57674,100
57675,0
57676,100
57677,0
57678,100
57679,0
57680,100
57681,0
57682,100
57683,0
57684,100
57685,0
57686,100
57687,0
57688,100
57689,0
57690,100
57691,0
57692,100
57693,0
57694,100
57695,100
57696,100
57697,100
57698,100
57699,100
57700,100
57701,100
57702,100
57703,100
57704,100
57705,100
57706,100
57707,100
57708,100
57709,100
57710,0
57711,100
57712,0
57713,100
57714,0
57715,100
57716,0
57717,100
57718,0
57719,100
57720,0
57721,100
57722,0
57723,100
57724,0
57725,100
57726,0
57727,100
57728,0
57729,100
57730,100
57731,100
57732,100
57733,100
57734,100
57735,100
57736,100
57737,100
57738,100
57739,100
57740,100
57741,100
57742,100
57743,100
57744,100
57745,0
57746,100
57747,0
57748,100
57749,0
57750,100
57751,0
57752,100
57753,0
57754,100
57755,0
57756,100
57757,0
57758,100
57759,100
57760,100
57761,0
57762,100
57763,0
57764,100
57765,100
57766,100
57767,100
57768,100
57769,100
57770,100
57771,100
57772,100
57773,100
57774,100
57775,100
57776,100
57777,100
57778,100
57779,100
57780,0
57781,100
57782,0
57783,100
57784,0
57785,100
57786,0
57787,100
57788,0
57789,100
57790,0
57791,100
57792,0
57793,100
57794,0
57795,100
57796,100
57797,100
57798,0
57799,100
57800,0
57801,100
57802,100
57803,100
57804,100
57805,100
57806,100
57807,100
57808,100
57809,100
57810,100
57811,100
57812,100
57813,100
57814,100
57815,0
57816,100
57817,0
57818,100
57819,0
57820,100
57821,0
57822,100
57823,0
57824,100
57825,0
57826,100
57827,0
57828,100
57829,0
57830,100
57831,100
57832,100
57833,0
57834,100
57835,0
57836,100
57837,100
57838,100
57839,100
57840,100
57841,100
57842,100
57843,100
57844,100
57845,100
57846,100
57847,100
57848,100
57849,100
57850,0
57851,100
57852,0
57853,100
57854,0
57855,100
57856,0
57857,100
57858,0
57859,100
57860,0
57861,100
57862,0
57863,100
57864,0
57865,100
57866,100
57867,100
57868,100
57869,100
57870,0
57871,100
57872,100
57873,100
57874,100
57875,100
57876,100
57877,100
57878,100
57879,100
57880,100
57881,100
57882,100
57883,100
57884,100
57885,0
57886,100
57887,0
57888,100
57889,0
57890,100
57891,0
57892,100
57893,0
57894,100
57895,0
57896,100
57897,0
57898,100
57899,0
57900,100
57901,100
57902,100
57903,100
57904,100
57905,100
57906,100
57907,100
57908,100
57909,100
57910,100
57911,100
57912,100
57913,100
57914,100
57915,100
57916,100
57917,100
57918,100
57919,100
57920,0
57921,100
57922,0
57923,100
57924,0
57925,100
57926,0
57927,100
57928,0
57929,100
57930,0
57931,100
57932,0
57933,100
57934,0
57935,100
57936,100
57937,100
57938,100
57939,100
57940,100
57941,100
57942,100
57943,100
57944,100
57945,100
57946,100
57947,100
57948,100
57949,100
57950,100
57951,100
57952,100
57953,100
57954,100
57955,100
57956,100
57957,0
57958,100
57959,0
57960,100
57961,0
57962,100
57963,0
57964,100
57965,0
57966,100
57967,0
57968,100
57969,0
57970,100
57971,100
57972,100
57973,100
57974,100
57975,100
57976,100
57977,100
57978,100
57979,100
57980,100
57981,100
57982,100
57983,100
57984,100
57985,100
57986,100
57987,100
57988,100
57989,100
57990,0
57991,100
57992,0
57993,100
57994,0
57995,100
57996,0
57997,100
57998,0
57999,100
58000,0
58001,100
58002,0
58003,100
58004,0
58005,100
58006,100
58007,100
58008,100
58009,100
58010,100
58011,100
58012,100
58013,100
58014,100
58015,100
58016,100
58017,100
58018,100
58019,100
58020,100
58021,100
58022,100
58023,100
58024,100
58025,100
58026,100
58027,0
58028,100
58029,0
58030,100
58031,0
58032,100
58033,0
58034,100
58035,0
58036,100
58037,0
58038,100
58039,0
58040,100
58041,0
58042,100
58043,100
58044,100
58045,100
58046,100
58047,100
58048,100
58049,100
58050,100
58051,100
58052,100
58053,100
58054,100
58055,100
58056,100
58057,100
58058,100
58059,100
58060,100
58061,100
58062,0
58063,100
58064,0
58065,100
58066,0
58067,100
58068,0
58069,100
58070,0
58071,100
58072,0
58073,100
58074,0
58075,100
58076,0
58077,100
58078,100
58079,100
58080,100
58081,100
58082,100
58083,100
58084,100
58085,100
58086,100
58087,100
58088,100
58089,100
58090,100
58091,100
58092,100
58093,100
58094,100
58095,100
58096,100
58097,0
58098,100
58099,0
58100,100
58101,0
58102,100
58103,0
58104,100
58105,0
58106,100
58107,0
58108,100
58109,0
58110,100
58111,0
58112,100
58113,100
58114,100
58115,100
58116,100
58117,100
58118,100
58119,100
58120,100
58121,100
58122,100
58123,100
58124,100
58125,100
58126,100
58127,100
58128,100
58129,100
58130,100
58131,100
58132,0
58133,100
58134,0
58135,100
58136,0
58137,100
58138,0
58139,100
58140,0
58141,100
58142,0
58143,100
58144,0
58145,100
58146,0
58147,100
58148,100
58149,100
58150,100
58151,100
58152,100
58153,100
58154,100
58155,100
58156,100
58157,100
58158,100
58159,100
58160,100
58161,100
58162,100
58163,100
58164,100
58165,100
58166,100
58167,0
58168,100
58169,0
58170,100
58171,0
58172,100
58173,0
58174,100
58175,0
58176,100
58177,0
58178,100
58179,0
58180,100
58181,0
58182,100
58183,100
58184,100
58185,100
58186,100
58187,100
58188,100
58189,100
58190,100
58191,100
58192,100
58193,100
58194,100
58195,100
58196,0
58197,100
58198,100
58199,100
58200,100
58201,100
58202,0
58203,100
58204,0
58205,100
58206,0
58207,100
58208,0
58209,100
58210,0
58211,100
58212,0
58213,100
58214,0
58215,100
58216,0
58217,100
58218,100
58219,100
58220,100
58221,100
58222,100
58223,100
58224,100
58225,100
58226,100
58227,100
58228,100
58229,100
58230,100
58231,100
58232,100
58233,0
58234,100
58235,100
58236,100
58237,0
58238,100
58239,0
58240,100
58241,0
58242,100
58243,0
58244,100
58245,0
58246,100
58247,0
58248,100
58249,0
58250,100
58251,0
58252,100
58253,100
58254,100
58255,100
58256,100
58257,100
58258,100
58259,100
58260,100
58261,100
58262,100
58263,100
58264,100
58265,100
58266,100
58267,100
58268,0
58269,100
58270,0
58271,100
58272,100
58273,100
58274,0
58275,100
58276,0
58277,100
58278,0
58279,100
58280,0
58281,100
58282,0
58283,100
58284,0
58285,100
58286,0
58287,100
58288,0
58289,100
58290,100
58291,100
58292,100
58293,100
58294,100
58295,100
58296,100
58297,100
58298,100
58299,100
58300,100
58301,100
58302,100
58303,0
58304,100
58305,0
58306,100
58307,100
58308,100
58309,0
58310,100
58311,0
58312,100
58313,0
58314,100
58315,0
58316,100
58317,0
58318,100
58319,0
58320,100
58321,0
58322,100
58323,0
58324,100
58325,100
58326,100
58327,100
58328,100
58329,100
58330,100
58331,100
58332,100
58333,100
58334,100
58335,100
58336,100
58337,100
58338,0
58339,100
58340,0
58341,100
58342,0
58343,100
58344,0
58345,100
58346,0
58347,100
58348,0
58349,100
58350,0
58351,100
58352,0
58353,100
58354,0
58355,100
58356,0
58357,100
58358,0
58359,100
58360,100
58361,100
58362,100
58363,100
58364,100
58365,100
58366,100
58367,100
58368,100
58369,100
58370,100
58371,100
58372,100
58373,0
58374,100
58375,0
58376,100
58377,0
58378,100
58379,0
58380,100
58381,0
58382,100
58383,0
58384,100
58385,0
58386,100
58387,0
58388,100
58389,0
58390,100
58391,0
58392,100
58393,0
58394,100
58395,100
58396,100
58397,100
58398,100
58399,100
58400,100
58401,100
58402,100
58403,100
58404,100
58405,100
58406,100
58407,100
58408,0
58409,100
58410,0
58411,100
58412,0
58413,100
58414,0
58415,100
58416,0
58417,100
58418,0
58419,100
58420,0
58421,100
58422,0
58423,100
58424,0
58425,100
58426,0
58427,100
58428,0
58429,100
58430,100
58431,100
58432,100
58433,100
58434,100
58435,100
58436,100
58437,100
58438,100
58439,100
58440,100
58441,100
58442,100
58443,100
58444,100
58445,0
58446,100
58447,0
58448,100
58449,0
58450,100
58451,0
58452,100
58453,0
58454,100
58455,0
58456,100
58457,0
58458,100
58459,0
58460,100
58461,0
58462,100
58463,0
58464,100
58465,100
58466,100
58467,100
58468,100
58469,100
58470,100
58471,100
58472,100
58473,100
58474,100
58475,100
58476,100
58477,100
58478,0
58479,100
58480,0
58481,100
58482,0
58483,100
58484,0
58485,100
58486,0
58487,100
58488,0
58489,100
58490,0
58491,100
58492,0
58493,100
58494,0
58495,100
58496,0
58497,100
58498,0
58499,100
58500,100
58501,100
58502,100
58503,100
58504,100
58505,100
58506,100
58507,100
58508,100
58509,100
58510,100
58511,100
58512,100
58513,100
58514,100
58515,0
58516,100
58517,0
58518,100
58519,0
58520,100
58521,0
58522,100
58523,0
58524,100
58525,0
58526,100
58527,0
58528,100
58529,0
58530,100
58531,0
58532,100
58533,0
58534,100
58535,100
58536,100
58537,100
58538,100
58539,100
58540,100
58541,100
58542,100
58543,100
58544,100
58545,100
58546,100
58547,100
58548,100
58549,100
58550,0
58551,100
58552,0
58553,100
58554,0
58555,100
58556,0
58557,100
58558,0
58559,100
58560,0
58561,100
58562,0
58563,100
58564,0
58565,100
58566,0
58567,100
58568,0
58569,100
58570,0
58571,100
58572,100
58573,100
58574,100
58575,100
58576,100
58577,100
58578,100
58579,100
58580,100
58581,100
58582,100
58583,100
58584,100
58585,0
58586,100
58587,0
58588,100
58589,0
58590,100
58591,0
58592,100
58593,0
58594,100
58595,0
58596,100
58597,0
58598,100
58599,0
58600,100
58601,0
58602,100
58603,0
58604,100
58605,0
58606,100
58607,100
58608,100
58609,100
58610,100
58611,100
58612,100
58613,100
58614,100
58615,100
58616,100
58617,100
58618,100
58619,100
58620,0
58621,100
58622,0
58623,100
58624,0
58625,100
58626,0
58627,100
58628,0
58629,100
58630,0
58631,100
58632,0
58633,100
58634,0
58635,100
58636,0
58637,100
58638,0
58639,100
58640,0
58641,100
58642,100
58643,100
58644,100
58645,100
58646,100
58647,100
58648,100
58649,100
58650,100
58651,100
58652,100
58653,100
58654,100
58655,0
58656,100
58657,0
58658,100
58659,0
58660,100
58661,0
58662,100
58663,0
58664,100
58665,0
58666,100
58667,0
58668,100
58669,0
58670,100
58671,100
58672,100
58673,0
58674,100
58675,0
58676,100
58677,100
58678,100
58679,100
58680,100
58681,100
58682,100
58683,100
58684,100
58685,100
58686,100
58687,100
58688,100
58689,100
58690,0
58691,100
58692,0
58693,100
58694,0
58695,100
58696,0
58697,100
58698,0
58699,100
58700,0
58701,100
58702,0
58703,100
58704,0
58705,100
58706,100
58707,100
58708,100
58709,100
58710,0
58711,100
58712,100
58713,100
58714,100
58715,100
58716,100
58717,100
58718,100
58719,100
58720,100
58721,100
58722,100
58723,100
58724,100
58725,0
58726,100
58727,0
58728,100
58729,0
58730,100
58731,0
58732,100
58733,0
58734,100
58735,0
58736,100
58737,0
58738,100
58739,0
58740,100
58741,0
58742,100
58743,100
58744,100
58745,100
58746,100
58747,100
58748,100
58749,100
58750,100
58751,100
58752,100
58753,100
58754,100
58755,100
58756,100
58757,100
58758,100
58759,100
58760,100
58761,100
58762,0
58763,100
58764,0
58765,100
58766,0
58767,100
58768,0
58769,100
58770,0
58771,100
58772,0
58773,100
58774,0
58775,100
58776,0
58777,100
58778,100
58779,100
58780,100
58781,100
58782,0
58783,100
58784,100
58785,100
58786,100
58787,100
58788,100
58789,100
58790,100
58791,100
58792,100
58793,100
58794,100
58795,100
58796,100
58797,0
58798,100
58799,0
58800,100
58801,0
58802,100
58803,0
58804,100
58805,0
58806,100
58807,0
58808,100
58809,0
58810,100
58811,0
58812,100
58813,100
58814,100
58815,100
58816,100
58817,100
58818,100
58819,100
58820,100
58821,100
58822,100
58823,100
58824,100
58825,100
58826,100
58827,100
58828,100
58829,100
58830,100
58831,100
58832,0
58833,100
58834,0
58835,100
58836,0
58837,100
58838,0
58839,100
58840,0
58841,100
58842,0
58843,100
58844,0
58845,100
58846,0
58847,100
58848,100
58849,100
58850,100
58851,100
58852,100
58853,100
58854,100
58855,100
58856,100
58857,100
58858,100
58859,100
58860,100
58861,100
58862,100
58863,100
58864,100
58865,100
58866,100
58867,0
58868,100
58869,0
58870,100
58871,0
58872,100
58873,0
58874,100
58875,0
58876,100
58877,0
58878,100
58879,0
58880,100
58881,0
58882,100
58883,100
58884,100
58885,100
58886,100
58887,100
58888,100
58889,100
58890,100
58891,100
58892,100
58893,100
58894,100
58895,100
58896,100
58897,100
58898,100
58899,100
58900,100
58901,100
58902,0
58903,100
58904,0
58905,100
58906,0
58907,100
58908,0
58909,100
58910,0
58911,100
58912,0
58913,100
58914,0
58915,100
58916,0
58917,100
58918,100
58919,100
58920,100
58921,100
58922,100
58923,100
58924,100
58925,100
58926,100
58927,100
58928,100
58929,100
58930,100
58931,100
58932,100
58933,100
58934,100
58935,100
58936,100
58937,0
58938,100
58939,0
58940,100
58941,0
58942,100
58943,0
58944,100
58945,0
58946,100
58947,0
58948,100
58949,0
58950,100
58951,0
58952,100
58953,100
58954,100
58955,100
58956,100
58957,100
58958,100
58959,100
58960,100
58961,100
58962,100
58963,100
58964,100
58965,100
58966,100
58967,100
58968,100
58969,100
58970,100
58971,100
58972,100
58973,100
58974,0
58975,100
58976,0
58977,100
58978,0
58979,100
58980,0
58981,100
58982,0
58983,100
58984,0
58985,100
58986,0
58987,100
58988,0
58989,100
58990,100
58991,100
58992,100
58993,100
58994,100
58995,100
58996,100
58997,100
58998,100
58999,100
59000,100
59001,100
59002,100
59003,100
59004,100
59005,100
59006,100
59007,100
59008,100
59009,0
59010,100
59011,0
59012,100
59013,0
59014,100
59015,0
59016,100
59017,0
59018,100
59019,0
59020,100
59021,0
59022,100
59023,100
59024,100
59025,100
59026,100
59027,100
59028,100
59029,100
59030,100
59031,100
59032,100
59033,100
59034,100
59035,100
59036,100
59037,100
59038,100
59039,100
59040,100
59041,100
59042,100
59043,100
59044,0
59045,100
59046,0
59047,100
59048,0
59049,100
59050,0
59051,100
59052,0
59053,100
59054,0
59055,100
59056,0
59057,100
59058,0
59059,100
59060,100
59061,100
59062,100
59063,100
59064,100
59065,100
59066,100
59067,100
59068,100
59069,100
59070,100
59071,100
59072,100
59073,0
59074,100
59075,100
59076,100
59077,100
59078,100
59079,0
59080,100
59081,0
59082,100
59083,0
59084,100
59085,0
59086,100
59087,0
59088,100
59089,0
59090,100
59091,0
59092,100
59093,0
59094,100
59095,100
59096,100
59097,100
59098,100
59099,100
59100,100
59101,100
59102,100
59103,100
59104,100
59105,100
59106,100
59107,100
59108,0
59109,100
59110,100
59111,100
59112,100
59113,100
59114,0
59115,100
59116,0
59117,100
59118,0
59119,100
59120,0
59121,100
59122,0
59123,100
59124,0
59125,100
59126,0
59127,100
59128,0
59129,100
59130,100
59131,100
59132,100
59133,100
59134,100
59135,100
59136,100
59137,100
59138,100
59139,100
59140,100
59141,100
59142,100
59143,0
59144,100
59145,0
59146,100
59147,100
59148,100
59149,0
59150,100
59151,0
59152,100
59153,0
59154,100
59155,0
59156,100
59157,0
59158,100
59159,0
59160,100
59161,0
59162,100
59163,0
59164,100
59165,100
59166,100
59167,100
59168,100
59169,100
59170,100
59171,100
59172,100
59173,100
59174,100
59175,100
59176,100
59177,100
59178,0
59179,100
59180,0
59181,100
59182,0
59183,100
59184,0
59185,100
59186,0
59187,100
59188,0
59189,100
59190,0
59191,100
59192,0
59193,100
59194,0
59195,100
59196,0
59197,100
59198,0
59199,100
59200,100
59201,100
59202,100
59203,100
59204,100
59205,100
59206,100
59207,100
59208,100
59209,100
59210,100
59211,100
59212,100
59213,100
59214,100
59215,0
59216,100
59217,0
59218,100
59219,0
59220,100
59221,0
59222,100
59223,0
59224,100
59225,0
59226,100
59227,0
59228,100
59229,0
59230,100
59231,0
59232,100
59233,0
59234,100
59235,100
59236,100
59237,100
59238,100
59239,100
59240,100
59241,100
59242,100
59243,100
59244,100
59245,100
59246,100
59247,100
59248,100
59249,100
59250,0
59251,100
59252,0
59253,100
59254,0
59255,100
59256,0
59257,100
59258,0
59259,100
59260,0
59261,100
59262,0
59263,100
59264,0
59265,100
59266,0
59267,100
59268,0
59269,100
59270,100
59271,100
59272,100
59273,100
59274,100
59275,100
59276,100
59277,100
59278,100
59279,100
59280,100
59281,100
59282,100
59283,100
59284,100
59285,0
59286,100
59287,0
59288,100
59289,0
59290,100
59291,0
59292,100
59293,0
59294,100
59295,0
59296,100
59297,0
59298,100
59299,0
59300,100
59301,0
59302,100
59303,0
59304,100
59305,0
59306,100
59307,100
59308,100
59309,100
59310,100
59311,100
59312,100
59313,100
59314,100
59315,100
59316,100
59317,100
59318,100
59319,100
59320,0
59321,100
59322,0
59323,100
59324,0
59325,100
59326,0
59327,100
59328,0
59329,100
59330,0
59331,100
59332,0
59333,100
59334,0
59335,100
59336,0
59337,100
59338,0
59339,100
59340,0
59341,100
59342,100
59343,100
59344,100
59345,100
59346,100
59347,100
59348,100
59349,100
59350,100
59351,100
59352,100
59353,100
59354,100
59355,0
59356,100
59357,0
59358,100
59359,0
59360,100
59361,0
59362,100
59363,0
59364,100
59365,0
59366,100
59367,0
59368,100
59369,0
59370,100
59371,0
59372,100
59373,0
59374,100
59375,0
59376,100
59377,100
59378,100
59379,100
59380,100
59381,100
59382,100
59383,100
59384,100
59385,100
59386,100
59387,100
59388,100
59389,100
59390,0
59391,100
59392,0
59393,100
59394,0
59395,100
59396,0
59397,100
59398,0
59399,100
59400,0
59401,100
59402,0
59403,100
59404,0
59405,100
59406,0
59407,100
59408,0
59409,100
59410,0
59411,100
59412,100
59413,100
59414,100
59415,100
59416,100
59417,100
59418,100
59419,100
59420,100
59421,100
59422,100
59423,100
59424,100
59425,0
59426,100
59427,0
59428,100
59429,0
59430,100
59431,0
59432,100
59433,0
59434,100
59435,0
59436,100
59437,0
59438,100
59439,0
59440,100
59441,0
59442,100
59443,0
59444,100
59445,0
59446,100
59447,100
59448,100
59449,100
59450,100
59451,100
59452,100
59453,100
59454,100
59455,100
59456,100
59457,100
59458,100
59459,100
59460,100
59461,100
59462,0
59463,100
59464,0
59465,100
59466,0
59467,100
59468,0
59469,100
59470,0
59471,100
59472,0
59473,100
59474,0
59475,100
59476,0
59477,100
59478,0
59479,100
59480,0
59481,100
59482,100
59483,100
59484,100
59485,100
59486,100
59487,100
59488,100
59489,100
59490,100
59491,100
59492,100
59493,100
59494,100
59495,100
59496,100
59497,0
59498,100
59499,0
59500,100
59501,0
59502,100
59503,0
59504,100
59505,0
59506,100
59507,0
59508,100
59509,0
59510,100
59511,100
59512,100
59513,0
59514,100
59515,0
59516,100
59517,0
59518,100
59519,100
59520,100
59521,100
59522,100
59523,100
59524,100
59525,100
59526,100
59527,100
59528,100
59529,100
59530,100
59531,100
59532,0
59533,100
59534,0
59535,100
59536,0
59537,100
59538,0
59539,100
59540,0
59541,100
59542,0
59543,100
59544,0
59545,100
59546,0
59547,100
59548,100
59549,100
59550,0
59551,100
59552,0
59553,100
59554,100
59555,100
59556,100
59557,100
59558,100
59559,100
59560,100
59561,100
59562,100
59563,100
59564,100
59565,100
59566,100
59567,0
59568,100
59569,0
59570,100
59571,0
59572,100
59573,0
59574,100
59575,0
59576,100
59577,0
59578,100
59579,0
59580,100
59581,0
59582,100
59583,100
59584,100
59585,100
59586,100
59587,0
59588,100
59589,100
59590,100
59591,100
59592,100
59593,100
59594,100
59595,100
59596,100
59597,100
59598,100
59599,100
59600,100
59601,100
59602,0
59603,100
59604,0
59605,100
59606,0
59607,100
59608,0
59609,100
59610,0
59611,100
59612,0
59613,100
59614,0
59615,100
59616,0
59617,100
59618,100
59619,100
59620,100
59621,100
59622,0
59623,100
59624,100
59625,100
59626,100
59627,100
59628,100
59629,100
59630,100
59631,100
59632,100
59633,100
59634,100
59635,100
59636,100
59637,0
59638,100
59639,0
59640,100
59641,0
59642,100
59643,0
59644,100
59645,0
59646,100
59647,0
59648,100
59649,0
59650,100
59651,0
59652,100
59653,100
59654,100
59655,100
59656,100
59657,100
59658,100
59659,100
59660,100
59661,100
59662,100
59663,100
59664,100
59665,100
59666,100
59667,100
59668,100
59669,100
59670,100
59671,100
59672,0
59673,100
59674,0
59675,100
59676,0
59677,100
59678,0
59679,100
59680,0
59681,100
59682,0
59683,100
59684,0
59685,100
59686,0
59687,100
59688,100
59689,100
59690,100
59691,100
59692,100
59693,100
59694,100
59695,100
59696,100
59697,100
59698,100
59699,100
59700,100
59701,100
59702,100
59703,100
59704,100
59705,100
59706,100
59707,100
59708,100
59709,0
59710,100
59711,0
59712,100
59713,0
59714,100
59715,0
59716,100
59717,0
59718,100
59719,0
59720,100
59721,0
59722,100
59723,100
59724,100
59725,100
59726,100
59727,100
59728,100
59729,100
59730,100
59731,100
59732,100
59733,100
59734,100
59735,100
59736,100
59737,100
59738,100
59739,100
59740,100
59741,100
59742,100
59743,100
59744,0
59745,100
59746,0
59747,100
59748,0
59749,100
59750,0
59751,100
59752,0
59753,100
59754,0
59755,100
59756,0
59757,100
59758,100
59759,100
59760,100
59761,100
59762,100
59763,100
59764,100
59765,100
59766,100
59767,100
59768,100
59769,100
59770,100
59771,100
59772,100
59773,100
59774,100
59775,100
59776,100
59777,100
59778,100
59779,0
59780,100
59781,0
59782,100
59783,0
59784,100
59785,0
59786,100
59787,0
59788,100
59789,0
59790,100
59791,0
59792,100
59793,0
59794,100
59795,100
59796,100
59797,100
59798,100
59799,100
59800,100
59801,100
59802,100
59803,100
59804,100
59805,100
59806,100
59807,100
59808,100
59809,100
59810,100
59811,100
59812,100
59813,100
59814,0
59815,100
59816,0
59817,100
59818,0
59819,100
59820,0
59821,100
59822,0
59823,100
59824,0
59825,100
59826,0
59827,100
59828,0
59829,100
59830,100
59831,100
59832,100
59833,100
59834,100
59835,100
59836,100
59837,100
59838,100
59839,100
59840,100
59841,100
59842,100
59843,100
59844,100
59845,100
59846,100
59847,100
59848,100
59849,0
59850,100
59851,0
59852,100
59853,0
59854,100
59855,0
59856,100
59857,0
59858,100
59859,0
59860,100
59861,0
59862,100
59863,0
59864,100
59865,100
59866,100
59867,100
59868,100
59869,100
59870,100
59871,100
59872,100
59873,100
59874,100
59875,100
59876,100
59877,100
59878,100
59879,100
59880,100
59881,100
59882,100
59883,100
59884,0
59885,100
59886,0
59887,100
59888,0
59889,100
59890,0
59891,100
59892,0
59893,100
59894,0
59895,100
59896,0
59897,100
59898,0
59899,100
59900,100
59901,100
59902,100
59903,100
59904,100
59905,100
59906,100
59907,100
59908,100
59909,100
59910,100
59911,100
59912,100
59913,0
59914,100
59915,100
59916,100
59917,100
59918,100
59919,0
59920,100
59921,0
59922,100
59923,0
59924,100
59925,0
59926,100
59927,0
59928,100
59929,0
59930,100
59931,0
59932,100
59933,0
59934,100
59935,100
59936,100
59937,100
59938,100
59939,100
59940,100
59941,100
59942,100
59943,100
59944,100
59945,100
59946,100
59947,100
59948,100
59949,100
59950,100
59951,100
59952,100
59953,100
59954,0
59955,100
59956,0
59957,100
59958,0
59959,100
59960,0
59961,100
59962,0
59963,100
59964,0
59965,100
59966,0
59967,100
59968,0
59969,100
59970,100
59971,100
59972,100
59973,100
59974,100
59975,100
59976,100
59977,100
59978,100
59979,100
59980,100
59981,100
59982,100
59983,100
59984,100
59985,0
59986,100
59987,100
59988,100
59989,100
59990,100
59991,0
59992,100
59993,0
59994,100
59995,0
59996,100
59997,0
59998,100
59999,0
60000,100
60001,0
60002,100
60003,0
60004,100
60005,0
60006,100
60007,100
60008,100
60009,100
60010,100
60011,100
60012,100
60013,100
60014,100
60015,100
60016,100
60017,100
60018,100
60019,100
60020,0
60021,100
60022,0
60023,100
60024,100
60025,100
60026,0
60027,100
60028,0
60029,100
60030,0
60031,100
60032,0
60033,100
60034,0
60035,100
60036,0
60037,100
60038,0
60039,100
60040,0
60041,100
60042,100
60043,100
60044,100
60045,100
60046,100
60047,100
60048,100
60049,100
60050,100
60051,100
60052,100
60053,100
60054,100
60055,0
60056,100
60057,0
60058,100
60059,0
60060,100
60061,0
60062,100
60063,0
60064,100
60065,0
60066,100
60067,0
60068,100
60069,0
60070,100
60071,0
60072,100
60073,0
60074,100
60075,0
60076,100
60077,100
60078,100
60079,100
60080,100
60081,100
60082,100
60083,100
60084,100
60085,100
60086,100
60087,100
60088,100
60089,100
60090,0
60091,100
60092,0
60093,100
60094,0
60095,100
60096,0
60097,100
60098,0
60099,100
60100,0
60101,100
60102,0
60103,100
60104,0
60105,100
60106,0
60107,100
60108,0
60109,100
60110,0
60111,100
60112,100
60113,100
60114,100
60115,100
60116,100
60117,100
60118,100
60119,100
60120,100
60121,100
60122,100
60123,100
60124,100
60125,0
60126,100
60127,0
60128,100
60129,0
60130,100
60131,0
60132,100
60133,0
60134,100
60135,0
60136,100
60137,0
60138,100
60139,0
60140,100
60141,0
60142,100
60143,0
60144,100
60145,0
60146,100
60147,100
60148,100
60149,100
60150,100
60151,100
60152,100
60153,100
60154,100
60155,100
60156,100
60157,100
60158,100
60159,100
60160,0
60161,100
60162,0
60163,100
60164,0
60165,100
60166,0
60167,100
60168,0
60169,100
60170,0
60171,100
60172,0
60173,100
60174,0
60175,100
60176,0
60177,100
60178,0
60179,100
60180,0
60181,100
60182,100
60183,100
60184,100
60185,100
60186,100
60187,100
60188,100
60189,100
60190,100
60191,100
60192,100
60193,100
60194,100
60195,100
60196,100
60197,0
60198,100
60199,0
60200,100
60201,0
60202,100
60203,0
60204,100
60205,0
60206,100
60207,0
60208,100
60209,0
60210,100
60211,0
60212,100
60213,0
60214,100
60215,0
60216,100
60217,100
60218,100
60219,100
60220,100
60221,100
60222,100
60223,100
60224,100
60225,100
60226,100
60227,100
60228,100
60229,100
60230,100
60231,100
60232,0
60233,100
60234,0
60235,100
60236,0
60237,100
60238,0
60239,100
60240,0
60241,100
60242,0
60243,100
60244,0
60245,100
60246,0
60247,100
60248,0
60249,100
60250,0
60251,100
60252,0
60253,100
60254,100
60255,100
60256,100
60257,100
60258,100
60259,100
60260,100
60261,100
60262,100
60263,100
60264,100
60265,100
60266,100
60267,0
60268,100
60269,0
60270,100
60271,0
60272,100
60273,0
60274,100
60275,0
60276,100
60277,0
60278,100
60279,0
60280,100
60281,0
60282,100
60283,0
60284,100
60285,0
60286,100
60287,0
60288,100
60289,100
60290,100
60291,100
60292,100
60293,100
60294,100
60295,100
60296,100
60297,100
60298,100
60299,100
60300,100
60301,100
60302,0
60303,100
60304,0
60305,100
60306,0
60307,100
60308,0
60309,100
60310,0
60311,100
60312,0
60313,100
60314,0
60315,100
60316,0
60317,100
60318,0
60319,100
60320,0
60321,100
60322,0
60323,100
60324,100
60325,100
60326,100
60327,100
60328,100
60329,100
60330,100
60331,100
60332,100
60333,100
60334,100
60335,100
60336,100
60337,0
60338,100
60339,0
60340,100
60341,0
60342,100
60343,0
60344,100
60345,0
60346,100
60347,0
60348,100
60349,0
60350,100
60351,0
60352,100
60353,0
60354,100
60355,0
60356,100
60357,0
60358,100
60359,100
60360,100
60361,100
60362,100
60363,100
60364,100
60365,100
60366,100
60367,100
60368,100
60369,100
60370,100
60371,100
60372,0
60373,100
60374,0
60375,100
60376,0
60377,100
60378,0
60379,100
60380,0
60381,100
60382,0
60383,100
60384,0
60385,100
60386,0
60387,100
60388,100
60389,100
60390,0
60391,100
60392,0
60393,100
60394,100
60395,100
60396,100
60397,100
60398,100
60399,100
60400,100
60401,100
60402,100
60403,400
60404,100
60405,100
60406,0
60407,200
60408,100
60409,100
60410,0
60411,100
60412,100
60413,0
60414,100
60415,200
60416,100
60417,100
60418,100
60419,100
60420,100
60421,100
60422,100
60423,100
60424,100
60425,0
60426,100
60427,100
60428,0
60429,100
60430,100
60431,100
60432,100
60433,100
60434,100
60435,100
60436,0
60437,100
60438,100
60439,100
60440,100
60441,100
60442,100
60443,0
60444,100
60445,100
60446,0
60447,100
60448,100
60449,0
60450,100
60451,100
60452,0
60453,100
60454,100
60455,100
60456,100
60457,100
60458,100
60459,100
60460,0
60461,100
60462,100
60463,100
60464,100
60465,100
60466,100
60467,100
60468,100
60469,100
60470,100
60471,100
60472,100
60473,100
60474,0
60475,100
60476,0
60477,100
60478,0
60479,100
60480,0
60481,100
60482,0
60483,100
60484,0
60485,100
60486,0
60487,100
60488,0
60489,100
60490,0
60491,100
60492,0
60493,100
60494,0
60495,100
60496,100
60497,100
60498,100
60499,100
60500,100
60501,100
60502,100
60503,100
60504,100
60505,100
60506,100
60507,100
60508,100
60509,0
60510,100
60511,0
60512,100
60513,0
60514,100
60515,0
60516,100
60517,0
60518,100
60519,0
60520,100
60521,0
60522,100
60523,0
60524,100
60525,0
60526,100
60527,0
60528,100
60529,0
60530,100
60531,100
60532,100
60533,100
60534,100
60535,100
60536,100
60537,100
60538,100
60539,100
60540,100
60541,100
60542,100
60543,100
60544,0
60545,100
60546,0
60547,100
60548,0
60549,100
60550,0
60551,100
60552,0
60553,100
60554,0
60555,100
60556,0
60557,100
60558,0
60559,100
60560,0
60561,100
60562,0
60563,100
60564,0
60565,100
60566,100
60567,100
60568,100
60569,100
60570,100
60571,100
60572,100
60573,100
60574,100
60575,100
60576,100
60577,100
60578,100
60579,0
60580,100
60581,0
60582,100
60583,0
60584,100
60585,0
60586,100
60587,0
60588,100
60589,0
60590,100
60591,0
60592,100
60593,0
60594,100
60595,0
60596,100
60597,0
60598,100
60599,0
60600,100
60601,100
60602,100
60603,100
60604,100
60605,100
60606,100
60607,100
60608,100
60609,100
60610,100
60611,100
60612,100
60613,100
60614,0
60615,100
60616,0
60617,100
60618,0
60619,100
60620,0
60621,100
60622,0
60623,100
60624,0
60625,100
60626,0
60627,100
60628,0
60629,100
60630,0
60631,100
60632,0
60633,100
60634,0
60635,100
60636,100
60637,100
60638,100
60639,100
60640,100
60641,100
60642,100
60643,100
60644,100
60645,100
60646,100
60647,100
60648,100
60649,100
60650,100
60651,0
60652,100
60653,0
60654,100
60655,0
60656,100
60657,0
60658,100
60659,0
60660,100
60661,0
60662,100
60663,0
60664,100
60665,100
60666,100
60667,100
60668,100
60669,0
60670,100
60671,0
60672,100
60673,100
60674,100
60675,100
60676,100
60677,100
60678,100
60679,100
60680,100
60681,100
60682,100
60683,100
60684,100
60685,100
60686,0
60687,100
60688,0
60689,100
60690,0
60691,100
60692,0
60693,100
60694,0
60695,100
60696,0
60697,100
60698,0
60699,100
60700,0
60701,100
60702,100
60703,100
60704,0
60705,100
60706,0
60707,100
60708,100
60709,100
60710,100
60711,100
60712,100
60713,100
60714,100
60715,100
60716,100
60717,100
60718,100
60719,100
60720,100
60721,0
60722,100
60723,0
60724,100
60725,0
60726,100
60727,0
60728,100
60729,0
60730,100
60731,0
60732,100
60733,0
60734,100
60735,0
60736,100
60737,100
60738,100
60739,100
60740,100
60741,0
60742,100
60743,100
60744,100
60745,100
60746,100
60747,100
60748,100
60749,100
60750,100
60751,100
60752,100
60753,100
60754,100
60755,100
60756,0
60757,100
60758,0
60759,100
60760,0
60761,100
60762,0
60763,100
60764,0
60765,100
60766,0
60767,100
60768,0
60769,100
60770,0
60771,100
60772,100
60773,100
60774,100
60775,100
60776,100
60777,100
60778,100
60779,100
60780,100
60781,100
60782,100
60783,100
60784,100
60785,100
60786,100
60787,100
60788,100
60789,100
60790,100
60791,0
60792,100
60793,0
60794,100
60795,0
60796,100
60797,0
60798,100
60799,0
60800,100
60801,0
60802,100
60803,0
60804,100
60805,0
60806,100
60807,100
60808,100
60809,100
60810,100
60811,100
60812,100
60813,100
60814,100
60815,100
60816,100
60817,100
60818,100
60819,100
60820,100
60821,100
60822,100
60823,100
60824,100
60825,100
60826,0
60827,100
60828,0
60829,100
60830,0
60831,100
60832,0
60833,100
60834,0
60835,100
60836,0
60837,100
60838,0
60839,100
60840,0
60841,100
60842,100
60843,100
60844,100
60845,100
60846,100
60847,100
60848,100
60849,100
60850,100
60851,100
60852,100
60853,100
60854,100
60855,100
60856,100
60857,100
60858,100
60859,100
60860,100
60861,100
60862,100
60863,0
60864,100
60865,0
60866,100
60867,0
60868,100
60869,0
60870,100
60871,0
60872,100
60873,0
60874,100
60875,0
60876,100
60877,100
60878,100
60879,100
60880,100
60881,100
60882,100
60883,100
60884,100
60885,100
60886,100
60887,100
60888,100
60889,100
60890,100
60891,100
60892,100
60893,100
60894,100
60895,100
60896,100
60897,100
60898,0
60899,100
60900,0
60901,100
60902,0
60903,100
60904,0
60905,100
60906,0
60907,100
60908,0
60909,100
60910,0
60911,100
60912,100
60913,100
60914,100
60915,100
60916,100
60917,100
60918,100
60919,100
60920,100
60921,100
60922,100
60923,100
60924,100
60925,100
60926,100
60927,100
60928,100
60929,100
60930,100
60931,100
60932,100
60933,0
60934,100
60935,0
60936,100
60937,0
60938,100
60939,0
60940,100
60941,0
60942,100
60943,0
60944,100
60945,0
60946,100
60947,0
60948,100
60949,100
60950,100
60951,100
60952,100
60953,100
60954,100
60955,100
60956,100
60957,100
60958,100
60959,100
60960,100
60961,100
60962,100
60963,100
60964,100
60965,100
60966,100
60967,100
60968,0
60969,100
60970,0
60971,100
60972,0
60973,100
60974,0
60975,100
60976,0
60977,100
60978,0
60979,100
60980,0
60981,100
60982,0
60983,100
60984,100
60985,100
60986,100
60987,100
60988,100
60989,100
60990,100
60991,100
60992,100
60993,100
60994,100
60995,100
60996,100
60997,100
60998,100
60999,100
61000,100
61001,100
61002,100
61003,0
61004,100
61005,0
61006,100
61007,0
61008,100
61009,0
61010,100
61011,0
61012,100
61013,0
61014,100
61015,0
61016,100
61017,0
61018,100
61019,100
61020,100
61021,100
61022,100
61023,100
61024,100
61025,100
61026,100
61027,100
61028,100
61029,100
61030,100
61031,100
61032,100
61033,100
61034,100
61035,100
61036,100
61037,100
61038,0
61039,100
61040,0
61041,100
61042,0
61043,100
61044,0
61045,100
61046,0
61047,100
61048,0
61049,100
61050,0
61051,100
61052,0
61053,100
61054,100
61055,100
61056,100
61057,100
61058,100
61059,100
61060,100
61061,100
61062,100
61063,100
61064,100
61065,100
61066,100
61067,0
61068,100
61069,100
61070,100
61071,100
61072,100
61073,0
61074,100
61075,0
61076,100
61077,0
61078,100
61079,0
61080,100
61081,0
61082,100
61083,0
61084,100
61085,0
61086,100
61087,0
61088,100
61089,100
61090,100
61091,100
61092,100
61093,100
61094,100
61095,100
61096,100
61097,100
61098,100
61099,100
61100,100
61101,100
61102,100
61103,100
61104,0
61105,100
61106,100
61107,100
61108,0
61109,100
61110,0
61111,100
61112,0
61113,100
61114,0
61115,100
61116,0
61117,100
61118,0
61119,100
61120,0
61121,100
61122,0
61123,100
61124,100
61125,100
61126,100
61127,100
61128,100
61129,100
61130,100
61131,100
61132,100
61133,100
61134,100
61135,100
61136,100
61137,100
61138,100
61139,0
61140,100
61141,0
61142,100
61143,100
61144,100
61145,0
61146,100
61147,0
61148,100
61149,0
61150,100
61151,0
61152,100
61153,0
61154,100
61155,0
61156,100
61157,0
61158,100
61159,100
61160,100
61161,100
61162,100
61163,100
61164,100
61165,100
61166,100
61167,100
61168,100
61169,100
61170,100
61171,100
61172,100
61173,100
61174,0
61175,100
61176,0
61177,100
61178,100
61179,100
61180,0
61181,100
61182,0
61183,100
61184,0
61185,100
61186,0
61187,100
61188,0
61189,100
61190,0
61191,100
61192,0
61193,100
61194,0
61195,100
61196,100
61197,100
61198,100
61199,100
61200,100
61201,100
61202,100
61203,100
61204,100
61205,100
61206,100
61207,100
61208,100
61209,0
61210,100
61211,0
61212,100
61213,0
61214,100
61215,0
61216,100
61217,0
61218,100
61219,0
61220,100
61221,0
61222,100
61223,0
61224,100
61225,0
61226,100
61227,0
61228,100
61229,0
61230,100
61231,100
61232,100
61233,100
61234,100
61235,100
61236,100
61237,100
61238,100
61239,100
61240,100
61241,100
61242,100
61243,100
61244,0
61245,100
61246,0
61247,100
61248,0
61249,100
61250,0
61251,100
61252,0
61253,100
61254,0
61255,100
61256,0
61257,100
61258,0
61259,100
61260,0
61261,100
61262,0
61263,100
61264,0
61265,100
61266,100
61267,100
61268,100
61269,100
61270,100
61271,100
61272,100
61273,100
61274,100
61275,100
61276,100
61277,100
61278,100
61279,0
61280,100
61281,0
61282,100
61283,0
61284,100
61285,0
61286,100
61287,0
61288,100
61289,0
61290,100
61291,0
61292,100
61293,0
61294,100
61295,0
61296,100
61297,0
61298,100
61299,0
61300,100
61301,100
61302,100
61303,100
61304,100
61305,100
61306,100
61307,100
61308,100
61309,100
61310,100
61311,100
61312,100
61313,100
61314,0
61315,100
61316,0
61317,100
61318,0
61319,100
61320,0
61321,100
61322,0
61323,100
61324,0
61325,100
61326,0
61327,100
61328,0
61329,100
61330,0
61331,100
61332,0
61333,100
61334,0
61335,100
61336,100
61337,100
61338,100
61339,100
61340,100
61341,100
61342,100
61343,100
61344,100
61345,100
61346,100
61347,100
61348,100
61349,100
61350,100
61351,0
61352,100
61353,0
61354,100
61355,0
61356,100
61357,0
61358,100
61359,0
61360,100
61361,0
61362,100
61363,0
61364,100
61365,0
61366,100
61367,0
61368,100
61369,0
61370,100
61371,100
61372,100
61373,100
61374,100
61375,100
61376,100
61377,100
61378,100
61379,100
61380,100
61381,100
61382,100
61383,100
61384,0
61385,100
61386,0
61387,100
61388,0
61389,100
61390,0
61391,100
61392,0
61393,100
61394,0
61395,100
61396,0
61397,100
61398,0
61399,100
61400,0
61401,100
61402,0
61403,100
61404,0
61405,100
61406,0
61407,100
61408,100
61409,100
61410,100
61411,100
61412,100
61413,100
61414,100
61415,100
61416,100
61417,100
61418,100
61419,100
61420,100
61421,100
61422,100
61423,100
61424,100
61425,0
61426,100
61427,0
61428,100
61429,0
61430,100
61431,0
61432,100
61433,0
61434,100
61435,0
61436,100
61437,0
61438,100
61439,0
61440,100
61441,0
61442,100
61443,0
61444,100
61445,0
61446,100
61447,100
61448,100
61449,100
61450,100
61451,100
61452,100
61453,100
61454,100
61455,100
61456,100
61457,100
61458,100
61459,100
61460,100
61461,100
61462,0
61463,100
61464,0
61465,100
61466,0
61467,100
61468,0
61469,100
61470,0
61471,100
61472,0
61473,100
61474,0
61475,100
61476,0
61477,100
61478,0
61479,100
61480,0
61481,100
61482,100
61483,100
61484,100
61485,100
61486,100
61487,100
61488,100
61489,100
61490,100
61491,100
61492,100
61493,100
61494,100
61495,100
61496,100
61497,0
61498,100
61499,0
61500,100
61501,0
61502,100
61503,0
61504,100
61505,0
61506,100
61507,0
61508,100
61509,0
61510,100
61511,0
61512,100
61513,0
61514,100
61515,0
61516,100
61517,0
61518,100
61519,100
61520,100
61521,100
61522,100
61523,100
61524,100
61525,100
61526,100
61527,100
61528,100
61529,100
61530,100
61531,100
61532,0
61533,100
61534,0
61535,100
61536,0
61537,100
61538,0
61539,100
61540,0
61541,100
61542,0
61543,100
61544,0
61545,100
61546,0
61547,100
61548,0
61549,100
61550,0
61551,100
61552,0
61553,100
61554,100
61555,100
61556,100
61557,100
61558,100
61559,100
61560,100
61561,100
61562,100
61563,100
61564,100
61565,100
61566,100
61567,0
61568,100
61569,0
61570,100
61571,0
61572,100
61573,0
61574,100
61575,0
61576,100
61577,0
61578,100
61579,0
61580,100
61581,0
61582,100
61583,0
61584,100
61585,0
61586,100
61587,0
61588,100
61589,100
61590,100
61591,100
61592,100
61593,100
61594,100
61595,100
61596,100
61597,100
61598,100
61599,100
61600,100
61601,100
61602,0
61603,100
61604,0
61605,100
61606,0
61607,100
61608,0
61609,100
61610,0
61611,100
61612,0
61613,100
61614,0
61615,100
61616,0
61617,100
61618,0
61619,100
61620,0
61621,100
61622,0
61623,100
61624,100
61625,100
61626,100
61627,100
61628,100
61629,100
61630,100
61631,100
61632,100
61633,100
61634,100
61635,100
61636,100
61637,0
61638,100
61639,0
61640,100
61641,0
61642,100
61643,0
61644,100
61645,0
61646,100
61647,0
61648,100
61649,0
61650,100
61651,0
61652,100
61653,0
61654,100
61655,0
61656,100
61657,0
61658,100
61659,100
61660,100
61661,100
61662,100
61663,100
61664,100
61665,100
61666,100
61667,100
61668,100
61669,100
61670,100
61671,100
61672,0
61673,100
61674,0
61675,100
61676,0
61677,100
61678,0
61679,100
61680,0
61681,100
61682,0
61683,100
61684,0
61685,100
61686,0
61687,100
61688,100
61689,100
61690,0
61691,100
61692,0
61693,100
61694,100
61695,100
61696,100
61697,100
61698,100
61699,100
61700,100
61701,100
61702,100
61703,100
61704,100
61705,100
61706,100
61707,100
61708,100
61709,0
61710,100
61711,0
61712,100
61713,0
61714,100
61715,0
61716,100
61717,0
61718,100
61719,0
61720,100
61721,0
61722,100
61723,100
61724,100
61725,100
61726,100
61727,0
61728,100
61729,100
61730,100
61731,100
61732,100
61733,100
61734,100
61735,100
61736,100
61737,100
61738,100
61739,100
61740,100
61741,100
61742,100
61743,100
61744,0
61745,100
61746,0
61747,100
61748,0
61749,100
61750,0
61751,100
61752,0
61753,100
61754,0
61755,100
61756,0
61757,100
61758,0
61759,100
61760,100
61761,100
61762,100
61763,100
61764,0
61765,100
61766,100
61767,100
61768,100
61769,100
61770,100
61771,100
61772,100
61773,100
61774,100
61775,100
61776,100
61777,100
61778,100
61779,0
61780,100
61781,0
61782,100
61783,0
61784,100
61785,0
61786,100
61787,0
61788,100
61789,0
61790,100
61791,0
61792,100
61793,0
61794,100
61795,100
61796,100
61797,100
61798,100
61799,0
61800,100
61801,100
61802,100
61803,100
61804,100
61805,100
61806,100
61807,100
61808,100
61809,100
61810,100
61811,100
61812,100
61813,100
61814,0
61815,100
61816,0
61817,100
61818,0
61819,100
61820,0
61821,100
61822,0
61823,100
61824,0
61825,100
61826,0
61827,100
61828,0
61829,100
61830,100
61831,100
61832,100
61833,100
61834,100
61835,100
61836,100
61837,100
61838,100
61839,100
61840,100
61841,100
61842,100
61843,100
61844,100
61845,100
61846,100
61847,100
61848,100
61849,0
61850,100
61851,0
61852,100
61853,0
61854,100
61855,0
61856,100
61857,0
61858,100
61859,0
61860,100
61861,0
61862,100
61863,0
61864,100
61865,100
61866,100
61867,100
61868,100
61869,100
61870,100
61871,100
61872,100
61873,100
61874,100
61875,100
61876,100
61877,100
61878,100
61879,100
61880,100
61881,100
61882,100
61883,100
61884,0
61885,100
61886,0
61887,100
61888,0
61889,100
61890,0
61891,100
61892,0
61893,100
61894,0
61895,100
61896,0
61897,100
61898,0
61899,100
61900,100
61901,100
61902,100
61903,100
61904,100
61905,100
61906,100
61907,100
61908,100
61909,100
61910,100
61911,100
61912,100
61913,100
61914,100
61915,100
61916,100
61917,100
61918,100
61919,100
61920,100
61921,0
61922,100
61923,0
61924,100
61925,0
61926,100
61927,0
61928,100
61929,0
61930,100
61931,0
61932,100
61933,0
61934,100
61935,100
61936,100
61937,100
61938,100
61939,100
61940,100
61941,100
61942,100
61943,100
61944,100
61945,100
61946,100
61947,100
61948,100
61949,100
61950,100
61951,100
61952,100
61953,100
61954,0
61955,100
61956,0
61957,100
61958,0
61959,100
61960,0
61961,100
61962,0
61963,100
61964,0
61965,100
61966,0
61967,100
61968,0
61969,100
61970,100
61971,100
61972,100
61973,100
61974,100
61975,100
61976,100
61977,100
61978,100
61979,100
61980,100
61981,100
61982,100
61983,100
61984,100
61985,100
61986,100
61987,100
61988,100
61989,100
61990,100
61991,0
61992,100
61993,0
61994,100
61995,0
61996,100
61997,0
61998,100
61999,0
62000,100
62001,0
62002,100
62003,0
62004,100
62005,0
62006,100
62007,100
62008,100
62009,100
62010,100
62011,100
62012,100
62013,100
62014,100
62015,100
62016,100
62017,100
62018,100
62019,100
62020,100
62021,100
62022,100
62023,100
62024,100
62025,100
62026,0
62027,100
62028,0
62029,100
62030,0
62031,100
62032,0
62033,100
62034,0
62035,100
62036,0
62037,100
62038,0
62039,100
62040,0
62041,100
62042,100
62043,100
62044,100
62045,100
62046,100
62047,100
62048,100
62049,100
62050,100
62051,100
62052,100
62053,100
62054,100
62055,100
62056,100
62057,100
62058,100
62059,100
62060,100
62061,0
62062,100
62063,0
62064,100
62065,0
62066,100
62067,0
62068,100
62069,0
62070,100
62071,0
62072,100
62073,0
62074,100
62075,0
62076,100
62077,100
62078,100
62079,100
62080,100
62081,100
62082,100
62083,100
62084,100
62085,100
62086,100
62087,100
62088,100
62089,100
62090,0
62091,100
62092,100
62093,100
62094,100
62095,100
62096,0
62097,100
62098,0
62099,100
62100,0
62101,100
62102,0
62103,100
62104,0
62105,100
62106,0
62107,100
62108,0
62109,100
62110,0
62111,100
62112,100
62113,100
62114,100
62115,100
62116,100
62117,100
62118,100
62119,100
62120,100
62121,100
62122,100
62123,100
62124,100
62125,0
62126,100
62127,100
62128,100
62129,100
62130,100
62131,0
62132,100
62133,0
62134,100
62135,0
62136,100
62137,0
62138,100
62139,0
62140,100
62141,0
62142,100
62143,0
62144,100
62145,0
62146,100
62147,100
62148,100
62149,100
62150,100
62151,100
62152,100
62153,100
62154,100
62155,100
62156,100
62157,100
62158,100
62159,100
62160,0
62161,100
62162,0
62163,100
62164,100
62165,100
62166,0
62167,100
62168,0
62169,100
62170,0
62171,100
62172,0
62173,100
62174,0
62175,100
62176,0
62177,100
62178,0
62179,100
62180,0
62181,100
62182,100
62183,100
62184,100
62185,100
62186,100
62187,100
62188,100
62189,100
62190,100
62191,100
62192,100
62193,100
62194,100
62195,100
62196,100
62197,0
62198,100
62199,0
62200,100
62201,0
62202,100
62203,0
62204,100
62205,0
62206,100
62207,0
62208,100
62209,0
62210,100
62211,0
62212,100
62213,0
62214,100
62215,0
62216,100
62217,0
62218,100
62219,100
62220,100
62221,100
62222,100
62223,100
62224,100
62225,100
62226,100
62227,100
62228,100
62229,100
62230,100
62231,100
62232,0
62233,100
62234,0
62235,100
62236,0
62237,100
62238,0
62239,100
62240,0
62241,100
62242,0
62243,100
62244,0
62245,100
62246,0
62247,100
62248,0
62249,100
62250,0
62251,100
62252,0
62253,100
62254,100
62255,100
62256,100
62257,100
62258,100
62259,100
62260,100
62261,100
62262,100
62263,100
62264,100
62265,100
62266,100
62267,0
62268,100
62269,0
62270,100
62271,0
62272,100
62273,0
62274,100
62275,0
62276,100
62277,0
62278,100
62279,0
62280,100
62281,0
62282,100
62283,0
62284,100
62285,0
62286,100
62287,0
62288,100
62289,100
62290,100
62291,100
62292,100
62293,100
62294,100
62295,100
62296,100
62297,100
62298,100
62299,100
62300,100
62301,100
62302,0
62303,100
62304,0
62305,100
62306,0
62307,100
62308,0
62309,100
62310,0
62311,100
62312,0
62313,100
62314,0
62315,100
62316,0
62317,100
62318,0
62319,100
62320,0
62321,100
62322,0
62323,100
62324,100
62325,100
62326,100
62327,100
62328,100
62329,100
62330,100
62331,100
62332,100
62333,100
62334,100
62335,100
62336,100
62337,0
62338,100
62339,0
62340,100
62341,0
62342,100
62343,0
62344,100
62345,0
62346,100
62347,0
62348,100
62349,0
62350,100
62351,0
62352,100
62353,0
62354,100
62355,0
62356,100
62357,0
62358,100
62359,100
62360,100
62361,100
62362,100
62363,100
62364,100
62365,100
62366,100
62367,100
62368,100
62369,100
62370,100
62371,100
62372,0
62373,100
62374,0
62375,100
62376,0
62377,100
62378,0
62379,100
62380,0
62381,100
62382,0
62383,100
62384,0
62385,100
62386,0
62387,100
62388,0
62389,100
62390,0
62391,100
62392,0
62393,100
62394,100
62395,100
62396,100
62397,100
62398,100
62399,100
62400,100
62401,100
62402,100
62403,100
62404,100
62405,100
62406,100
62407,100
62408,100
62409,0
62410,100
62411,0
62412,100
62413,0
62414,100
62415,0
62416,100
62417,0
62418,100
62419,0
62420,100
62421,0
62422,100
62423,0
62424,100
62425,0
62426,100
62427,0
62428,100
62429,100
62430,100
62431,100
62432,100
62433,100
62434,100
62435,100
62436,100
62437,100
62438,100
62439,100
62440,100
62441,100
62442,100
62443,100
62444,0
62445,100
62446,0
62447,100
62448,0
62449,100
62450,0
62451,100
62452,0
62453,100
62454,0
62455,100
62456,0
62457,100
62458,0
62459,100
62460,0
62461,100
62462,0
62463,100
62464,0
62465,100
62466,100
62467,100
62468,100
62469,100
62470,100
62471,100
62472,100
62473,100
62474,100
62475,100
62476,100
62477,100
62478,100
62479,0
62480,100
62481,0
62482,100
62483,0
62484,100
62485,0
62486,100
62487,0
62488,100
62489,0
62490,100
62491,0
62492,100
62493,0
62494,100
62495,0
62496,100
62497,0
62498,100
62499,100
62500,100
62501,100
62502,100
62503,100
62504,100
62505,100
62506,100
62507,100
62508,100
62509,100
62510,100
62511,100
62512,100
62513,100
62514,0
62515,100
62516,0
62517,100
62518,0
62519,100
62520,0
62521,100
62522,0
62523,100
62524,0
62525,100
62526,0
62527,100
62528,0
62529,100
62530,0
62531,100
62532,0
62533,100
62534,0
62535,100
62536,100
62537,100
62538,100
62539,100
62540,100
62541,100
62542,100
62543,100
62544,100
62545,100
62546,100
62547,100
62548,100
62549,0
62550,100
62551,0
62552,100
62553,0
62554,100
62555,0
62556,100
62557,0
62558,100
62559,0
62560,100
62561,0
62562,100
62563,0
62564,100
62565,100
62566,100
62567,0
62568,100
62569,0
62570,100
62571,100
62572,100
62573,100
62574,100
62575,100
62576,100
62577,100
62578,100
62579,100
62580,100
62581,100
62582,100
62583,100
62584,0
62585,100
62586,0
62587,100
62588,0
62589,100
62590,0
62591,100
62592,0
62593,100
62594,0
62595,100
62596,0
62597,100
62598,0
62599,100
62600,100
62601,100
62602,100
62603,100
62604,0
62605,100
62606,100
62607,100
62608,100
62609,100
62610,100
62611,100
62612,100
62613,100
62614,100
62615,100
62616,100
62617,100
62618,100
62619,0
62620,100
62621,0
62622,100
62623,0
62624,100
62625,0
62626,100
62627,0
62628,100
62629,0
62630,100
62631,0
62632,100
62633,0
62634,100
62635,100
62636,100
62637,100
62638,100
62639,0
62640,100
62641,100
62642,100
62643,100
62644,100
62645,100
62646,100
62647,100
62648,100
62649,100
62650,100
62651,100
62652,100
62653,100
62654,0
62655,100
62656,0
62657,100
62658,0
62659,100
62660,0
62661,100
62662,0
62663,100
62664,0
62665,100
62666,0
62667,100
62668,0
62669,100
62670,100
62671,100
62672,100
62673,100
62674,100
62675,100
62676,100
62677,100
62678,100
62679,100
62680,100
62681,100
62682,100
62683,100
62684,100
62685,100
62686,100
62687,100
62688,100
62689,100
62690,100
62691,0
62692,100
62693,0
62694,100
62695,0
62696,100
62697,0
62698,100
62699,0
62700,100
62701,0
62702,100
62703,0
62704,100
62705,100
62706,100
62707,100
62708,100
62709,100
62710,100
62711,100
62712,100
62713,100
62714,100
62715,100
62716,100
62717,100
62718,100
62719,100
62720,100
62721,100
62722,100
62723,100
62724,100
62725,100
62726,0
62727,100
62728,0
62729,100
62730,0
62731,100
62732,0
62733,100
62734,0
62735,100
62736,0
62737,100
62738,0
62739,100
62740,0
62741,100
62742,100
62743,100
62744,100
62745,100
62746,100
62747,100
62748,100
62749,100
62750,100
62751,100
62752,100
62753,100
62754,100
62755,100
62756,100
62757,100
62758,100
62759,100
62760,100
62761,0
62762,100
62763,0
62764,100
62765,0
62766,100
62767,0
62768,100
62769,0
62770,100
62771,0
62772,100
62773,0
62774,100
62775,0
62776,100
62777,100
62778,100
62779,100
62780,100
62781,100
62782,100
62783,100
62784,100
62785,100
62786,100
62787,100
62788,100
62789,100
62790,100
62791,100
62792,100
62793,100
62794,100
62795,100
62796,0
62797,100
62798,0
62799,100
62800,0
62801,100
62802,0
62803,100
62804,0
62805,100
62806,0
62807,100
62808,0
62809,100
62810,0
62811,100
62812,100
62813,100
62814,100
62815,100
62816,100
62817,100
62818,100
62819,100
62820,100
62821,100
62822,100
62823,100
62824,100
62825,100
62826,100
62827,100
62828,100
62829,100
62830,100
62831,0
62832,100
62833,0
62834,100
62835,0
62836,100
62837,0
62838,100
62839,0
62840,100
62841,0
62842,100
62843,0
62844,100
62845,0
62846,100
62847,100
62848,100
62849,100
62850,100
62851,100
62852,100
62853,100
62854,100
62855,100
62856,100
62857,100
62858,100
62859,100
62860,100
62861,100
62862,100
62863,100
62864,100
62865,100
62866,0
62867,100
62868,0
62869,100
62870,0
62871,100
62872,0
62873,100
62874,0
62875,100
62876,0
62877,100
62878,0
62879,100
62880,0
62881,100
62882,100
62883,100
62884,100
62885,100
62886,100
62887,100
62888,100
62889,100
62890,100
62891,100
62892,100
62893,100
62894,100
62895,100
62896,100
62897,100
62898,100
62899,100
62900,100
62901,0
62902,100
62903,0
62904,100
62905,0
62906,100
62907,0
62908,100
62909,0
62910,100
62911,0
62912,100
62913,0
62914,100
62915,0
62916,100
62917,100
62918,100
62919,100
62920,100
62921,100
62922,100
62923,100
62924,100
62925,100
62926,100
62927,100
62928,100
62929,100
62930,0
62931,100
62932,100
62933,100
62934,100
62935,100
62936,100
62937,100
62938,0
62939,100
62940,0
62941,100
62942,0
62943,100
62944,0
62945,100
62946,0
62947,100
62948,0
62949,100
62950,0
62951,100
62952,0
62953,100
62954,100
62955,100
62956,100
62957,100
62958,100
62959,100
62960,100
62961,100
62962,100
62963,100
62964,100
62965,100
62966,100
62967,100
62968,100
62969,100
62970,100
62971,100
62972,100
62973,0
62974,100
62975,0
62976,100
62977,0
62978,100
62979,0
62980,100
62981,0
62982,100
62983,0
62984,100
62985,0
62986,100
62987,100
62988,100
62989,100
62990,100
62991,100
62992,100
62993,100
62994,100
62995,100
62996,100
62997,100
62998,100
62999,100
63000,100
63001,100
63002,0
63003,100
63004,100
63005,100
63006,100
63007,100
63008,0
63009,100
63010,0
63011,100
63012,0
63013,100
63014,0
63015,100
63016,0
63017,100
63018,0
63019,100
63020,0
63021,100
63022,0
63023,100
63024,100
63025,100
63026,100
63027,100
63028,100
63029,100
63030,100
63031,100
63032,100
63033,100
63034,100
63035,100
63036,100
63037,0
63038,100
63039,0
63040,100
63041,100
63042,100
63043,0
63044,100
63045,0
63046,100
63047,0
63048,100
63049,0
63050,100
63051,0
63052,100
63053,0
63054,100
63055,0
63056,100
63057,0
63058,100
63059,100
63060,100
63061,100
63062,100
63063,100
63064,100
63065,100
63066,100
63067,100
63068,100
63069,100
63070,100
63071,100
63072,0
63073,100
63074,0
63075,100
63076,0
63077,100
63078,0
63079,100
63080,0
63081,100
63082,0
63083,100
63084,0
63085,100
63086,0
63087,100
63088,0
63089,100
63090,0
63091,100
63092,0
63093,100
63094,100
63095,100
63096,100
63097,100
63098,100
63099,100
63100,100
63101,100
63102,100
63103,100
63104,100
63105,100
63106,100
63107,0
63108,100
63109,0
63110,100
63111,0
63112,100
63113,0
63114,100
63115,0
63116,100
63117,0
63118,100
63119,0
63120,100
63121,0
63122,100
63123,0
63124,100
63125,0
63126,100
63127,0
63128,100
63129,100
63130,100
63131,100
63132,100
63133,100
63134,100
63135,100
63136,100
63137,100
63138,100
63139,100
63140,100
63141,100
63142,0
63143,100
63144,0
63145,100
63146,0
63147,100
63148,0
63149,100
63150,0
63151,100
63152,0
63153,100
63154,0
63155,100
63156,0
63157,100
63158,0
63159,100
63160,0
63161,100
63162,0
63163,100
63164,100
63165,100
63166,100
63167,100
63168,100
63169,100
63170,100
63171,100
63172,100
63173,100
63174,100
63175,100
63176,100
63177,100
63178,100
63179,0
63180,100
63181,0
63182,100
63183,0
63184,100
63185,0
63186,100
63187,0
63188,100
63189,0
63190,100
63191,0
63192,100
63193,0
63194,100
63195,0
63196,100
63197,0
63198,100
63199,100
63200,100
63201,100
63202,100
63203,100
63204,100
63205,100
63206,100
63207,100
63208,100
63209,100
63210,100
63211,100
63212,100
63213,100
63214,0
63215,100
63216,0
63217,100
63218,0
63219,100
63220,0
63221,100
63222,0
63223,100
63224,0
63225,100
63226,0
63227,100
63228,0
63229,100
63230,0
63231,100
63232,0
63233,100
63234,100
63235,100
63236,100
63237,100
63238,100
63239,100
63240,100
63241,100
63242,100
63243,100
63244,100
63245,100
63246,100
63247,100
63248,100
63249,0
63250,100
63251,0
63252,100
63253,0
63254,100
63255,0
63256,100
63257,0
63258,100
63259,0
63260,100
63261,0
63262,100
63263,0
63264,100
63265,0
63266,100
63267,0
63268,100
63269,0
63270,100
63271,100
63272,100
63273,100
63274,100
63275,100
63276,100
63277,100
63278,100
63279,100
63280,100
63281,100
63282,100
63283,100
63284,0
63285,100
63286,0
63287,100
63288,0
63289,100
63290,0
63291,100
63292,0
63293,100
63294,0
63295,100
63296,0
63297,100
63298,0
63299,100
63300,0
63301,100
63302,0
63303,100
63304,0
63305,100
63306,100
63307,100
63308,100
63309,100
63310,100
63311,100
63312,100
63313,100
63314,100
63315,100
63316,100
63317,100
63318,100
63319,0
63320,100
63321,0
63322,100
63323,0
63324,100
63325,0
63326,100
63327,0
63328,100
63329,0
63330,100
63331,0
63332,100
63333,0
63334,100
63335,0
63336,100
63337,0
63338,100
63339,0
63340,100
63341,100
63342,100
63343,100
63344,100
63345,100
63346,100
63347,100
63348,100
63349,100
63350,100
63351,100
63352,100
63353,100
63354,0
63355,100
63356,0
63357,100
63358,0
63359,100
63360,0
63361,100
63362,0
63363,100
63364,0
63365,100
63366,0
63367,100
63368,0
63369,100
63370,0
63371,100
63372,0
63373,100
63374,0
63375,100
63376,100
63377,100
63378,100
63379,100
63380,100
63381,100
63382,100
63383,100
63384,100
63385,100
63386,100
63387,100
63388,100
63389,0
63390,100
63391,0
63392,100
63393,0
63394,100
63395,0
63396,100
63397,0
63398,100
63399,0
63400,100
63401,0
63402,100
63403,0
63404,100
63405,100
63406,100
63407,0
63408,100
63409,0
63410,100
63411,100
63412,100
63413,100
63414,100
63415,100
63416,100
63417,100
63418,100
63419,100
63420,100
63421,100
63422,100
63423,100
63424,100
63425,100
63426,0
63427,100
63428,0
63429,100
63430,0
63431,100
63432,0
63433,100
63434,0
63435,100
63436,0
63437,100
63438,0
63439,100
63440,0
63441,100
63442,0
63443,100
63444,0
63445,100
63446,100
63447,100
63448,100
63449,100
63450,100
63451,100
63452,100
63453,100
63454,100
63455,100
63456,100
63457,100
63458,100
63459,100
63460,100
63461,0
63462,100
63463,0
63464,100
63465,0
63466,100
63467,0
63468,100
63469,0
63470,100
63471,0
63472,100
63473,0
63474,100
63475,0
63476,100
63477,100
63478,100
63479,0
63480,100
63481,0
63482,100
63483,100
63484,100
63485,100
63486,100
63487,100
63488,100
63489,100
63490,100
63491,100
63492,100
63493,100
63494,100
63495,100
63496,0
63497,100
63498,0
63499,100
63500,0
63501,100
63502,0
63503,100
63504,0
63505,100
63506,0
63507,100
63508,0
63509,100
63510,0
63511,100
63512,100
63513,100
63514,100
63515,100
63516,0
63517,100
63518,100
63519,100
63520,100
63521,100
63522,100
63523,100
63524,100
63525,100
63526,100
63527,100
63528,100
63529,100
63530,100
63531,0
63532,100
63533,0
63534,100
63535,0
63536,100
63537,0
63538,100
63539,0
63540,100
63541,0
63542,100
63543,0
63544,100
63545,0
63546,100
63547,100
63548,100
63549,100
63550,100
63551,100
63552,100
63553,100
63554,100
63555,100
63556,100
63557,100
63558,100
63559,100
63560,100
63561,100
63562,100
63563,100
63564,100
63565,100
63566,0
63567,100
63568,0
63569,100
63570,0
63571,100
63572,0
63573,100
63574,0
63575,100
63576,0
63577,100
63578,0
63579,100
63580,0
63581,100
63582,100
63583,100
63584,100
63585,100
63586,100
63587,100
63588,100
63589,100
63590,100
63591,100
63592,100
63593,100
63594,100
63595,100
63596,100
63597,100
63598,100
63599,100
63600,100
63601,0
63602,100
63603,0
63604,100
63605,0
63606,100
63607,0
63608,100
63609,0
63610,100
63611,0
63612,100
63613,0
63614,100
63615,0
63616,100
63617,100
63618,100
63619,100
63620,100
63621,100
63622,100
63623,100
63624,100
63625,100
63626,100
63627,100
63628,100
63629,100
63630,100
63631,100
63632,100
63633,100
63634,100
63635,100
63636,0
63637,100
63638,0
63639,100
63640,0
63641,100
63642,0
63643,100
63644,0
63645,100
63646,0
63647,100
63648,0
63649,100
63650,0
63651,100
63652,100
63653,100
63654,100
63655,100
63656,100
63657,100
63658,100
63659,100
63660,100
63661,100
63662,100
63663,100
63664,100
63665,100
63666,100
63667,100
63668,100
63669,100
63670,100
63671,100
63672,100
63673,0
63674,100
63675,0
63676,100
63677,0
63678,100
63679,0
63680,100
63681,0
63682,100
63683,0
63684,100
63685,0
63686,100
63687,100
63688,100
63689,100
63690,100
63691,100
63692,100
63693,100
63694,100
63695,100
63696,100
63697,100
63698,100
63699,100
63700,100
63701,100
63702,100
63703,100
63704,100
63705,100
63706,100
63707,100
63708,0
63709,100
63710,0
63711,100
63712,0
63713,100
63714,0
63715,100
63716,0
63717,100
63718,0
63719,100
63720,0
63721,100
63722,0
63723,100
63724,100
63725,100
63726,100
63727,100
63728,100
63729,100
63730,100
63731,100
63732,100
63733,100
63734,100
63735,100
63736,100
63737,100
63738,100
63739,100
63740,100
63741,100
63742,100
63743,0
63744,100
63745,0
63746,100
63747,0
63748,100
63749,0
63750,100
63751,0
63752,100
63753,0
63754,100
63755,0
63756,100
63757,0
63758,100
63759,100
63760,100
63761,100
63762,100
63763,100
63764,100
63765,100
63766,100
63767,100
63768,100
63769,100
63770,100
63771,100
63772,100
63773,100
63774,100
63775,100
63776,100
63777,100
63778,0
63779,100
63780,0
63781,100
63782,0
63783,100
63784,0
63785,100
63786,0
63787,100
63788,0
63789,100
63790,0
63791,100
63792,0
63793,100
63794,100
63795,100
63796,100
63797,100
63798,100
63799,100
63800,100
63801,100
63802,100
63803,100
63804,100
63805,100
63806,100
63807,100
63808,100
63809,100
63810,100
63811,100
63812,100
63813,0
63814,100
63815,0
63816,100
63817,0
63818,100
63819,0
63820,100
63821,0
63822,100
63823,0
63824,100
63825,0
63826,100
63827,0
63828,100
63829,100
63830,100
63831,100
63832,100
63833,100
63834,100
63835,100
63836,100
63837,100
63838,100
63839,100
63840,100
63841,100
63842,0
63843,100
63844,100
63845,100
63846,100
63847,100
63848,0
63849,100
63850,0
63851,100
63852,0
63853,100
63854,0
63855,100
63856,0
63857,100
63858,0
63859,100
63860,0
63861,100
63862,0
63863,100
63864,100
63865,100
63866,100
63867,100
63868,100
63869,100
63870,100
63871,100
63872,100
63873,100
63874,100
63875,100
63876,100
63877,0
63878,100
63879,0
63880,100
63881,100
63882,100
63883,0
63884,100
63885,0
63886,100
63887,0
63888,100
63889,0
63890,100
63891,0
63892,100
63893,0
63894,100
63895,0
63896,100
63897,0
63898,100
63899,100
63900,100
63901,100
63902,100
63903,100
63904,100
63905,100
63906,100
63907,100
63908,100
63909,100
63910,100
63911,100
63912,100
63913,100
63914,0
63915,100
63916,100
63917,100
63918,0
63919,100
63920,0
63921,100
63922,0
63923,100
63924,0
63925,100
63926,0
63927,100
63928,0
63929,100
63930,0
63931,100
63932,0
63933,100
63934,100
63935,100
63936,100
63937,100
63938,100
63939,100
63940,100
63941,100
63942,100
63943,100
63944,100
63945,100
63946,100
63947,100
63948,100
63949,0
63950,100
63951,0
63952,100
63953,100
63954,100
63955,0
63956,100
63957,0
63958,100
63959,0
63960,100
63961,0
63962,100
63963,0
63964,100
63965,0
63966,100
63967,0
63968,100
63969,0
63970,100
63971,100
63972,100
63973,100
63974,100
63975,100
63976,100
63977,100
63978,100
63979,100
63980,100
63981,100
63982,100
63983,100
63984,0
63985,100
63986,0
63987,100
63988,0
63989,100
63990,0
63991,100
63992,0
63993,100
63994,0
63995,100
63996,0
63997,100
63998,0
63999,100
64000,0
64001,100
64002,0
64003,100
64004,0
64005,100
64006,100
64007,100
64008,100
64009,100
64010,100
64011,100
64012,100
64013,100
64014,100
64015,100
64016,100
64017,100
64018,100
64019,0
64020,100
64021,0
64022,100
64023,0
64024,100
64025,0
64026,100
64027,0
64028,100
64029,0
64030,100
64031,0
64032,100
64033,0
64034,100
64035,0
64036,100
64037,0
64038,100
64039,0
64040,100
64041,100
64042,100
64043,100
64044,100
64045,100
64046,100
64047,100
64048,100
64049,100
64050,100
64051,100
64052,100
64053,100
64054,0
64055,100
64056,0
64057,100
64058,0
64059,100
64060,0
64061,100
64062,0
64063,100
64064,0
64065,100
64066,0
64067,100
64068,0
64069,100
64070,0
64071,100
64072,0
64073,100
64074,0
64075,100
64076,100
64077,100
64078,100
64079,100
64080,100
64081,100
64082,100
64083,100
64084,100
64085,100
64086,100
64087,100
64088,100
64089,0
64090,100
64091,0
64092,100
64093,0
64094,100
64095,0
64096,100
64097,0
64098,100
64099,0
64100,100
64101,0
64102,100
64103,0
64104,100
64105,0
64106,100
64107,0
64108,100
64109,0
64110,100
64111,100
64112,100
64113,100
64114,100
64115,100
64116,100
64117,100
64118,100
64119,100
64120,100
64121,100
64122,100
64123,100
64124,100
64125,100
64126,0
64127,100
64128,0
64129,100
64130,0
64131,100
64132,0
64133,100
64134,0
64135,100
64136,0
64137,100
64138,0
64139,100
64140,0
64141,100
64142,0
64143,100
64144,0
64145,100
64146,100
64147,100
64148,100
64149,100
64150,100
64151,100
64152,100
64153,100
64154,100
64155,100
64156,100
64157,100
64158,100
64159,100
64160,100
64161,0
64162,100
64163,0
64164,100
64165,0
64166,100
64167,0
64168,100
64169,0
64170,100
64171,0
64172,100
64173,0
64174,100
64175,0
64176,100
64177,0
64178,100
64179,0
64180,100
64181,100
64182,100
64183,100
64184,100
64185,100
64186,100
64187,100
64188,100
64189,100
64190,100
64191,100
64192,100
64193,100
64194,100
64195,100
64196,0
64197,100
64198,0
64199,100
64200,0
64201,100
64202,0
64203,100
64204,0
64205,100
64206,0
64207,100
64208,0
64209,100
64210,0
64211,100
64212,0
64213,100
64214,0
64215,100
64216,0
64217,100
64218,100
64219,100
64220,100
64221,100
64222,100
64223,100
64224,100
64225,100
64226,100
64227,100
64228,100
64229,100
64230,100
64231,0
64232,100
64233,0
64234,100
64235,0
64236,100
64237,0
64238,100
64239,0
64240,100
64241,0
64242,100
64243,0
64244,100
64245,0
64246,100
64247,0
64248,100
64249,0
64250,100
64251,0
64252,100
64253,100
64254,100
64255,100
64256,100
64257,100
64258,100
64259,100
64260,100
64261,100
64262,100
64263,100
64264,100
64265,100
64266,0
64267,100
64268,0
64269,100
64270,0
64271,100
64272,0
64273,100
64274,0
64275,100
64276,0
64277,100
64278,0
64279,100
64280,0
64281,100
64282,0
64283,100
64284,0
64285,100
64286,0
64287,100
64288,100
64289,100
64290,100
64291,100
64292,100
64293,100
64294,100
64295,100
64296,100
64297,100
64298,100
64299,100
64300,100
64301,0
64302,100
64303,0
64304,100
64305,0
64306,100
64307,0
64308,100
64309,0
64310,100
64311,0
64312,100
64313,0
64314,100
64315,0
64316,100
64317,100
64318,100
64319,0
64320,100
64321,0
64322,100
64323,100
64324,100
64325,100
64326,100
64327,100
64328,100
64329,100
64330,100
64331,100
64332,100
64333,100
64334,100
64335,100
64336,0
64337,100
64338,0
64339,100
64340,0
64341,100
64342,0
64343,100
64344,0
64345,100
64346,0
64347,100
64348,0
64349,100
64350,0
64351,100
64352,100
64353,100
64354,100
64355,100
64356,0
64357,100
64358,100
64359,100
64360,100
64361,100
64362,100
64363,100
64364,100
64365,100
64366,100
64367,100
64368,100
64369,100
64370,100
64371,100
64372,100
64373,0
64374,100
64375,0
64376,100
64377,0
64378,100
64379,0
64380,100
64381,0
64382,100
64383,0
64384,100
64385,0
64386,100
64387,100
64388,100
64389,100
64390,100
64391,0
64392,100
64393,100
64394,100
64395,100
64396,100
64397,100
64398,100
64399,100
64400,100
64401,100
64402,100
64403,100
64404,100
64405,100
64406,0
64407,100
64408,0
64409,100
64410,0
64411,100
64412,0
64413,100
64414,0
64415,100
64416,0
64417,100
64418,0
64419,100
64420,0
64421,100
64422,100
64423,100
64424,100
64425,100
64426,100
64427,100
64428,100
64429,100
64430,100
64431,100
64432,100
64433,100
64434,100
64435,100
64436,100
64437,100
64438,100
64439,100
64440,100
64441,100
64442,100
64443,0
64444,100
64445,0
64446,100
64447,0
64448,100
64449,0
64450,100
64451,0
64452,100
64453,0
64454,100
64455,0
64456,100
64457,0
64458,100
64459,100
64460,100
64461,100
64462,100
64463,100
64464,100
64465,100
64466,100
64467,100
64468,100
64469,100
64470,100
64471,100
64472,100
64473,100
64474,100
64475,100
64476,100
64477,100
64478,0
64479,100
64480,0
64481,100
64482,0
64483,100
64484,0
64485,100
64486,0
64487,100
64488,0
64489,100
64490,0
64491,100
64492,0
64493,100
64494,100
64495,100
64496,100
64497,100
64498,100
64499,100
64500,100
64501,100
64502,100
64503,100
64504,100
64505,100
64506,100
64507,100
64508,100
64509,100
64510,100
64511,100
64512,100
64513,0
64514,100
64515,0
64516,100
64517,0
64518,100
64519,0
64520,100
64521,0
64522,100
64523,0
64524,100
64525,0
64526,100
64527,0
64528,100
64529,100
64530,100
64531,100
64532,100
64533,100
64534,100
64535,100
64536,100
64537,100
64538,100
64539,100
64540,100
64541,100
64542,100
64543,100
64544,100
64545,100
64546,100
64547,100
64548,0
64549,100
64550,0
64551,100
64552,0
64553,100
64554,100
64555,100
64556,100
64557,100
64558,100
64559,100
64560,100
64561,100
64562,0
64563,100
64564,0
64565,100
64566,0
64567,100
64568,0
64569,100
64570,0
64571,100
64572,0
64573,100
64574,0
64575,100
64576,0
64577,100
64578,0
64579,100
64580,0
64581,100
64582,0
64583,100
64584,100
64585,100
64586,100
64587,100
64588,100
64589,100
64590,100
64591,100
64592,100
64593,100
64594,100
64595,100
64596,100
64597,0
64598,100
64599,0
64600,100
64601,0
64602,100
64603,0
64604,100
64605,0
64606,100
64607,0
64608,100
64609,0
64610,100
64611,0
64612,100
64613,0
64614,100
64615,0
64616,100
64617,0
64618,100
64619,100
64620,100
64621,100
64622,100
64623,100
64624,100
64625,100
64626,100
64627,100
64628,100
64629,100
64630,100
64631,100
64632,100
64633,100
64634,0
64635,100
64636,0
64637,100
64638,0
64639,100
64640,0
64641,100
64642,0
64643,100
64644,0
64645,100
64646,0
64647,100
64648,0
64649,100
64650,0
64651,100
64652,0
64653,100
64654,100
64655,100
64656,100
64657,100
64658,100
64659,100
64660,100
64661,100
64662,100
64663,100
64664,100
64665,100
64666,100
64667,100
64668,100
64669,0
64670,100
64671,0
64672,100
64673,0
64674,100
64675,0
64676,100
64677,0
64678,100
64679,0
64680,100
64681,0
64682,100
64683,0
64684,100
64685,0
64686,100
64687,0
64688,100
64689,100
64690,100
64691,100
64692,100
64693,100
64694,100
64695,100
64696,100
64697,100
64698,100
64699,100
64700,100
64701,100
64702,100
64703,100
64704,0
64705,100
64706,0
64707,100
64708,0
64709,100
64710,0
64711,100
64712,0
64713,100
64714,0
64715,100
64716,0
64717,100
64718,0
64719,100
64720,0
64721,100
64722,0
64723,100
64724,0
64725,100
64726,100
64727,100
64728,100
64729,100
64730,100
64731,100
64732,100
64733,100
64734,100
64735,100
64736,100
64737,100
64738,100
64739,0
64740,100
64741,0
64742,100
64743,0
64744,100
64745,0
64746,100
64747,0
64748,100
64749,0
64750,100
64751,0
64752,100
64753,0
64754,100
64755,100
64756,100
64757,0
64758,100
64759,0
64760,100
64761,100
64762,100
64763,100
64764,100
64765,100
64766,100
64767,100
64768,100
64769,100
64770,100
64771,100
64772,100
64773,100
64774,0
64775,100
64776,0
64777,100
64778,0
64779,100
64780,0
64781,100
64782,0
64783,100
64784,0
64785,100
64786,0
64787,100
64788,0
64789,100
64790,100
64791,100
64792,100
64793,100
64794,0
64795,100
64796,100
64797,100
64798,100
64799,100
64800,100
64801,100
64802,100
64803,100
64804,100
64805,100
64806,100
64807,100
64808,100
64809,0
64810,100
64811,0
64812,100
64813,0
64814,100
64815,0
64816,100
64817,0
64818,100
64819,0
64820,100
64821,0
64822,100
64823,0
64824,100
64825,100
64826,100
64827,100
64828,100
64829,0
64830,100
64831,100
64832,100
64833,100
64834,100
64835,100
64836,100
64837,100
64838,100
64839,100
64840,100
64841,100
64842,100
64843,100
64844,0
64845,100
64846,0
64847,100
64848,0
64849,100
64850,0
64851,100
64852,0
64853,100
64854,0
64855,100
64856,0
64857,100
64858,0
64859,100
64860,100
64861,100
64862,100
64863,100
64864,100
64865,100
64866,100
64867,100
64868,100
64869,100
64870,100
64871,100
64872,100
64873,100
64874,100
64875,100
64876,100
64877,100
64878,100
64879,100
64880,100
64881,0
64882,100
64883,0
64884,100
64885,0
64886,100
64887,0
64888,100
64889,0
64890,100
64891,0
64892,100
64893,0
64894,100
64895,100
64896,100
64897,100
64898,100
64899,100
64900,100
64901,100
64902,100
64903,100
64904,100
64905,100
64906,100
64907,100
64908,100
64909,100
64910,100
64911,100
64912,100
64913,100
64914,0
64915,100
64916,0
64917,100
64918,0
64919,100
64920,0
64921,100
64922,0
64923,100
64924,0
64925,100
64926,0
64927,100
64928,0
64929,100
64930,100
64931,100
64932,100
64933,100
64934,100
64935,100
64936,100
64937,100
64938,100
64939,100
64940,100
64941,100
64942,100
64943,100
64944,100
64945,100
64946,100
64947,100
64948,100
64949,100
64950,100
64951,0
64952,100
64953,0
64954,100
64955,0
64956,100
64957,0
64958,100
64959,0
64960,100
64961,0
64962,100
64963,0
64964,100
64965,0
64966,100
64967,100
64968,100
64969,100
64970,100
64971,100
64972,100
64973,100
64974,100
64975,100
64976,100
64977,100
64978,100
64979,100
64980,100
64981,100
64982,100
64983,100
64984,100
64985,100
64986,0
64987,100
64988,0
64989,100
64990,0
64991,100
64992,0
64993,100
64994,0
64995,100
64996,0
64997,100
64998,0
64999,100
65000,0
65001,100
65002,100
65003,100
65004,100
65005,100
65006,100
65007,100
65008,100
65009,100
65010,100
65011,100
65012,100
65013,100
65014,100
65015,100
65016,100
65017,100
65018,100
65019,100
65020,100
65021,0
65022,100
65023,0
65024,100
65025,0
65026,100
65027,0
65028,100
65029,0
65030,100
65031,0
65032,100
65033,0
65034,100
65035,0
65036,100
65037,100
65038,100
65039,100
65040,100
65041,100
65042,100
65043,100
65044,100
65045,100
65046,100
65047,100
65048,100
65049,100
65050,100
65051,100
65052,100
65053,100
65054,100
65055,100
65056,0
65057,100
65058,0
65059,100
65060,0
65061,100
65062,0
65063,100
65064,0
65065,100
65066,0
65067,100
65068,0
65069,100
65070,0
65071,100
65072,100
65073,100
65074,100
65075,100
65076,100
65077,100
65078,100
65079,100
65080,100
65081,100
65082,100
65083,100
65084,100
65085,100
65086,100
65087,100
65088,100
65089,100
65090,100
65091,0
65092,100
65093,0
65094,100
65095,0
65096,100
65097,0
65098,100
65099,0
65100,100
65101,0
65102,100
65103,0
65104,100
65105,0
65106,100
65107,100
65108,100
65109,100
65110,100
65111,100
65112,100
65113,100
65114,100
65115,100
65116,100
65117,100
65118,100
65119,100
65120,0
65121,100
65122,100
65123,100
65124,100
65125,100
65126,0
65127,100
65128,0
65129,100
65130,0
65131,100
65132,0
65133,100
65134,0
65135,100
65136,0
65137,100
65138,0
65139,100
65140,0
65141,100
65142,100
65143,100
65144,100
65145,100
65146,100
65147,100
65148,100
65149,100
65150,100
65151,100
65152,100
65153,100
65154,100
65155,100
65156,100
65157,100
65158,100
65159,100
65160,100
65161,0
65162,100
65163,0
65164,100
65165,0
65166,100
65167,0
65168,100
65169,0
65170,100
65171,0
65172,100
65173,0
65174,100
65175,0
65176,100
65177,100
65178,100
65179,100
65180,100
65181,100
65182,100
65183,100
65184,100
65185,100
65186,100
65187,100
65188,100
65189,100
65190,100
65191,100
65192,0
65193,100
65194,100
65195,100
65196,0
65197,100
65198,0
65199,100
65200,0
65201,100
65202,0
65203,100
65204,0
65205,100
65206,0
65207,100
65208,0
65209,100
65210,0
65211,100
65212,100
65213,100
65214,100
65215,100
65216,100
65217,100
65218,100
65219,100
65220,100
65221,100
65222,100
65223,100
65224,100
65225,100
65226,100
65227,0
65228,100
65229,0
65230,100
65231,100
65232,100
65233,0
65234,100
65235,0
65236,100
65237,0
65238,100
65239,0
65240,100
65241,0
65242,100
65243,0
65244,100
65245,0
65246,100
65247,0
65248,100
65249,100
65250,100
65251,100
65252,100
65253,100
65254,100
65255,100
65256,100
65257,100
65258,100
65259,100
65260,100
65261,100
65262,0
65263,100
65264,0
65265,100
65266,0
65267,100
65268,0
65269,100
65270,0
65271,100
65272,0
65273,100
65274,0
65275,100
65276,0
65277,100
65278,0
65279,100
65280,0
65281,100
65282,0
65283,100
65284,100
65285,100
65286,100
65287,100
65288,100
65289,100
65290,100
65291,100
65292,100
65293,100
65294,100
65295,100
65296,100
65297,0
65298,100
65299,0
65300,100
65301,0
65302,100
65303,0
65304,100
65305,0
65306,100
65307,0
65308,100
65309,0
65310,100
65311,0
65312,100
65313,0
65314,100
65315,0
65316,100
65317,0
65318,100
65319,100
65320,100
65321,100
65322,100
65323,100
65324,100
65325,100
65326,100
65327,100
65328,100
65329,100
65330,100
65331,100
65332,0
65333,100
65334,0
65335,100
65336,0
65337,100
65338,0
65339,100
65340,0
65341,100
65342,0
65343,100
65344,0
65345,100
65346,0
65347,100
65348,0
65349,100
65350,0
65351,100
65352,0
65353,100
65354,100
65355,100
65356,100
65357,100
65358,100
65359,100
65360,100
65361,100
65362,100
65363,100
65364,100
65365,100
65366,100
65367,0
65368,100
65369,0
65370,100
65371,0
65372,100
65373,0
65374,100
65375,0
65376,100
65377,0
65378,100
65379,0
65380,100
65381,0
65382,100
65383,0
65384,100
65385,0
65386,100
65387,0
65388,100
65389,100
65390,100
65391,100
65392,100
65393,100
65394,100
65395,100
65396,100
65397,100
65398,100
65399,100
65400,100
65401,100
65402,0
65403,100
65404,0
65405,100
65406,0
65407,100
65408,0
65409,100
65410,0
65411,100
65412,0
65413,100
65414,0
65415,100
65416,0
65417,100
65418,0
65419,100
65420,0
65421,100
65422,0
65423,100
65424,100
65425,100
65426,100
65427,100
65428,100
65429,100
65430,100
65431,100
65432,100
65433,100
65434,100
65435,100
65436,100
65437,100
65438,100
65439,0
65440,100
65441,0
65442,100
65443,0
65444,100
65445,0
65446,100
65447,0
65448,100
65449,0
65450,100
65451,0
65452,100
65453,0
65454,100
65455,0
65456,100
65457,0
65458,100
65459,100
65460,100
65461,100
65462,100
65463,100
65464,100
65465,100
65466,100
65467,100
65468,100
65469,100
65470,100
65471,100
65472,100
65473,100
65474,0
65475,100
65476,0
65477,100
65478,0
65479,100
65480,0
65481,100
65482,0
65483,100
65484,0
65485,100
65486,0
65487,100
65488,0
65489,100
65490,0
65491,100
65492,0
65493,100
65494,0
65495,100
65496,100
65497,100
65498,100
65499,100
65500,100
65501,100
65502,100
65503,100
65504,100
65505,100
65506,100
65507,100
65508,100
65509,0
65510,100
65511,0
65512,100
65513,0
65514,100
65515,0
65516,100
65517,0
65518,100
65519,0
65520,100
65521,0
65522,100
65523,0
65524,100
65525,0
65526,100
65527,0
65528,100
65529,0
65530,100
65531,100
65532,100
65533,100
65534,100
65535,100
65536,100
65537,100
65538,100
65539,100
65540,100
65541,100
65542,100
65543,100
65544,0
65545,100
65546,0
65547,100
65548,0
65549,100
65550,0
65551,100
65552,0
65553,100
65554,0
65555,100
65556,0
65557,100
65558,0
65559,100
65560,0
65561,100
65562,0
65563,100
65564,0
65565,100
65566,100
65567,100
65568,100
65569,100
65570,100
65571,100
65572,100
65573,100
65574,100
65575,100
65576,100
65577,100
65578,100
65579,0
65580,100
65581,0
65582,100
65583,0
65584,100
65585,0
65586,100
65587,0
65588,100
65589,0
65590,100
65591,0
65592,100
65593,0
65594,100
65595,100
65596,100
65597,0
65598,100
65599,0
65600,100
65601,100
65602,100
65603,100
65604,100
65605,100
65606,100
65607,100
65608,100
65609,100
65610,100
65611,100
65612,100
65613,100
65614,0
65615,100
65616,0
65617,100
65618,0
65619,100
65620,0
65621,100
65622,0
65623,100
65624,0
65625,100
65626,0
65627,100
65628,0
65629,100
65630,100
65631,100
65632,100
65633,100
65634,0
65635,100
65636,100
65637,100
65638,100
65639,100
65640,100
65641,100
65642,100
65643,100
65644,100
65645,100
65646,100
65647,100
65648,100
65649,0
65650,100
65651,0
65652,100
65653,0
65654,100
65655,0
65656,100
65657,0
65658,100
65659,0
65660,100
65661,0
65662,100
65663,0
65664,100
65665,100
65666,100
65667,100
65668,100
65669,0
65670,100
65671,100
65672,100
65673,100
65674,100
65675,100
65676,100
65677,100
65678,100
65679,100
65680,100
65681,100
65682,100
65683,100
65684,0
65685,100
65686,0
65687,100
65688,0
65689,100
65690,0
65691,100
65692,0
65693,100
65694,0
65695,100
65696,0
65697,100
65698,0
65699,100
65700,100
65701,100
65702,100
65703,100
65704,100
65705,100
65706,0
65707,100
65708,100
65709,100
65710,100
65711,100
65712,100
65713,100
65714,100
65715,100
65716,100
65717,100
65718,100
65719,100
65720,100
65721,0
65722,100
65723,0
65724,100
65725,0
65726,100
65727,0
65728,100
65729,0
65730,100
65731,0
65732,100
65733,0
65734,100
65735,0
65736,100
65737,100
65738,100
65739,100
65740,100
65741,100
65742,100
65743,100
65744,100
65745,100
65746,100
65747,100
65748,100
65749,100
65750,100
65751,100
65752,100
65753,100
65754,100
65755,100
65756,0
65757,100
65758,0
65759,100
65760,0
65761,100
65762,0
65763,100
65764,0
65765,100
65766,0
65767,100
65768,0
65769,100
65770,0
65771,100
65772,100
65773,100
65774,100
65775,100
65776,100
65777,100
65778,100
65779,100
65780,100
65781,100
65782,100
65783,100
65784,100
65785,100
65786,100
65787,100
65788,100
65789,100
65790,100
65791,0
65792,100
65793,0
65794,100
65795,0
65796,100
65797,0
65798,100
65799,0
65800,100
65801,0
65802,100
65803,0
65804,100
65805,0
65806,100
65807,100
65808,100
65809,100
65810,100
65811,100
65812,100
65813,100
65814,100
65815,100
65816,100
65817,100
65818,100
65819,100
65820,100
65821,100
65822,100
65823,100
65824,100
65825,100
65826,0
65827,100
65828,0
65829,100
65830,0
65831,100
65832,0
65833,100
65834,0
65835,100
65836,0
65837,100
65838,100
65839,100
65840,100
65841,100
65842,100
65843,100
65844,100
65845,100
65846,100
65847,0
65848,100
65849,0
65850,100
65851,0
65852,100
65853,0
65854,100
65855,0
65856,100
65857,0
65858,100
65859,0
65860,100
65861,0
65862,100
65863,0
65864,100
65865,0
65866,100
65867,0
65868,100
65869,100
65870,100
65871,100
65872,100
65873,100
65874,100
65875,100
65876,100
65877,100
65878,100
65879,100
65880,100
65881,100
65882,0
65883,100
65884,0
65885,100
65886,0
65887,100
65888,0
65889,100
65890,0
65891,100
65892,0
65893,100
65894,0
65895,100
65896,0
65897,100
65898,100
65899,100
65900,0
65901,100
65902,0
65903,100
65904,100
65905,100
65906,100
65907,100
65908,100
65909,100
65910,100
65911,100
65912,100
65913,100
65914,100
65915,100
65916,100
65917,0
65918,100
65919,0
65920,100
65921,0
65922,100
65923,0
65924,100
65925,0
65926,100
65927,0
65928,100
65929,0
65930,100
65931,0
65932,100
65933,100
65934,100
65935,100
65936,100
65937,0
65938,100
65939,100
65940,100
65941,100
65942,100
65943,100
65944,100
65945,100
65946,100
65947,100
65948,100
65949,100
65950,100
65951,100
65952,0
65953,100
65954,0
65955,100
65956,0
65957,100
65958,0
65959,100
65960,0
65961,100
65962,0
65963,100
65964,0
65965,100
65966,0
65967,100
65968,100
65969,100
65970,100
65971,100
65972,0
65973,100
65974,100
65975,100
65976,100
65977,100
65978,100
65979,100
65980,100
65981,100
65982,100
65983,100
65984,100
65985,100
65986,100
65987,0
65988,100
65989,0
65990,100
65991,0
65992,100
65993,0
65994,100
65995,0
65996,100
65997,0
65998,100
65999,0
66000,100
66001,0
66002,100
66003,100
66004,100
66005,100
66006,100
66007,100
66008,100
66009,100
66010,100
66011,100
66012,100
66013,100
66014,100
66015,100
66016,100
66017,100
66018,100
66019,100
66020,100
66021,100
66022,100
66023,100
66024,0
66025,100
66026,0
66027,100
66028,0
66029,100
66030,0
66031,100
66032,0
66033,100
66034,0
66035,100
66036,0
66037,100
66038,100
66039,100
66040,100
66041,100
66042,100
66043,100
66044,100
66045,100
66046,100
66047,100
66048,100
66049,100
66050,100
66051,100
66052,100
66053,100
66054,100
66055,100
66056,100
66057,0
66058,100
66059,0
66060,100
66061,0
66062,100
66063,0
66064,100
66065,0
66066,100
66067,0
66068,100
66069,0
66070,100
66071,0
66072,100
66073,100
66074,100
66075,100
66076,100
66077,100
66078,100
66079,100
66080,100
66081,100
66082,100
66083,100
66084,100
66085,100
66086,100
66087,100
66088,100
66089,100
66090,100
66091,100
66092,100
66093,100
66094,0
66095,100
66096,0
66097,100
66098,0
66099,100
66100,0
66101,100
66102,0
66103,100
66104,0
66105,100
66106,0
66107,100
66108,0
66109,100
66110,100
66111,100
66112,100
66113,100
66114,100
66115,100
66116,100
66117,100
66118,100
66119,100
66120,100
66121,100
66122,100
66123,100
66124,100
66125,100
66126,100
66127,100
66128,100
66129,0
66130,100
66131,0
66132,100
66133,0
66134,100
66135,0
66136,100
66137,0
66138,100
66139,0
66140,100
66141,0
66142,100
66143,0
66144,100
66145,100
66146,100
66147,100
66148,100
66149,100
66150,100
66151,100
66152,100
66153,100
66154,100
66155,100
66156,100
66157,100
66158,100
66159,100
66160,100
66161,100
66162,100
66163,100
66164,0
66165,100
66166,0
66167,100
66168,0
66169,100
66170,0
66171,100
66172,0
66173,100
66174,0
66175,100
66176,0
66177,100
66178,0
66179,100
66180,100
66181,100
66182,100
66183,100
66184,100
66185,100
66186,100
66187,100
66188,100
66189,100
66190,100
66191,100
66192,100
66193,100
66194,100
66195,100
66196,100
66197,100
66198,100
66199,0
66200,100
66201,0
66202,100
66203,0
66204,100
66205,0
66206,100
66207,0
66208,100
66209,0
66210,100
66211,0
66212,100
66213,0
66214,100
66215,100
66216,100
66217,100
66218,100
66219,100
66220,100
66221,100
66222,100
66223,100
66224,100
66225,100
66226,100
66227,100
66228,100
66229,100
66230,100
66231,100
66232,100
66233,100
66234,0
66235,100
66236,0
66237,100
66238,0
66239,100
66240,0
66241,100
66242,0
66243,100
66244,0
66245,100
66246,0
66247,100
66248,0
66249,100
66250,100
66251,100
66252,100
66253,100
66254,100
66255,100
66256,100
66257,100
66258,100
66259,100
66260,100
66261,100
66262,100
66263,0
66264,100
66265,100
66266,100
66267,100
66268,100
66269,0
66270,100
66271,0
66272,100
66273,0
66274,100
66275,0
66276,100
66277,0
66278,100
66279,0
66280,100
66281,0
66282,100
66283,0
66284,100
66285,100
66286,100
66287,100
66288,100
66289,100
66290,100
66291,100
66292,100
66293,100
66294,100
66295,100
66296,100
66297,100
66298,100
66299,100
66300,100
66301,100
66302,100
66303,100
66304,0
66305,100
66306,0
66307,100
66308,0
66309,100
66310,0
66311,100
66312,0
66313,100
66314,0
66315,100
66316,0
66317,100
66318,0
66319,100
66320,100
66321,100
66322,100
66323,100
66324,100
66325,100
66326,100
66327,100
66328,100
66329,100
66330,100
66331,100
66332,100
66333,100
66334,100
66335,0
66336,100
66337,100
66338,100
66339,100
66340,100
66341,0
66342,100
66343,0
66344,100
66345,0
66346,100
66347,0
66348,100
66349,0
66350,100
66351,0
66352,100
66353,0
66354,100
66355,0
66356,100
66357,100
66358,100
66359,100
66360,100
66361,100
66362,100
66363,100
66364,100
66365,100
66366,100
66367,100
66368,100
66369,100
66370,0
66371,100
66372,0
66373,100
66374,100
66375,100
66376,0
66377,100
66378,0
66379,100
66380,0
66381,100
66382,0
66383,100
66384,0
66385,100
66386,0
66387,100
66388,0
66389,100
66390,0
66391,100
66392,100
66393,100
66394,100
66395,100
66396,100
66397,100
66398,100
66399,100
66400,100
66401,100
66402,100
66403,100
66404,100
66405,0
66406,100
66407,0
66408,100
66409,0
66410,100
66411,0
66412,100
66413,0
66414,100
66415,0
66416,100
66417,0
66418,100
66419,0
66420,100
66421,0
66422,100
66423,0
66424,100
66425,0
66426,100
66427,100
66428,100
66429,100
66430,100
66431,100
66432,100
66433,100
66434,100
66435,100
66436,100
66437,100
66438,100
66439,100
66440,0
66441,100
66442,0
66443,100
66444,0
66445,100
66446,0
66447,100
66448,0
66449,100
66450,0
66451,100
66452,0
66453,100
66454,0
66455,100
66456,0
66457,100
66458,0
66459,100
66460,0
66461,100
66462,100
66463,100
66464,100
66465,100
66466,100
66467,100
66468,100
66469,100
66470,100
66471,100
66472,100
66473,100
66474,100
66475,0
66476,100
66477,0
66478,100
66479,0
66480,100
66481,0
66482,100
66483,0
66484,100
66485,0
66486,100
66487,0
66488,100
66489,0
66490,100
66491,0
66492,100
66493,0
66494,100
66495,0
66496,100
66497,100
66498,100
66499,100
66500,100
66501,100
66502,100
66503,100
66504,100
66505,100
66506,100
66507,100
66508,100
66509,100
66510,100
66511,100
66512,0
66513,100
66514,0
66515,100
66516,0
66517,100
66518,0
66519,100
66520,0
66521,100
66522,0
66523,100
66524,0
66525,100
66526,0
66527,100
66528,0
66529,100
66530,0
66531,100
66532,100
66533,100
66534,100
66535,100
66536,100
66537,100
66538,100
66539,100
66540,100
66541,100
66542,100
66543,100
66544,100
66545,0
66546,100
66547,0
66548,100
66549,0
66550,100
66551,0
66552,100
66553,0
66554,100
66555,0
66556,100
66557,0
66558,100
66559,0
66560,100
66561,0
66562,100
66563,0
66564,100
66565,0
66566,100
66567,100
66568,100
66569,100
66570,100
66571,100
66572,100
66573,100
66574,100
66575,100
66576,100
66577,100
66578,100
66579,100
66580,100
66581,100
66582,0
66583,100
66584,0
66585,100
66586,0
66587,100
66588,0
66589,100
66590,0
66591,100
66592,0
66593,100
66594,0
66595,100
66596,0
66597,100
66598,0
66599,100
66600,0
66601,100
66602,100
66603,100
66604,100
66605,100
66606,100
66607,100
66608,100
66609,100
66610,100
66611,100
66612,100
66613,100
66614,100
66615,100
66616,100
66617,0
66618,100
66619,0
66620,100
66621,0
66622,100
66623,0
66624,100
66625,0
66626,100
66627,0
66628,100
66629,0
66630,100
66631,0
66632,100
66633,0
66634,100
66635,0
66636,100
66637,0
66638,100
66639,100
66640,100
66641,100
66642,100
66643,100
66644,100
66645,100
66646,100
66647,100
66648,100
66649,100
66650,100
66651,100
66652,0
66653,100
66654,0
66655,100
66656,0
66657,100
66658,0
66659,100
66660,0
66661,100
66662,0
66663,100
66664,0
66665,100
66666,0
66667,100
66668,0
66669,100
66670,0
66671,100
66672,0
66673,100
66674,100
66675,100
66676,100
66677,100
66678,100
66679,100
66680,100
66681,100
66682,100
66683,100
66684,100
66685,100
66686,100
66687,0
66688,100
66689,0
66690,100
66691,0
66692,100
66693,0
66694,100
66695,0
66696,100
66697,0
66698,100
66699,0
66700,100
66701,0
66702,100
66703,0
66704,100
66705,0
66706,100
66707,0
66708,100
66709,100
66710,100
66711,100
66712,100
66713,100
66714,100
66715,100
66716,100
66717,100
66718,100
66719,100
66720,100
66721,100
66722,0
66723,100
66724,0
66725,100
66726,0
66727,100
66728,0
66729,100
66730,0
66731,100
66732,0
66733,100
66734,0
66735,100
66736,0
66737,100
66738,100
66739,100
66740,0
66741,100
66742,0
66743,100
66744,100
66745,100
66746,100
66747,100
66748,100
66749,100
66750,100
66751,100
66752,100
66753,100
66754,100
66755,100
66756,100
66757,0
66758,100
66759,0
66760,100
66761,0
66762,100
66763,0
66764,100
66765,0
66766,100
66767,0
66768,100
66769,0
66770,100
66771,0
66772,100
66773,100
66774,100
66775,0
66776,100
66777,0
66778,100
66779,100
66780,100
66781,100
66782,100
66783,100
66784,100
66785,100
66786,100
66787,100
66788,100
66789,100
66790,100
66791,100
66792,0
66793,100
66794,0
66795,100
66796,0
66797,100
66798,0
66799,100
66800,0
66801,100
66802,0
66803,100
66804,0
66805,100
66806,0
66807,100
66808,0
66809,100
66810,100
66811,100
66812,0
66813,100
66814,100
66815,100
66816,100
66817,100
66818,100
66819,100
66820,100
66821,100
66822,100
66823,100
66824,100
66825,100
66826,100
66827,100
66828,100
66829,0
66830,100
66831,0
66832,100
66833,0
66834,100
66835,0
66836,100
66837,0
66838,100
66839,0
66840,100
66841,0
66842,100
66843,0
66844,100
66845,100
66846,100
66847,100
66848,100
66849,0
66850,100
66851,100
66852,100
66853,100
66854,100
66855,100
66856,100
66857,100
66858,100
66859,100
66860,100
66861,100
66862,100
66863,100
66864,0
66865,100
66866,0
66867,100
66868,0
66869,100
66870,0
66871,100
66872,0
66873,100
66874,0
66875,100
66876,0
66877,100
66878,0
66879,100
66880,100
66881,100
66882,100
66883,100
66884,100
66885,100
66886,100
66887,100
66888,100
66889,100
66890,100
66891,100
66892,100
66893,100
66894,100
66895,100
66896,100
66897,100
66898,100
66899,0
66900,100
66901,0
66902,100
66903,0
66904,100
66905,0
66906,100
66907,0
66908,100
66909,0
66910,100
66911,0
66912,100
66913,0
66914,100
66915,100
66916,100
66917,100
66918,100
66919,100
66920,100
66921,100
66922,100
66923,100
66924,100
66925,100
66926,100
66927,100
66928,100
66929,100
66930,100
66931,100
66932,100
66933,100
66934,0
66935,100
66936,0
66937,100
66938,0
66939,100
66940,0
66941,100
66942,0
66943,100
66944,0
66945,100
66946,0
66947,100
66948,0
66949,100
66950,100
66951,100
66952,100
66953,100
66954,100
66955,100
66956,100
66957,100
66958,100
66959,100
66960,100
66961,100
66962,100
66963,100
66964,100
66965,100
66966,100
66967,100
66968,100
66969,0
66970,100
66971,0
66972,100
66973,0
66974,100
66975,0
66976,100
66977,0
66978,100
66979,0
66980,100
66981,0
66982,100
66983,0
66984,100
66985,100
66986,100
66987,100
66988,100
66989,100
66990,100
66991,100
66992,100
66993,100
66994,100
66995,100
66996,100
66997,100
66998,100
66999,100
67000,100
67001,100
67002,100
67003,100
67004,0
67005,100
67006,0
67007,100
67008,0
67009,100
67010,0
67011,100
67012,0
67013,100
67014,0
67015,100
67016,0
67017,100
67018,0
67019,100
67020,100
67021,100
67022,100
67023,100
67024,100
67025,100
67026,100
67027,100
67028,100
67029,100
67030,100
67031,100
67032,100
67033,100
67034,100
67035,100
67036,100
67037,100
67038,100
67039,100
67040,100
67041,0
67042,100
67043,0
67044,100
67045,0
67046,100
67047,0
67048,100
67049,0
67050,100
67051,0
67052,100
67053,0
67054,100
67055,0
67056,100
67057,100
67058,100
67059,100
67060,100
67061,100
67062,100
67063,100
67064,100
67065,100
67066,100
67067,100
67068,100
67069,100
67070,100
67071,100
67072,100
67073,100
67074,100
67075,100
67076,0
67077,100
67078,0
67079,100
67080,0
67081,100
67082,0
67083,100
67084,0
67085,100
67086,0
67087,100
67088,0
67089,100
67090,100
67091,100
67092,100
67093,100
67094,100
67095,400
67096,100
67097,100
67098,100
67099,100
67100,100
67101,100
67102,0
67103,100
67104,100
67105,100
67106,100
67107,100
67108,100
67109,0
67110,100
67111,100
67112,100
67113,100
67114,100
67115,100
67116,0
67117,100
67118,100
67119,100
67120,0
67121,100
67122,100
67123,100
67124,100
67125,100
67126,100
67127,0
67128,100
67129,100
67130,100
67131,0
67132,100
67133,100
67134,0
67135,100
67136,100
67137,0
67138,100
67139,100
67140,100
67141,100
67142,0
67143,100
67144,100
67145,0
67146,100
67147,100
67148,100
67149,100
67150,0
67151,100
67152,200
67153,100
67154,100
67155,100
67156,100
67157,100
67158,100
67159,100
67160,100
67161,100
67162,0
67163,100
67164,0
67165,100
67166,100
67167,100
67168,0
67169,100
67170,0
67171,100
67172,0
67173,100
67174,0
67175,100
67176,0
67177,100
67178,0
67179,100
67180,0
67181,100
67182,0
67183,100
67184,100
67185,100
67186,100
67187,100
67188,100
67189,100
67190,100
67191,100
67192,100
67193,100
67194,100
67195,100
67196,100
67197,0
67198,100
67199,0
67200,100
67201,0
67202,100
67203,0
67204,100
67205,0
67206,100
67207,0
67208,100
67209,0
67210,100
67211,0
67212,100
67213,0
67214,100
67215,0
67216,100
67217,0
67218,100
67219,100
67220,100
67221,100
67222,100
67223,100
67224,100
67225,100
67226,100
67227,100
67228,100
67229,100
67230,100
67231,100
67232,0
67233,100
67234,0
67235,100
67236,0
67237,100
67238,0
67239,100
67240,0
67241,100
67242,0
67243,100
67244,0
67245,100
67246,0
67247,100
67248,0
67249,100
67250,0
67251,100
67252,0
67253,100
67254,100
67255,100
67256,100
67257,100
67258,100
67259,100
67260,100
67261,100
67262,100
67263,100
67264,100
67265,100
67266,100
67267,0
67268,100
67269,0
67270,100
67271,0
67272,100
67273,0
67274,100
67275,0
67276,100
67277,0
67278,100
67279,0
67280,100
67281,0
67282,100
67283,0
67284,100
67285,0
67286,100
67287,0
67288,100
67289,100
67290,100
67291,100
67292,100
67293,100
67294,100
67295,100
67296,100
67297,100
67298,100
67299,100
67300,100
67301,100
67302,0
67303,100
67304,0
67305,100
67306,0
67307,100
67308,0
67309,100
67310,0
67311,100
67312,0
67313,100
67314,0
67315,100
67316,0
67317,100
67318,0
67319,100
67320,0
67321,100
67322,0
67323,100
67324,100
67325,100
67326,100
67327,100
67328,100
67329,100
67330,100
67331,100
67332,100
67333,100
67334,100
67335,100
67336,100
67337,100
67338,100
67339,0
67340,100
67341,0
67342,100
67343,0
67344,100
67345,0
67346,100
67347,0
67348,100
67349,0
67350,100
67351,0
67352,100
67353,0
67354,100
67355,0
67356,100
67357,0
67358,100
67359,100
67360,100
67361,100
67362,100
67363,100
67364,100
67365,100
67366,100
67367,100
67368,100
67369,100
67370,100
67371,100
67372,0
67373,100
67374,0
67375,100
67376,0
67377,100
67378,0
67379,100
67380,0
67381,100
67382,0
67383,100
67384,0
67385,100
67386,0
67387,100
67388,0
67389,100
67390,0
67391,100
67392,0
67393,100
67394,100
67395,100
67396,100
67397,100
67398,100
67399,100
67400,100
67401,100
67402,100
67403,100
67404,100
67405,100
67406,100
67407,100
67408,100
67409,0
67410,100
67411,0
67412,100
67413,0
67414,100
67415,0
67416,100
67417,0
67418,100
67419,0
67420,100
67421,0
67422,100
67423,0
67424,100
67425,0
67426,100
67427,0
67428,100
67429,100
67430,100
67431,100
67432,100
67433,100
67434,100
67435,100
67436,100
67437,100
67438,100
67439,100
67440,100
67441,100
67442,100
67443,100
67444,0
67445,100
67446,0
67447,100
67448,0
67449,100
67450,0
67451,100
67452,0
67453,100
67454,0
67455,100
67456,0
67457,100
67458,0
67459,100
67460,0
67461,100
67462,0
67463,100
67464,0
67465,100
67466,100
67467,100
67468,100
67469,100
67470,100
67471,100
67472,100
67473,100
67474,100
67475,100
67476,100
67477,100
67478,100
67479,0
67480,100
67481,0
67482,100
67483,0
67484,100
67485,0
67486,100
67487,0
67488,100
67489,0
67490,100
67491,0
67492,100
67493,0
67494,100
67495,0
67496,100
67497,0
67498,100
67499,0
67500,100
67501,100
67502,100
67503,100
67504,100
67505,100
67506,100
67507,100
67508,100
67509,100
67510,100
67511,100
67512,100
67513,100
67514,0
67515,100
67516,0
67517,100
67518,0
67519,100
67520,0
67521,100
67522,0
67523,100
67524,0
67525,100
67526,0
67527,100
67528,0
67529,100
67530,100
67531,100
67532,0
67533,100
67534,0
67535,100
67536,100
67537,100
67538,100
67539,100
67540,100
67541,100
67542,100
67543,100
67544,100
67545,100
67546,100
67547,100
67548,100
67549,0
67550,100
67551,0
67552,100
67553,0
67554,100
67555,0
67556,100
67557,0
67558,100
67559,0
67560,100
67561,0
67562,100
67563,0
67564,100
67565,100
67566,100
67567,100
67568,100
67569,0
67570,100
67571,100
67572,100
67573,100
67574,100
67575,100
67576,100
67577,100
67578,100
67579,100
67580,100
67581,100
67582,100
67583,100
67584,0
67585,100
67586,0
67587,100
67588,0
67589,100
67590,0
67591,100
67592,0
67593,100
67594,0
67595,100
67596,0
67597,100
67598,0
67599,100
67600,100
67601,100
67602,100
67603,100
67604,0
67605,100
67606,100
67607,100
67608,100
67609,100
67610,100
67611,100
67612,100
67613,100
67614,100
67615,100
67616,100
67617,100
67618,100
67619,0
67620,100
67621,0
67622,100
67623,0
67624,100
67625,0
67626,100
67627,0
67628,100
67629,0
67630,100
67631,0
67632,100
67633,0
67634,100
67635,100
67636,100
67637,100
67638,100
67639,100
67640,100
67641,100
67642,100
67643,100
67644,100
67645,100
67646,100
67647,100
67648,100
67649,100
67650,100
67651,100
67652,100
67653,100
67654,100
67655,100
67656,0
67657,100
67658,0
67659,100
67660,0
67661,100
67662,0
67663,100
67664,0
67665,100
67666,0
67667,100
67668,0
67669,100
67670,0
67671,100
67672,100
67673,100
67674,100
67675,100
67676,100
67677,100
67678,100
67679,100
67680,100
67681,100
67682,100
67683,100
67684,100
67685,100
67686,100
67687,100
67688,100
67689,100
67690,100
67691,0
67692,100
67693,0
67694,100
67695,0
67696,100
67697,0
67698,100
67699,0
67700,100
67701,0
67702,100
67703,0
67704,100
67705,0
67706,100
67707,100
67708,100
67709,100
67710,100
67711,100
67712,100
67713,100
67714,100
67715,100
67716,100
67717,100
67718,100
67719,100
67720,100
67721,100
67722,100
67723,100
67724,100
67725,100
67726,0
67727,100
67728,0
67729,100
67730,0
67731,100
67732,0
67733,100
67734,0
67735,100
67736,0
67737,100
67738,0
67739,100
67740,0
67741,100
67742,100
67743,100
67744,100
67745,100
67746,100
67747,100
67748,100
67749,100
67750,100
67751,100
67752,100
67753,100
67754,100
67755,100
67756,100
67757,100
67758,100
67759,100
67760,100
67761,0
67762,100
67763,0
67764,100
67765,0
67766,100
67767,0
67768,100
67769,0
67770,100
67771,0
67772,100
67773,0
67774,100
67775,0
67776,100
67777,100
67778,100
67779,100
67780,100
67781,100
67782,100
67783,100
67784,100
67785,100
67786,100
67787,100
67788,100
67789,100
67790,100
67791,100
67792,100
67793,100
67794,100
67795,100
67796,0
67797,100
67798,0
67799,100
67800,0
67801,100
67802,0
67803,100
67804,0
67805,100
67806,0
67807,100
67808,0
67809,100
67810,0
67811,100
67812,100
67813,100
67814,100
67815,100
67816,100
67817,100
67818,100
67819,100
67820,100
67821,100
67822,100
67823,100
67824,100
67825,100
67826,100
67827,100
67828,100
67829,100
67830,100
67831,0
67832,100
67833,0
67834,100
67835,0
67836,100
67837,0
67838,100
67839,0
67840,100
67841,0
67842,100
67843,0
67844,100
67845,0
67846,100
67847,100
67848,100
67849,100
67850,100
67851,100
67852,100
67853,100
67854,100
67855,100
67856,100
67857,100
67858,100
67859,100
67860,100
67861,100
67862,100
67863,100
67864,100
67865,100
67866,100
67867,100
67868,0
67869,100
67870,0
67871,100
67872,0
67873,100
67874,0
67875,100
67876,0
67877,100
67878,0
67879,100
67880,0
67881,100
67882,100
67883,100
67884,100
67885,100
67886,100
67887,100
67888,100
67889,100
67890,100
67891,100
67892,100
67893,100
67894,100
67895,100
67896,100
67897,100
67898,100
67899,100
67900,100
67901,100
67902,100
67903,0
67904,100
67905,0
67906,100
67907,0
67908,100
67909,0
67910,100
67911,0
67912,100
67913,0
67914,100
67915,0
67916,100
67917,100
67918,100
67919,100
67920,100
67921,100
67922,100
67923,100
67924,100
67925,100
67926,100
67927,100
67928,100
67929,100
67930,100
67931,100
67932,100
67933,100
67934,100
67935,100
67936,100
67937,100
67938,0
67939,100
67940,0
67941,100
67942,0
67943,100
67944,0
67945,100
67946,0
67947,100
67948,0
67949,100
67950,0
67951,100
67952,0
67953,100
67954,100
67955,100
67956,100
67957,100
67958,100
67959,100
67960,100
67961,100
67962,100
67963,100
67964,100
67965,100
67966,100
67967,0
67968,100
67969,100
67970,100
67971,100
67972,100
67973,0
67974,100
67975,0
67976,100
67977,0
67978,100
67979,0
67980,100
67981,0
67982,100
67983,0
67984,100
67985,0
67986,100
67987,0
67988,100
67989,100
67990,100
67991,100
67992,100
67993,100
67994,100
67995,100
67996,100
67997,100
67998,100
67999,100
68000,100
68001,100
68002,0
68003,100
68004,0
68005,100
68006,100
68007,100
68008,0
68009,100
68010,0
68011,100
68012,0
68013,100
68014,0
68015,100
68016,0
68017,100
68018,0
68019,100
68020,0
68021,100
68022,0
68023,100
68024,100
68025,100
68026,100
68027,100
68028,100
68029,100
68030,100
68031,100
68032,100
68033,100
68034,100
68035,100
68036,100
68037,0
68038,100
68039,0
68040,100
68041,0
68042,100
68043,0
68044,100
68045,0
68046,100
68047,0
68048,100
68049,0
68050,100
68051,0
68052,100
68053,0
68054,100
68055,0
68056,100
68057,0
68058,100
68059,100
68060,100
68061,100
68062,100
68063,100
68064,100
68065,100
68066,100
68067,100
68068,100
68069,100
68070,100
68071,100
68072,0
68073,100
68074,0
68075,100
68076,0
68077,100
68078,0
68079,100
68080,0
68081,100
68082,0
68083,100
68084,0
68085,100
68086,0
68087,100
68088,0
68089,100
68090,0
68091,100
68092,0
68093,100
68094,100
68095,100
68096,100
68097,100
68098,100
68099,100
68100,100
68101,100
68102,100
68103,100
68104,100
68105,100
68106,100
68107,0
68108,100
68109,0
68110,100
68111,0
68112,100
68113,0
68114,100
68115,0
68116,100
68117,0
68118,100
68119,0
68120,100
68121,0
68122,100
68123,0
68124,100
68125,0
68126,100
68127,0
68128,100
68129,100
68130,100
68131,100
68132,100
68133,100
68134,100
68135,100
68136,100
68137,100
68138,100
68139,100
68140,100
68141,100
68142,100
68143,100
68144,0
68145,100
68146,0
68147,100
68148,0
68149,100
68150,0
68151,100
68152,0
68153,100
68154,0
68155,100
68156,0
68157,100
68158,0
68159,100
68160,0
68161,100
68162,0
68163,100
68164,0
68165,100
68166,100
68167,100
68168,100
68169,100
68170,100
68171,100
68172,100
68173,100
68174,100
68175,100
68176,100
68177,100
68178,100
68179,0
68180,100
68181,0
68182,100
68183,0
68184,100
68185,0
68186,100
68187,0
68188,100
68189,0
68190,100
68191,0
68192,100
68193,0
68194,100
68195,0
68196,100
68197,0
68198,100
68199,0
68200,100
68201,100
68202,100
68203,100
68204,100
68205,100
68206,100
68207,100
68208,100
68209,100
68210,100
68211,100
68212,100
68213,100
68214,0
68215,100
68216,0
68217,100
68218,0
68219,100
68220,0
68221,100
68222,0
68223,100
68224,0
68225,100
68226,0
68227,100
68228,0
68229,100
68230,0
68231,100
68232,0
68233,100
68234,0
68235,100
68236,100
68237,100
68238,100
68239,100
68240,100
68241,100
68242,100
68243,100
68244,100
68245,100
68246,100
68247,100
68248,100
68249,0
68250,100
68251,0
68252,100
68253,0
68254,100
68255,0
68256,100
68257,0
68258,100
68259,0
68260,100
68261,0
68262,100
68263,0
68264,100
68265,0
68266,100
68267,0
68268,100
68269,0
68270,100
68271,100
68272,100
68273,100
68274,100
68275,100
68276,100
68277,100
68278,100
68279,100
68280,100
68281,100
68282,100
68283,100
68284,0
68285,100
68286,0
68287,100
68288,0
68289,100
68290,0
68291,100
68292,0
68293,100
68294,0
68295,100
68296,0
68297,100
68298,0
68299,100
68300,0
68301,100
68302,0
68303,100
68304,0
68305,100
68306,100
68307,100
68308,100
68309,100
68310,100
68311,100
68312,100
68313,100
68314,100
68315,100
68316,100
68317,100
68318,100
68319,0
68320,100
68321,0
68322,100
68323,0
68324,100
68325,0
68326,100
68327,0
68328,100
68329,0
68330,100
68331,0
68332,100
68333,0
68334,100
68335,0
68336,100
68337,0
68338,100
68339,0
68340,100
68341,100
68342,100
68343,100
68344,100
68345,100
68346,100
68347,100
68348,100
68349,100
68350,100
68351,100
68352,100
68353,100
68354,100
68355,100
68356,0
68357,100
68358,0
68359,100
68360,0
68361,100
68362,0
68363,100
68364,0
68365,100
68366,0
68367,100
68368,0
68369,100
68370,0
68371,100
68372,0
68373,100
68374,0
68375,100
68376,100
68377,100
68378,100
68379,100
68380,100
68381,100
68382,100
68383,100
68384,100
68385,100
68386,100
68387,100
68388,100
68389,100
68390,100
68391,0
68392,100
68393,0
68394,100
68395,0
68396,100
68397,0
68398,100
68399,0
68400,100
68401,0
68402,100
68403,0
68404,100
68405,100
68406,100
68407,0
68408,100
68409,0
68410,100
68411,0
68412,100
68413,100
68414,100
68415,100
68416,100
68417,100
68418,100
68419,100
68420,100
68421,100
68422,100
68423,100
68424,100
68425,100
68426,0
68427,100
68428,0
68429,100
68430,0
68431,100
68432,0
68433,100
68434,0
68435,100
68436,0
68437,100
68438,0
68439,100
68440,0
68441,100
68442,100
68443,100
68444,0
68445,100
68446,0
68447,100
68448,100
68449,100
68450,100
68451,100
68452,100
68453,100
68454,100
68455,100
68456,100
68457,100
68458,100
68459,100
68460,100
68461,0
68462,100
68463,0
68464,100
68465,0
68466,100
68467,0
68468,100
68469,0
68470,100
68471,0
68472,100
68473,0
68474,100
68475,0
68476,100
68477,100
68478,100
68479,100
68480,100
68481,0
68482,100
68483,100
68484,100
68485,100
68486,100
68487,100
68488,100
68489,100
68490,100
68491,100
68492,100
68493,100
68494,100
68495,100
68496,0
68497,100
68498,0
68499,100
68500,0
68501,100
68502,0
68503,100
68504,0
68505,100
68506,0
68507,100
68508,0
68509,100
68510,0
68511,100
68512,100
68513,100
68514,100
68515,100
68516,100
68517,100
68518,100
68519,100
68520,100
68521,100
68522,100
68523,100
68524,100
68525,100
68526,100
68527,100
68528,100
68529,100
68530,100
68531,0
68532,100
68533,0
68534,100
68535,0
68536,100
68537,0
68538,100
68539,0
68540,100
68541,0
68542,100
68543,0
68544,100
68545,0
68546,100
68547,100
68548,100
68549,100
68550,100
68551,100
68552,100
68553,100
68554,100
68555,100
68556,100
68557,100
68558,100
68559,100
68560,100
68561,100
68562,100
68563,100
68564,100
68565,100
68566,0
68567,100
68568,0
68569,100
68570,0
68571,100
68572,0
68573,100
68574,0
68575,100
68576,0
68577,100
68578,0
68579,100
68580,0
68581,100
68582,100
68583,100
68584,100
68585,100
68586,100
68587,100
68588,100
68589,100
68590,100
68591,100
68592,100
68593,100
68594,100
68595,100
68596,100
68597,100
68598,100
68599,100
68600,100
68601,100
68602,100
68603,0
68604,100
68605,0
68606,100
68607,0
68608,100
68609,0
68610,100
68611,0
68612,100
68613,0
68614,100
68615,0
68616,100
68617,100
68618,100
68619,100
68620,100
68621,100
68622,100
68623,100
68624,100
68625,100
68626,100
68627,100
68628,100
68629,100
68630,100
68631,100
68632,100
68633,100
68634,100
68635,100
68636,100
68637,100
68638,0
68639,100
68640,0
68641,100
68642,0
68643,100
68644,0
68645,100
68646,0
68647,100
68648,0
68649,100
68650,0
68651,100
68652,100
68653,100
68654,100
68655,100
68656,100
68657,100
68658,100
68659,100
68660,100
68661,100
68662,100
68663,100
68664,100
68665,100
68666,100
68667,100
68668,100
68669,100
68670,100
68671,100
68672,100
68673,0
68674,100
68675,0
68676,100
68677,0
68678,100
68679,0
68680,100
68681,0
68682,100
68683,0
68684,100
68685,0
68686,100
68687,0
68688,100
68689,100
68690,100
68691,100
68692,100
68693,100
68694,100
68695,100
68696,100
68697,100
68698,100
68699,100
68700,100
68701,100
68702,100
68703,100
68704,100
68705,100
68706,100
68707,100
68708,0
68709,100
68710,0
68711,100
68712,0
68713,100
68714,0
68715,100
68716,0
68717,100
68718,0
68719,100
68720,0
68721,100
68722,0
68723,100
68724,100
68725,100
68726,100
68727,100
68728,100
68729,100
68730,100
68731,100
68732,100
68733,100
68734,100
68735,100
68736,100
68737,100
68738,100
68739,100
68740,100
68741,100
68742,100
68743,0
68744,100
68745,0
68746,100
68747,0
68748,100
68749,0
68750,100
68751,0
68752,100
68753,0
68754,100
68755,0
68756,100
68757,0
68758,100
68759,100
68760,100
68761,100
68762,100
68763,100
68764,100
68765,100
68766,100
68767,100
68768,100
68769,100
68770,100
68771,100
68772,100
68773,100
68774,100
68775,100
68776,100
68777,100
68778,0
68779,100
68780,0
68781,100
68782,0
68783,100
68784,0
68785,100
68786,0
68787,100
68788,0
68789,100
68790,0
68791,100
68792,0
68793,100
68794,100
68795,100
68796,100
68797,100
68798,100
68799,100
68800,100
68801,100
68802,100
68803,100
68804,100
68805,100
68806,100
68807,0
68808,100
68809,100
68810,100
68811,100
68812,100
68813,100
68814,100
68815,0
68816,100
68817,0
68818,100
68819,0
68820,100
68821,0
68822,100
68823,0
68824,100
68825,0
68826,100
68827,0
68828,100
68829,100
68830,100
68831,100
68832,100
68833,100
68834,100
68835,100
68836,100
68837,100
68838,100
68839,100
68840,100
68841,100
68842,100
68843,100
68844,0
68845,100
68846,100
68847,100
68848,0
68849,100
68850,0
68851,100
68852,0
68853,100
68854,0
68855,100
68856,0
68857,100
68858,0
68859,100
68860,0
68861,100
68862,0
68863,100
68864,100
68865,100
68866,100
68867,100
68868,100
68869,100
68870,100
68871,100
68872,100
68873,100
68874,100
68875,100
68876,100
68877,100
68878,100
68879,0
68880,100
68881,100
68882,100
68883,100
68884,100
68885,0
68886,100
68887,0
68888,100
68889,0
68890,100
68891,0
68892,100
68893,0
68894,100
68895,0
68896,100
68897,0
68898,100
68899,0
68900,100
68901,100
68902,100
68903,100
68904,100
68905,100
68906,100
68907,100
68908,100
68909,100
68910,100
68911,100
68912,100
68913,100
68914,0
68915,100
68916,0
68917,100
68918,100
68919,100
68920,0
68921,100
68922,0
68923,100
68924,0
68925,100
68926,0
68927,100
68928,0
68929,100
68930,0
68931,100
68932,0
68933,100
68934,0
68935,100
68936,100
68937,100
68938,100
68939,100
68940,100
68941,100
68942,100
68943,100
68944,100
68945,100
68946,100
68947,100
68948,100
68949,0
68950,100
68951,0
68952,100
68953,0
68954,100
68955,0
68956,100
68957,0
68958,100
68959,0
68960,100
68961,0
68962,100
68963,0
68964,100
68965,0
68966,100
68967,0
68968,100
68969,0
68970,100
68971,100
68972,100
68973,100
68974,100
68975,100
68976,100
68977,100
68978,100
68979,100
68980,100
68981,100
68982,100
68983,100
68984,0
68985,100
68986,0
68987,100
68988,0
68989,100
68990,0
68991,100
68992,0
68993,100
68994,0
68995,100
68996,0
68997,100
68998,0
68999,100
69000,0
69001,100
69002,0
69003,100
69004,0
69005,100
69006,100
69007,100
69008,100
69009,100
69010,100
69011,100
69012,100
69013,100
69014,100
69015,100
69016,100
69017,100
69018,100
69019,0
69020,100
69021,0
69022,100
69023,0
69024,100
69025,0
69026,100
69027,0
69028,100
69029,0
69030,100
69031,0
69032,100
69033,0
69034,100
69035,0
69036,100
69037,0
69038,100
69039,0
69040,100
69041,100
69042,100
69043,100
69044,100
69045,100
69046,100
69047,100
69048,100
69049,100
69050,100
69051,100
69052,100
69053,100
69054,0
69055,100
69056,0
69057,100
69058,0
69059,100
69060,0
69061,100
69062,0
69063,100
69064,0
69065,100
69066,0
69067,100
69068,0
69069,100
69070,0
69071,100
69072,0
69073,100
69074,0
69075,100
69076,100
69077,100
69078,100
69079,100
69080,100
69081,100
69082,100
69083,100
69084,100
69085,100
69086,100
69087,100
69088,100
69089,100
69090,100
69091,0
69092,100
69093,0
69094,100
69095,0
69096,100
69097,0
69098,100
69099,0
69100,100
69101,0
69102,100
69103,0
69104,100
69105,0
69106,100
69107,0
69108,100
69109,0
69110,100
69111,100
69112,100
69113,100
69114,100
69115,100
69116,100
69117,100
69118,100
69119,100
69120,100
69121,100
69122,100
69123,100
69124,100
69125,100
69126,0
69127,100
69128,0
69129,100
69130,0
69131,100
69132,0
69133,100
69134,0
69135,100
69136,0
69137,100
69138,0
69139,100
69140,0
69141,100
69142,0
69143,100
69144,0
69145,100
69146,0
69147,100
69148,100
69149,100
69150,100
69151,100
69152,100
69153,100
69154,100
69155,100
69156,100
69157,100
69158,100
69159,100
69160,100
69161,0
69162,100
69163,0
69164,100
69165,0
69166,100
69167,0
69168,100
69169,0
69170,100
69171,0
69172,100
69173,0
69174,100
69175,0
69176,100
69177,0
69178,100
69179,0
69180,100
69181,100
69182,100
69183,100
69184,100
69185,100
69186,100
69187,100
69188,100
69189,100
69190,100
69191,100
69192,100
69193,100
69194,100
69195,100
69196,0
69197,100
69198,0
69199,100
69200,0
69201,100
69202,0
69203,100
69204,0
69205,100
69206,0
69207,100
69208,0
69209,100
69210,0
69211,100
69212,0
69213,100
69214,0
69215,100
69216,0
69217,100
69218,100
69219,100
69220,100
69221,100
69222,100
69223,100
69224,100
69225,100
69226,100
69227,100
69228,100
69229,100
69230,100
69231,0
69232,100
69233,0
69234,100
69235,0
69236,100
69237,0
69238,100
69239,0
69240,100
69241,0
69242,100
69243,0
69244,100
69245,0
69246,100
69247,0
69248,100
69249,0
69250,100
69251,0
69252,100
69253,100
69254,100
69255,100
69256,100
69257,100
69258,100
69259,100
69260,100
69261,100
69262,100
69263,100
69264,100
69265,100
69266,0
69267,100
69268,0
69269,100
69270,0
69271,100
69272,0
69273,100
69274,0
69275,100
69276,0
69277,100
69278,0
69279,100
69280,0
69281,100
69282,100
69283,100
69284,0
69285,100
69286,0
69287,100
69288,100
69289,100
69290,100
69291,100
69292,100
69293,100
69294,100
69295,100
69296,100
69297,100
69298,100
69299,100
69300,100
69301,0
69302,100
69303,0
69304,100
69305,0
69306,100
69307,0
69308,100
69309,0
69310,100
69311,0
69312,100
69313,0
69314,100
69315,0
69316,100
69317,100
69318,100
69319,100
69320,100
69321,0
69322,100
69323,100
69324,100
69325,100
69326,100
69327,100
69328,100
69329,100
69330,100
69331,100
69332,100
69333,100
69334,100
69335,100
69336,0
69337,100
69338,0
69339,100
69340,0
69341,100
69342,0
69343,100
69344,0
69345,100
69346,0
69347,100
69348,0
69349,100
69350,0
69351,100
69352,100
69353,100
69354,100
69355,100
69356,0
69357,100
69358,100
69359,100
69360,100
69361,100
69362,100
69363,100
69364,100
69365,100
69366,100
69367,100
69368,100
69369,100
69370,100
69371,100
69372,100
69373,0
69374,100
69375,0
69376,100
69377,0
69378,100
69379,0
69380,100
69381,0
69382,100
69383,0
69384,100
69385,0
69386,100
69387,0
69388,100
69389,100
69390,100
69391,100
69392,100
69393,100
69394,100
69395,100
69396,100
69397,100
69398,100
69399,100
69400,100
69401,100
69402,100
69403,100
69404,100
69405,100
69406,100
69407,100
69408,0
69409,100
69410,0
69411,100
69412,0
69413,100
69414,0
69415,100
69416,0
69417,100
69418,0
69419,100
69420,0
69421,100
69422,0
69423,100
69424,100
69425,100
69426,100
69427,100
69428,100
69429,100
69430,100
69431,100
69432,100
69433,100
69434,100
69435,100
69436,100
69437,100
69438,100
69439,100
69440,100
69441,100
69442,100
69443,0
69444,100
69445,0
69446,100
69447,0
69448,100
69449,0
69450,100
69451,0
69452,100
69453,0
69454,100
69455,0
69456,100
69457,0
69458,100
69459,100
69460,100
69461,100
69462,100
69463,100
69464,100
69465,100
69466,100
69467,100
69468,100
69469,100
69470,100
69471,100
69472,100
69473,100
69474,100
69475,100
69476,100
69477,100
69478,0
69479,100
69480,0
69481,100
69482,0
69483,100
69484,0
69485,100
69486,0
69487,100
69488,0
69489,100
69490,0
69491,100
69492,0
69493,100
69494,100
69495,100
69496,100
69497,100
69498,100
69499,100
69500,100
69501,100
69502,100
69503,100
69504,100
69505,100
69506,100
69507,100
69508,100
69509,100
69510,100
69511,100
69512,100
69513,0
69514,100
69515,0
69516,100
69517,0
69518,100
69519,0
69520,100
69521,0
69522,100
69523,0
69524,100
69525,0
69526,100
69527,0
69528,100
69529,100
69530,100
69531,100
69532,100
69533,100
69534,100
69535,100
69536,100
69537,100
69538,100
69539,100
69540,100
69541,100
69542,100
69543,100
69544,100
69545,100
69546,100
69547,100
69548,0
69549,100
69550,0
69551,100
69552,0
69553,100
69554,0
69555,100
69556,0
69557,100
69558,0
69559,100
69560,0
69561,100
69562,0
69563,100
69564,100
69565,100
69566,100
69567,100
69568,100
69569,100
69570,100
69571,100
69572,100
69573,100
69574,100
69575,100
69576,100
69577,100
69578,100
69579,100
69580,100
69581,100
69582,100
69583,0
69584,100
69585,0
69586,100
69587,0
69588,100
69589,0
69590,100
69591,0
69592,100
69593,0
69594,100
69595,0
69596,100
69597,0
69598,100
69599,100
69600,100
69601,100
69602,100
69603,100
69604,100
69605,100
69606,100
69607,100
69608,100
69609,100
69610,100
69611,100
69612,100
69613,100
69614,100
69615,100
69616,100
69617,100
69618,100
69619,100
69620,0
69621,100
69622,0
69623,100
69624,0
69625,100
69626,0
69627,100
69628,0
69629,100
69630,0
69631,100
69632,0
69633,100
69634,0
69635,100
69636,100
69637,100
69638,100
69639,100
69640,100
69641,100
69642,100
69643,100
69644,100
69645,100
69646,100
69647,100
69648,100
69649,100
69650,100
69651,100
69652,100
69653,100
69654,100
69655,0
69656,100
69657,0
69658,100
69659,0
69660,100
69661,0
69662,100
69663,0
69664,100
69665,0
69666,100
69667,0
69668,100
69669,0
69670,100
69671,100
69672,100
69673,100
69674,100
69675,100
69676,100
69677,100
69678,100
69679,100
69680,100
69681,100
69682,100
69683,100
69684,0
69685,100
69686,100
69687,100
69688,100
69689,100
69690,0
69691,100
69692,0
69693,100
69694,0
69695,100
69696,0
69697,100
69698,0
69699,100
69700,0
69701,100
69702,0
69703,100
69704,0
69705,100
69706,100
69707,100
69708,100
69709,100
69710,100
69711,100
69712,100
69713,100
69714,100
69715,100
69716,100
69717,100
69718,100
69719,0
69720,100
69721,100
69722,100
69723,100
69724,100
69725,0
69726,100
69727,0
69728,100
69729,0
69730,100
69731,0
69732,100
69733,0
69734,100
69735,0
69736,100
69737,0
69738,100
69739,0
69740,100
69741,100
69742,100
69743,100
69744,100
69745,100
69746,100
69747,100
69748,100
69749,100
69750,100
69751,100
69752,100
69753,100
69754,0
69755,100
69756,0
69757,100
69758,100
69759,100
69760,0
69761,100
69762,0
69763,100
69764,0
69765,100
69766,0
69767,100
69768,0
69769,100
69770,0
69771,100
69772,0
69773,100
69774,0
69775,100
69776,100
69777,100
69778,100
69779,100
69780,100
69781,100
69782,100
69783,100
69784,100
69785,100
69786,100
69787,100
69788,100
69789,0
69790,100
69791,0
69792,100
69793,0
69794,100
69795,0
69796,100
69797,0
69798,100
69799,0
69800,100
69801,0
69802,100
69803,0
69804,100
69805,0
69806,100
69807,0
69808,100
69809,0
69810,100
69811,100
69812,100
69813,100
69814,100
69815,100
69816,100
69817,100
69818,100
69819,100
69820,100
69821,100
69822,100
69823,100
69824,0
69825,100
69826,0
69827,100
69828,0
69829,100
69830,0
69831,100
69832,0
69833,100
69834,0
69835,100
69836,0
69837,100
69838,0
69839,100
69840,0
69841,100
69842,0
69843,100
69844,0
69845,100
69846,0
69847,100
69848,100
69849,100
69850,100
69851,100
69852,100
69853,100
69854,100
69855,100
69856,100
69857,100
69858,100
69859,100
69860,100
69861,0
69862,100
69863,0
69864,100
69865,0
69866,100
69867,0
69868,100
69869,0
69870,100
69871,0
69872,100
69873,0
69874,100
69875,0
69876,100
69877,0
69878,100
69879,0
69880,100
69881,100
69882,100
69883,100
69884,100
69885,100
69886,100
69887,100
69888,100
69889,100
69890,100
69891,100
69892,100
69893,100
69894,100
69895,100
69896,0
69897,100
69898,0
69899,100
69900,0
69901,100
69902,0
69903,100
69904,0
69905,100
69906,0
69907,100
69908,0
69909,100
69910,0
69911,100
69912,0
69913,100
69914,0
69915,100
69916,0
69917,100
69918,100
69919,100
69920,100
69921,100
69922,100
69923,100
69924,100
69925,100
69926,100
69927,100
69928,100
69929,100
69930,100
69931,0
69932,100
69933,0
69934,100
69935,0
69936,100
69937,0
69938,100
69939,0
69940,100
69941,0
69942,100
69943,0
69944,100
69945,0
69946,100
69947,0
69948,100
69949,0
69950,100
69951,0
69952,100
69953,100
69954,100
69955,100
69956,100
69957,100
69958,100
69959,100
69960,100
69961,100
69962,100
69963,100
69964,100
69965,100
69966,0
69967,100
69968,0
69969,100
69970,0
69971,100
69972,0
69973,100
69974,0
69975,100
69976,0
69977,100
69978,0
69979,100
69980,0
69981,100
69982,0
69983,100
69984,0
69985,100
69986,0
69987,100
69988,100
69989,100
69990,100
69991,100
69992,100
69993,100
69994,100
69995,100
69996,100
69997,100
69998,100
69999,100
70000,100
70001,0
70002,100
70003,0
70004,100
70005,0
70006,100
70007,0
70008,100
70009,0
70010,100
70011,0
70012,100
70013,0
70014,100
70015,0
70016,100
70017,0
70018,100
70019,0
70020,100
70021,0
70022,100
70023,100
70024,100
70025,100
70026,100
70027,100
70028,100
70029,100
70030,100
70031,100
70032,100
70033,100
70034,100
70035,100
70036,0
70037,100
70038,0
70039,100
70040,0
70041,100
70042,0
70043,100
70044,0
70045,100
70046,0
70047,100
70048,0
70049,100
70050,0
70051,100
70052,0
70053,100
70054,0
70055,100
70056,0
70057,100
70058,100
70059,100
70060,100
70061,100
70062,100
70063,100
70064,100
70065,100
70066,100
70067,100
70068,100
70069,100
70070,100
70071,100
70072,100
70073,0
70074,100
70075,0
70076,100
70077,0
70078,100
70079,0
70080,100
70081,0
70082,100
70083,0
70084,100
70085,0
70086,100
70087,0
70088,100
70089,0
70090,100
70091,0
70092,100
70093,100
70094,100
70095,100
70096,100
70097,100
70098,100
70099,100
70100,100
70101,100
70102,100
70103,100
70104,100
70105,100
70106,100
70107,100
70108,0
70109,100
70110,0
70111,100
70112,0
70113,100
70114,0
70115,100
70116,0
70117,100
70118,0
70119,100
70120,0
70121,100
70122,0
70123,100
70124,0
70125,100
70126,0
70127,100
70128,100
70129,100
70130,100
70131,100
70132,100
70133,100
70134,100
70135,100
70136,100
70137,100
70138,100
70139,100
70140,100
70141,100
70142,100
70143,0
70144,100
70145,0
70146,100
70147,0
70148,100
70149,0
70150,100
70151,0
70152,100
70153,0
70154,100
70155,0
70156,100
70157,0
70158,100
70159,100
70160,100
70161,0
70162,100
70163,0
70164,100
70165,100
70166,100
70167,100
70168,100
70169,100
70170,100
70171,100
70172,100
70173,100
70174,100
70175,100
70176,100
70177,100
70178,0
70179,100
70180,0
70181,100
70182,0
70183,100
70184,0
70185,100
70186,0
70187,100
70188,0
70189,100
70190,0
70191,100
70192,0
70193,100
70194,100
70195,100
70196,0
70197,100
70198,0
70199,100
70200,100
70201,100
70202,100
70203,100
70204,100
70205,100
70206,100
70207,100
70208,100
70209,100
70210,100
70211,100
70212,100
70213,0
70214,100
70215,0
70216,100
70217,0
70218,100
70219,0
70220,100
70221,0
70222,100
70223,0
70224,100
70225,0
70226,100
70227,0
70228,100
70229,100
70230,100
70231,100
70232,100
70233,0
70234,100
70235,100
70236,100
70237,100
70238,100
70239,100
70240,100
70241,100
70242,100
70243,100
70244,100
70245,100
70246,100
70247,100
70248,0
70249,100
70250,0
70251,100
70252,0
70253,100
70254,0
70255,100
70256,0
70257,100
70258,0
70259,100
70260,0
70261,100
70262,0
70263,100
70264,100
70265,100
70266,100
70267,100
70268,100
70269,100
70270,100
70271,100
70272,100
70273,100
70274,100
70275,100
70276,100
70277,100
70278,100
70279,100
70280,100
70281,100
70282,100
70283,0
70284,100
70285,0
70286,100
70287,0
70288,100
70289,0
70290,100
70291,0
70292,100
70293,0
70294,100
70295,0
70296,100
70297,0
70298,100
70299,100
70300,100
70301,100
70302,100
70303,100
70304,100
70305,100
70306,100
70307,100
70308,100
70309,100
70310,100
70311,100
70312,100
70313,100
70314,100
70315,100
70316,100
70317,100
70318,100
70319,100
70320,0
70321,100
70322,0
70323,100
70324,0
70325,100
70326,0
70327,100
70328,0
70329,100
70330,0
70331,100
70332,0
70333,100
70334,100
70335,100
70336,100
70337,100
70338,100
70339,100
70340,100
70341,100
70342,100
70343,100
70344,100
70345,100
70346,100
70347,100
70348,100
70349,100
70350,100
70351,100
70352,100
70353,100
70354,100
70355,0
70356,100
70357,0
70358,100
70359,0
70360,100
70361,0
70362,100
70363,0
70364,100
70365,0
70366,100
70367,0
70368,100
70369,100
70370,100
70371,100
70372,100
70373,100
70374,100
70375,100
70376,100
70377,100
70378,100
70379,100
70380,100
70381,100
70382,100
70383,100
70384,100
70385,100
70386,100
70387,100
70388,100
70389,100
70390,0
70391,100
70392,0
70393,100
70394,0
70395,100
70396,0
70397,100
70398,0
70399,100
70400,0
70401,100
70402,0
70403,100
70404,0
70405,100
70406,100
70407,100
70408,100
70409,100
70410,100
70411,100
70412,100
70413,100
70414,100
70415,100
70416,100
70417,100
70418,100
70419,100
70420,100
70421,100
70422,100
70423,100
70424,100
70425,0
70426,100
70427,0
70428,100
70429,0
70430,100
70431,0
70432,100
70433,0
70434,100
70435,0
70436,100
70437,0
70438,100
70439,0
70440,100
70441,100
70442,100
70443,100
70444,100
70445,100
70446,100
70447,100
70448,100
70449,100
70450,100
70451,100
70452,100
70453,100
70454,100
70455,100
70456,100
70457,100
70458,100
70459,100
70460,0
70461,100
70462,0
70463,100
70464,0
70465,100
70466,0
70467,100
70468,0
70469,100
70470,0
70471,100
70472,0
70473,100
70474,0
70475,100
70476,100
70477,100
70478,100
70479,100
70480,100
70481,100
70482,100
70483,100
70484,100
70485,100
70486,100
70487,100
70488,100
70489,100
70490,100
70491,100
70492,100
70493,100
70494,100
70495,0
70496,100
70497,0
70498,100
70499,0
70500,100
70501,0
70502,100
70503,0
70504,100
70505,0
70506,100
70507,0
70508,100
70509,0
70510,100
70511,100
70512,100
70513,100
70514,100
70515,100
70516,100
70517,100
70518,100
70519,100
70520,100
70521,100
70522,100
70523,100
70524,100
70525,100
70526,100
70527,100
70528,100
70529,100
70530,0
70531,100
70532,0
70533,100
70534,0
70535,100
70536,0
70537,100
70538,0
70539,100
70540,0
70541,100
70542,0
70543,100
70544,0
70545,100
70546,100
70547,100
70548,100
70549,100
70550,100
70551,100
70552,100
70553,100
70554,100
70555,100
70556,100
70557,100
70558,100
70559,0
70560,100
70561,100
70562,100
70563,100
70564,100
70565,100
70566,100
70567,0
70568,100
70569,0
70570,100
70571,0
70572,100
70573,0
70574,100
70575,0
70576,100
70577,0
70578,100
70579,0
70580,100
70581,100
70582,100
70583,100
70584,100
70585,100
70586,100
70587,100
70588,100
70589,100
70590,100
70591,100
70592,100
70593,100
70594,100
70595,100
70596,0
70597,100
70598,100
70599,100
70600,0
70601,100
70602,0
70603,100
70604,0
70605,100
70606,0
70607,100
70608,0
70609,100
70610,0
70611,100
70612,0
70613,100
70614,0
70615,100
70616,100
70617,100
70618,100
70619,100
70620,100
70621,100
70622,100
70623,100
70624,100
70625,100
70626,100
70627,100
70628,100
70629,100
70630,100
70631,0
70632,100
70633,0
70634,100
70635,100
70636,100
70637,0
70638,100
70639,0
70640,100
70641,0
70642,100
70643,0
70644,100
70645,0
70646,100
70647,0
70648,100
70649,0
70650,100
70651,0
70652,100
70653,100
70654,100
70655,100
70656,100
70657,100
70658,100
70659,100
70660,100
70661,100
70662,100
70663,100
70664,100
70665,100
70666,0
70667,100
70668,0
70669,100
70670,100
70671,100
70672,0
70673,100
70674,0
70675,100
70676,0
70677,100
70678,0
70679,100
70680,0
70681,100
70682,0
70683,100
70684,0
70685,100
70686,0
70687,100
70688,100
70689,100
70690,100
70691,100
70692,100
70693,100
70694,100
70695,100
70696,100
70697,100
70698,100
70699,100
70700,100
70701,0
70702,100
70703,0
70704,100
70705,0
70706,100
70707,0
70708,100
70709,0
70710,100
70711,0
70712,100
70713,0
70714,100
70715,0
70716,100
70717,0
70718,100
70719,0
70720,100
70721,0
70722,100
70723,100
70724,100
70725,100
70726,100
70727,100
70728,100
70729,100
70730,100
70731,100
70732,100
70733,100
70734,100
70735,100
70736,0
70737,100
70738,0
70739,100
70740,0
70741,100
70742,0
70743,100
70744,0
70745,100
70746,0
70747,100
70748,0
70749,100
70750,0
70751,100
70752,0
70753,100
70754,0
70755,100
70756,0
70757,100
70758,100
70759,100
70760,100
70761,100
70762,100
70763,100
70764,100
70765,100
70766,100
70767,100
70768,100
70769,100
70770,100
70771,0
70772,100
70773,0
70774,100
70775,0
70776,100
70777,0
70778,100
70779,0
70780,100
70781,0
70782,100
70783,0
70784,100
70785,0
70786,100
70787,0
70788,100
70789,0
70790,100
70791,0
70792,100
70793,100
70794,100
70795,100
70796,100
70797,100
70798,100
70799,100
70800,100
70801,100
70802,100
70803,100
70804,100
70805,100
70806,100
70807,100
70808,0
70809,100
70810,0
70811,100
70812,0
70813,100
70814,0
70815,100
70816,0
70817,100
70818,0
70819,100
70820,0
70821,100
70822,0
70823,100
70824,0
70825,100
70826,0
70827,100
70828,100
70829,100
70830,100
70831,100
70832,100
70833,100
70834,100
70835,100
70836,100
70837,100
70838,100
70839,100
70840,100
70841,100
70842,100
70843,0
70844,100
70845,0
70846,100
70847,0
70848,100
70849,0
70850,100
70851,0
70852,100
70853,0
70854,100
70855,0
70856,100
70857,0
70858,100
70859,0
70860,100
70861,0
70862,100
70863,100
70864,100
70865,100
70866,100
70867,100
70868,100
70869,100
70870,100
70871,100
70872,100
70873,100
70874,100
70875,100
70876,100
70877,100
70878,0
70879,100
70880,0
70881,100
70882,0
70883,100
70884,0
70885,100
70886,0
70887,100
70888,0
70889,100
70890,0
70891,100
70892,0
70893,100
70894,0
70895,100
70896,0
70897,100
70898,0
70899,100
70900,100
70901,100
70902,100
70903,100
70904,100
70905,100
70906,100
70907,100
70908,100
70909,100
70910,100
70911,100
70912,100
70913,0
70914,100
70915,0
70916,100
70917,0
70918,100
70919,0
70920,100
70921,0
70922,100
70923,0
70924,100
70925,0
70926,100
70927,0
70928,100
70929,0
70930,100
70931,0
70932,100
70933,0
70934,100
70935,100
70936,100
70937,100
70938,100
70939,100
70940,100
70941,100
70942,100
70943,100
70944,100
70945,100
70946,100
70947,100
70948,0
70949,100
70950,0
70951,100
70952,0
70953,100
70954,0
70955,100
70956,0
70957,100
70958,0
70959,100
70960,0
70961,100
70962,0
70963,100
70964,0
70965,100
70966,0
70967,100
70968,0
70969,100
70970,100
70971,100
70972,100
70973,100
70974,100
70975,100
70976,100
70977,100
70978,100
70979,100
70980,100
70981,100
70982,100
70983,0
70984,100
70985,0
70986,100
70987,0
70988,100
70989,0
70990,100
70991,0
70992,100
70993,0
70994,100
70995,0
70996,100
70997,0
70998,100
70999,0
71000,100
71001,0
71002,100
71003,0
71004,100
71005,100
71006,100
71007,100
71008,100
71009,100
71010,100
71011,100
71012,100
71013,100
71014,100
71015,100
71016,100
71017,100
71018,0
71019,100
71020,0
71021,100
71022,0
71023,100
71024,0
71025,100
71026,0
71027,100
71028,0
71029,100
71030,0
71031,100
71032,0
71033,100
71034,100
71035,100
71036,0
71037,100
71038,0
71039,100
71040,100
71041,100
71042,100
71043,100
71044,100
71045,100
71046,100
71047,100
71048,100
71049,100
71050,100
71051,100
71052,100
71053,100
71054,100
71055,0
71056,100
71057,0
71058,100
71059,0
71060,100
71061,0
71062,100
71063,0
71064,100
71065,0
71066,100
71067,0
71068,100
71069,100
71070,100
71071,100
71072,100
71073,0
71074,100
71075,100
71076,100
71077,100
71078,100
71079,100
71080,100
71081,100
71082,100
71083,100
71084,100
71085,100
71086,100
71087,100
71088,0
71089,100
71090,0
71091,100
71092,0
71093,100
71094,0
71095,100
71096,0
71097,100
71098,0
71099,100
71100,0
71101,100
71102,0
71103,100
71104,0
71105,100
71106,100
71107,100
71108,100
71109,100
71110,0
71111,100
71112,100
71113,100
71114,100
71115,100
71116,100
71117,100
71118,100
71119,100
71120,100
71121,100
71122,100
71123,100
71124,100
71125,0
71126,100
71127,0
71128,100
71129,0
71130,100
71131,0
71132,100
71133,0
71134,100
71135,0
71136,100
71137,0
71138,100
71139,0
71140,100
71141,100
71142,100
71143,100
71144,100
71145,0
71146,100
71147,100
71148,100
71149,100
71150,100
71151,100
71152,100
71153,100
71154,100
71155,100
71156,100
71157,100
71158,100
71159,100
71160,0
71161,100
71162,0
71163,100
71164,0
71165,100
71166,0
71167,100
71168,0
71169,100
71170,0
71171,100
71172,0
71173,100
71174,0
71175,100
71176,100
71177,100
71178,100
71179,100
71180,100
71181,100
71182,100
71183,100
71184,100
71185,100
71186,100
71187,100
71188,100
71189,100
71190,100
71191,100
71192,100
71193,100
71194,100
71195,0
71196,100
71197,0
71198,100
71199,0
71200,100
71201,0
71202,100
71203,0
71204,100
71205,0
71206,100
71207,0
71208,100
71209,0
71210,100
71211,100
71212,100
71213,100
71214,100
71215,100
71216,100
71217,100
71218,100
71219,100
71220,100
71221,100
71222,100
71223,100
71224,100
71225,100
71226,100
71227,100
71228,100
71229,100
71230,0
71231,100
71232,0
71233,100
71234,0
71235,100
71236,0
71237,100
71238,0
71239,100
71240,0
71241,100
71242,0
71243,100
71244,0
71245,100
71246,100
71247,100
71248,100
71249,100
71250,100
71251,100
71252,100
71253,100
71254,100
71255,100
71256,100
71257,100
71258,100
71259,100
71260,100
71261,100
71262,100
71263,100
71264,100
71265,0
71266,100
71267,0
71268,100
71269,0
71270,100
71271,0
71272,100
71273,0
71274,100
71275,0
71276,100
71277,0
71278,100
71279,0
71280,100
71281,100
71282,100
71283,100
71284,100
71285,100
71286,100
71287,100
71288,100
71289,100
71290,100
71291,100
71292,100
71293,100
71294,100
71295,100
71296,100
71297,100
71298,100
71299,100
71300,0
71301,100
71302,0
71303,100
71304,0
71305,100
71306,0
71307,100
71308,0
71309,100
71310,0
71311,100
71312,0
71313,100
71314,0
71315,100
71316,100
71317,100
71318,100
71319,100
71320,100
71321,100
71322,100
71323,100
71324,100
71325,100
71326,100
71327,100
71328,100
71329,100
71330,100
71331,100
71332,100
71333,100
71334,100
71335,100
71336,100
71337,0
71338,100
71339,0
71340,100
71341,0
71342,100
71343,0
71344,100
71345,0
71346,100
71347,0
71348,100
71349,0
71350,100
71351,0
71352,100
71353,100
71354,100
71355,100
71356,100
71357,100
71358,100
71359,100
71360,100
71361,100
71362,100
71363,100
71364,100
71365,100
71366,100
71367,100
71368,100
71369,100
71370,100
71371,100
71372,0
71373,100
71374,0
71375,100
71376,0
71377,100
71378,0
71379,100
71380,0
71381,100
71382,0
71383,100
71384,0
71385,100
71386,0
71387,100
71388,100
71389,100
71390,100
71391,100
71392,100
71393,100
71394,100
71395,100
71396,100
71397,100
71398,100
71399,100
71400,100
71401,100
71402,100
71403,100
71404,100
71405,100
71406,100
71407,0
71408,100
71409,0
71410,100
71411,0
71412,100
71413,0
71414,100
71415,0
71416,100
71417,0
71418,100
71419,0
71420,100
71421,0
71422,100
71423,100
71424,100
71425,100
71426,100
71427,100
71428,100
71429,100
71430,100
71431,100
71432,100
71433,100
71434,100
71435,100
71436,0
71437,100
71438,100
71439,100
71440,100
71441,100
71442,0
71443,100
71444,0
71445,100
71446,0
71447,100
71448,0
71449,100
71450,0
71451,100
71452,0
71453,100
71454,0
71455,100
71456,0
71457,100
71458,100
71459,100
71460,100
71461,100
71462,100
71463,100
71464,100
71465,100
71466,100
71467,100
71468,100
71469,100
71470,100
71471,0
71472,100
71473,100
71474,100
71475,100
71476,100
71477,0
71478,100
71479,0
71480,100
71481,0
71482,100
71483,0
71484,100
71485,0
71486,100
71487,0
71488,100
71489,0
71490,100
71491,0
71492,100
71493,100
71494,100
71495,100
71496,100
71497,100
71498,100
71499,100
71500,100
71501,100
71502,100
71503,100
71504,100
71505,100
71506,0
71507,100
71508,0
71509,100
71510,100
71511,100
71512,0
71513,100
71514,0
71515,100
71516,0
71517,100
71518,0
71519,100
71520,0
71521,100
71522,0
71523,100
71524,0
71525,100
71526,0
71527,100
71528,100
71529,100
71530,100
71531,100
71532,100
71533,100
71534,100
71535,100
71536,100
71537,100
71538,100
71539,100
71540,100
71541,100
71542,100
71543,0
71544,100
71545,0
71546,100
71547,0
71548,100
71549,0
71550,100
71551,0
71552,100
71553,0
71554,100
71555,0
71556,100
71557,0
71558,100
71559,0
71560,100
71561,0
71562,100
71563,100
71564,100
71565,100
71566,100
71567,100
71568,100
71569,100
71570,100
71571,100
71572,100
71573,100
71574,100
71575,100
71576,100
71577,100
71578,0
71579,100
71580,0
71581,100
71582,0
71583,100
71584,0
71585,100
71586,0
71587,100
71588,0
71589,100
71590,0
71591,100
71592,0
71593,100
71594,0
71595,100
71596,0
71597,100
71598,0
71599,100
71600,100
71601,100
71602,100
71603,100
71604,100
71605,100
71606,100
71607,100
71608,100
71609,100
71610,100
71611,100
71612,100
71613,0
71614,100
71615,0
71616,100
71617,0
71618,100
71619,0
71620,100
71621,0
71622,100
71623,0
71624,100
71625,0
71626,100
71627,0
71628,100
71629,0
71630,100
71631,0
71632,100
71633,100
71634,100
71635,100
71636,100
71637,100
71638,100
71639,100
71640,100
71641,100
71642,100
71643,100
71644,100
71645,100
71646,100
71647,100
71648,0
71649,100
71650,0
71651,100
71652,0
71653,100
71654,0
71655,100
71656,0
71657,100
71658,0
71659,100
71660,0
71661,100
71662,0
71663,100
71664,0
71665,100
71666,0
71667,100
71668,0
71669,100
71670,100
71671,100
71672,100
71673,100
71674,100
71675,100
71676,100
71677,100
71678,100
71679,100
71680,100
71681,100
71682,100
71683,0
71684,100
71685,0
71686,100
71687,0
71688,100
71689,0
71690,100
71691,0
71692,100
71693,0
71694,100
71695,0
71696,100
71697,0
71698,100
71699,0
71700,100
71701,0
71702,100
71703,0
71704,100
71705,100
71706,100
71707,100
71708,100
71709,100
71710,100
71711,100
71712,100
71713,100
71714,100
71715,100
71716,100
71717,100
71718,0
71719,100
71720,0
71721,100
71722,0
71723,100
71724,0
71725,100
71726,0
71727,100
71728,0
71729,100
71730,0
71731,100
71732,0
71733,100
71734,0
71735,100
71736,0
71737,100
71738,0
71739,100
71740,100
71741,100
71742,100
71743,100
71744,100
71745,100
71746,100
71747,100
71748,100
71749,100
71750,100
71751,100
71752,100
71753,100
71754,100
71755,0
71756,100
71757,0
71758,100
71759,0
71760,100
71761,0
71762,100
71763,0
71764,100
71765,0
71766,100
71767,0
71768,100
71769,0
71770,100
71771,0
71772,100
71773,0
71774,100
71775,100
71776,100
71777,100
71778,100
71779,100
71780,100
71781,100
71782,100
71783,100
71784,100
71785,100
71786,100
71787,100
71788,0
71789,100
71790,0
71791,100
71792,0
71793,100
71794,0
71795,100
71796,0
71797,100
71798,0
71799,100
71800,0
71801,100
71802,0
71803,100
71804,0
71805,100
71806,0
71807,100
71808,0
71809,100
71810,100
71811,100
71812,100
71813,100
71814,100
71815,100
71816,100
71817,100
71818,100
71819,100
71820,100
71821,100
71822,100
71823,100
71824,100
71825,0
71826,100
71827,0
71828,100
71829,0
71830,100
71831,0
71832,100
71833,0
71834,100
71835,0
71836,100
71837,0
71838,100
71839,0
71840,100
71841,0
71842,100
71843,0
71844,100
71845,100
71846,100
71847,100
71848,100
71849,100
71850,100
71851,100
71852,100
71853,100
71854,100
71855,100
71856,100
71857,100
71858,100
71859,100
71860,0
71861,100
71862,0
71863,100
71864,0
71865,100
71866,0
71867,100
71868,0
71869,100
71870,0
71871,100
71872,0
71873,100
71874,0
71875,100
71876,0
71877,100
71878,0
71879,100
71880,0
71881,100
71882,100
71883,100
71884,100
71885,100
71886,100
71887,100
71888,100
71889,100
71890,100
71891,100
71892,100
71893,100
71894,100
71895,0
71896,100
71897,0
71898,100
71899,0
71900,100
71901,0
71902,100
71903,0
71904,100
71905,0
71906,100
71907,0
71908,100
71909,0
71910,100
71911,100
71912,100
71913,0
71914,100
71915,0
71916,100
71917,100
71918,100
71919,100
71920,100
71921,100
71922,100
71923,100
71924,100
71925,100
71926,100
71927,100
71928,100
71929,100
71930,0
71931,100
71932,0
71933,100
71934,0
71935,100
71936,0
71937,100
71938,0
71939,100
71940,0
71941,100
71942,0
71943,100
71944,0
71945,100
71946,100
71947,100
71948,100
71949,100
71950,0
71951,100
71952,100
71953,100
71954,100
71955,100
71956,100
71957,100
71958,100
71959,100
71960,100
71961,100
71962,100
71963,100
71964,100
71965,0
71966,100
71967,0
71968,100
71969,0
71970,100
71971,0
71972,100
71973,0
71974,100
71975,0
71976,100
71977,0
71978,100
71979,0
71980,100
71981,100
71982,100
71983,100
71984,100
71985,0
71986,100
71987,100
71988,100
71989,100
71990,100
71991,100
71992,100
71993,100
71994,100
71995,100
71996,100
71997,100
71998,100
71999,100
72000,0
72001,100
72002,0
72003,100
72004,0
72005,100
72006,0
72007,100
72008,0
72009,100
72010,0
72011,100
72012,0
72013,100
72014,0
72015,100
72016,100
72017,100
72018,100
72019,100
72020,100
72021,100
72022,100
72023,100
72024,100
72025,100
72026,100
72027,100
72028,100
72029,100
72030,100
72031,100
72032,100
72033,100
72034,100
72035,0
72036,100
72037,0
72038,100
72039,0
72040,100
72041,0
72042,100
72043,0
72044,100
72045,0
72046,100
72047,0
72048,100
72049,0
72050,100
72051,100
72052,100
72053,100
72054,100
72055,100
72056,100
72057,100
72058,100
72059,100
72060,100
72061,100
72062,100
72063,100
72064,100
72065,100
72066,100
72067,100
72068,100
72069,100
72070,100
72071,100
72072,0
72073,100
72074,0
72075,100
72076,0
72077,100
72078,0
72079,100
72080,0
72081,100
72082,0
72083,100
72084,0
72085,100
72086,0
72087,100
72088,100
72089,100
72090,100
72091,100
72092,100
72093,100
72094,100
72095,100
72096,100
72097,100
72098,100
72099,100
72100,100
72101,100
72102,100
72103,100
72104,100
72105,100
72106,100
72107,0
72108,100
72109,0
72110,100
72111,0
72112,100
72113,0
72114,100
72115,0
72116,100
72117,0
72118,100
72119,0
72120,100
72121,100
72122,100
72123,100
72124,100
72125,100
72126,100
72127,100
72128,100
72129,100
72130,100
72131,100
72132,100
72133,100
72134,100
72135,100
72136,100
72137,100
72138,100
72139,100
72140,100
72141,100
72142,0
72143,100
72144,0
72145,100
72146,0
72147,100
72148,0
72149,100
72150,0
72151,100
72152,0
72153,100
72154,0
72155,100
72156,0
72157,100
72158,100
72159,100
72160,100
72161,100
72162,100
72163,100
72164,100
72165,100
72166,100
72167,100
72168,100
72169,100
72170,100
72171,100
72172,100
72173,100
72174,100
72175,100
72176,100
72177,0
72178,100
72179,0
72180,100
72181,0
72182,100
72183,0
72184,100
72185,0
72186,100
72187,0
72188,100
72189,0
72190,100
72191,0
72192,100
72193,100
72194,100
72195,100
72196,100
72197,100
72198,100
72199,100
72200,100
72201,100
72202,100
72203,100
72204,100
72205,100
72206,100
72207,100
72208,100
72209,100
72210,100
72211,100
72212,0
72213,100
72214,0
72215,100
72216,0
72217,100
72218,0
72219,100
72220,0
72221,100
72222,0
72223,100
72224,0
72225,100
72226,0
72227,100
72228,100
72229,100
72230,100
72231,100
72232,100
72233,100
72234,100
72235,100
72236,100
72237,100
72238,100
72239,100
72240,100
72241,100
72242,100
72243,100
72244,100
72245,100
72246,100
72247,0
72248,100
72249,0
72250,100
72251,0
72252,100
72253,0
72254,100
72255,0
72256,100
72257,0
72258,100
72259,0
72260,100
72261,0
72262,100
72263,100
72264,100
72265,100
72266,100
72267,100
72268,100
72269,100
72270,100
72271,100
72272,100
72273,100
72274,100
72275,100
72276,0
72277,100
72278,100
72279,100
72280,100
72281,100
72282,0
72283,100
72284,0
72285,100
72286,0
72287,100
72288,0
72289,100
72290,0
72291,100
72292,0
72293,100
72294,0
72295,100
72296,0
72297,100
72298,100
72299,100
72300,100
72301,100
72302,100
72303,100
72304,100
72305,100
72306,100
72307,100
72308,100
72309,100
72310,100
72311,100
72312,100
72313,100
72314,100
72315,100
72316,100
72317,100
72318,100
72319,0
72320,100
72321,0
72322,100
72323,0
72324,100
72325,0
72326,100
72327,0
72328,100
72329,0
72330,100
72331,0
72332,100
72333,100
72334,100
72335,100
72336,100
72337,100
72338,100
72339,100
72340,100
72341,100
72342,100
72343,100
72344,100
72345,100
72346,100
72347,100
72348,0
72349,100
72350,100
72351,100
72352,100
72353,100
72354,0
72355,100
72356,0
72357,100
72358,0
72359,100
72360,0
72361,100
72362,0
72363,100
72364,0
72365,100
72366,0
72367,100
72368,0
72369,100
72370,100
72371,100
72372,100
72373,100
72374,100
72375,100
72376,100
72377,100
72378,100
72379,100
72380,100
72381,100
72382,100
72383,0
72384,100
72385,0
72386,100
72387,100
72388,100
72389,0
72390,100
72391,0
72392,100
72393,0
72394,100
72395,0
72396,100
72397,0
72398,100
72399,0
72400,100
72401,0
72402,100
72403,0
72404,100
72405,100
72406,100
72407,100
72408,100
72409,100
72410,100
72411,100
72412,100
72413,100
72414,100
72415,100
72416,100
72417,100
72418,0
72419,100
72420,0
72421,100
72422,0
72423,100
72424,0
72425,100
72426,0
72427,100
72428,0
72429,100
72430,0
72431,100
72432,0
72433,100
72434,0
72435,100
72436,0
72437,100
72438,0
72439,100
72440,100
72441,100
72442,100
72443,100
72444,100
72445,100
72446,100
72447,100
72448,100
72449,100
72450,100
72451,100
72452,100
72453,0
72454,100
72455,0
72456,100
72457,0
72458,100
72459,0
72460,100
72461,0
72462,100
72463,0
72464,100
72465,0
72466,100
72467,0
72468,100
72469,0
72470,100
72471,0
72472,100
72473,0
72474,100
72475,100
72476,100
72477,100
72478,100
72479,100
72480,100
72481,100
72482,100
72483,100
72484,100
72485,100
72486,100
72487,100
72488,0
72489,100
72490,0
72491,100
72492,0
72493,100
72494,0
72495,100
72496,0
72497,100
72498,0
72499,100
72500,0
72501,100
72502,0
72503,100
72504,0
72505,100
72506,0
72507,100
72508,0
72509,100
72510,100
72511,100
72512,100
72513,100
72514,100
72515,100
72516,100
72517,100
72518,100
72519,100
72520,100
72521,100
72522,100
72523,0
72524,100
72525,0
72526,100
72527,0
72528,100
72529,0
72530,100
72531,0
72532,100
72533,0
72534,100
72535,0
72536,100
72537,0
72538,100
72539,0
72540,100
72541,0
72542,100
72543,0
72544,100
72545,100
72546,100
72547,100
72548,100
72549,100
72550,100
72551,100
72552,100
72553,100
72554,100
72555,100
72556,100
72557,100
72558,100
72559,100
72560,0
72561,100
72562,0
72563,100
72564,0
72565,100
72566,0
72567,100
72568,0
72569,100
72570,0
72571,100
72572,0
72573,100
72574,0
72575,100
72576,0
72577,100
72578,0
72579,100
72580,100
72581,100
72582,100
72583,100
72584,100
72585,100
72586,100
72587,100
72588,100
72589,100
72590,100
72591,100
72592,100
72593,100
72594,100
72595,0
72596,100
72597,0
72598,100
72599,0
72600,100
72601,0
72602,100
72603,0
72604,100
72605,0
72606,100
72607,0
72608,100
72609,0
72610,100
72611,0
72612,100
72613,0
72614,100
72615,0
72616,100
72617,100
72618,100
72619,100
72620,100
72621,100
72622,100
72623,100
72624,100
72625,100
72626,100
72627,100
72628,100
72629,100
72630,0
72631,100
72632,0
72633,100
72634,0
72635,100
72636,0
72637,100
72638,0
72639,100
72640,0
72641,100
72642,0
72643,100
72644,0
72645,100
72646,0
72647,100
72648,0
72649,100
72650,0
72651,100
72652,100
72653,100
72654,100
72655,100
72656,100
72657,100
72658,100
72659,100
72660,100
72661,100
72662,100
72663,100
72664,100
72665,0
72666,100
72667,0
72668,100
72669,0
72670,100
72671,0
72672,100
72673,0
72674,100
72675,0
72676,100
72677,0
72678,100
72679,0
72680,100
72681,0
72682,100
72683,0
72684,100
72685,0
72686,100
72687,100
72688,100
72689,100
72690,100
72691,100
72692,100
72693,100
72694,100
72695,100
72696,100
72697,100
72698,100
72699,100
72700,0
72701,100
72702,0
72703,100
72704,0
72705,100
72706,0
72707,100
72708,0
72709,100
72710,0
72711,100
72712,0
72713,100
72714,0
72715,100
72716,0
72717,100
72718,0
72719,100
72720,0
72721,100
72722,100
72723,100
72724,100
72725,100
72726,100
72727,100
72728,100
72729,100
72730,100
72731,100
72732,100
72733,100
72734,100
72735,0
72736,100
72737,0
72738,100
72739,0
72740,100
72741,0
72742,100
72743,0
72744,100
72745,0
72746,100
72747,0
72748,100
72749,0
72750,100
72751,100
72752,100
72753,0
72754,100
72755,0
72756,100
72757,100
72758,100
72759,100
72760,100
72761,100
72762,100
72763,100
72764,100
72765,100
72766,100
72767,100
72768,100
72769,100
72770,0
72771,100
72772,0
72773,100
72774,0
72775,100
72776,0
72777,100
72778,0
72779,100
72780,0
72781,100
72782,0
72783,100
72784,0
72785,100
72786,0
72787,100
72788,0
72789,100
72790,0
72791,100
72792,100
72793,100
72794,100
72795,100
72796,100
72797,100
72798,100
72799,100
72800,100
72801,100
72802,100
72803,100
72804,100
72805,100
72806,100
72807,0
72808,100
72809,0
72810,100
72811,0
72812,100
72813,0
72814,100
72815,0
72816,100
72817,0
72818,100
72819,0
72820,100
72821,100
72822,100
72823,100
72824,100
72825,0
72826,100
72827,0
72828,100
72829,100
72830,100
72831,100
72832,100
72833,100
72834,100
72835,100
72836,100
72837,100
72838,100
72839,100
72840,100
72841,100
72842,0
72843,100
72844,0
72845,100
72846,0
72847,100
72848,0
72849,100
72850,0
72851,100
72852,0
72853,100
72854,0
72855,100
72856,0
72857,100
72858,100
72859,100
72860,100
72861,100
72862,0
72863,100
72864,100
72865,100
72866,100
72867,100
72868,100
72869,100
72870,100
72871,100
72872,100
72873,100
72874,100
72875,100
72876,100
72877,0
72878,100
72879,0
72880,100
72881,0
72882,100
72883,0
72884,100
72885,0
72886,100
72887,0
72888,100
72889,0
72890,100
72891,0
72892,100
72893,100
72894,100
72895,100
72896,100
72897,100
72898,100
72899,100
72900,100
72901,100
72902,100
72903,100
72904,100
72905,100
72906,100
72907,100
72908,100
72909,100
72910,100
72911,100
72912,0
72913,100
72914,0
72915,100
72916,0
72917,100
72918,0
72919,100
72920,0
72921,100
72922,0
72923,100
72924,0
72925,100
72926,0
72927,100
72928,100
72929,100
72930,100
72931,100
72932,100
72933,100
72934,100
72935,100
72936,100
72937,100
72938,100
72939,100
72940,100
72941,100
72942,100
72943,100
72944,100
72945,100
72946,100
72947,0
72948,100
72949,0
72950,100
72951,0
72952,100
72953,0
72954,100
72955,0
72956,100
72957,0
72958,100
72959,0
72960,100
72961,0
72962,100
72963,100
72964,100
72965,100
72966,100
72967,100
72968,100
72969,100
72970,100
72971,100
72972,100
72973,100
72974,100
72975,100
72976,100
72977,100
72978,100
72979,100
72980,100
72981,100
72982,0
72983,100
72984,0
72985,100
72986,0
72987,100
72988,0
72989,100
72990,0
72991,100
72992,0
72993,100
72994,0
72995,100
72996,0
72997,100
72998,100
72999,100
73000,100
73001,100
73002,100
73003,100
73004,100
73005,100
73006,100
73007,100
73008,100
73009,100
73010,100
73011,100
73012,100
73013,100
73014,100
73015,100
73016,100
73017,100
73018,100
73019,0
73020,100
73021,0
73022,100
73023,0
73024,100
73025,0
73026,100
73027,0
73028,100
73029,0
73030,100
73031,0
73032,100
73033,100
73034,100
73035,100
73036,100
73037,100
73038,100
73039,100
73040,100
73041,100
73042,100
73043,100
73044,100
73045,100
73046,100
73047,100
73048,100
73049,100
73050,100
73051,100
73052,100
73053,100
73054,0
73055,100
73056,0
73057,100
73058,0
73059,100
73060,0
73061,100
73062,0
73063,100
73064,0
73065,100
73066,0
73067,100
73068,100
73069,100
73070,100
73071,100
73072,100
73073,100
73074,100
73075,100
73076,100
73077,100
73078,100
73079,100
73080,100
73081,100
73082,100
73083,100
73084,100
73085,100
73086,100
73087,100
73088,100
73089,0
73090,100
73091,0
73092,100
73093,0
73094,100
73095,0
73096,100
73097,0
73098,100
73099,0
73100,100
73101,0
73102,100
73103,0
73104,100
73105,100
73106,100
73107,100
73108,100
73109,100
73110,100
73111,100
73112,100
73113,100
73114,100
73115,100
73116,100
73117,100
73118,100
73119,100
73120,100
73121,100
73122,100
73123,100
73124,0
73125,100
73126,0
73127,100
73128,0
73129,100
73130,0
73131,100
73132,0
73133,100
73134,0
73135,100
73136,0
73137,100
73138,0
73139,100
73140,100
73141,100
73142,100
73143,100
73144,100
73145,100
73146,100
73147,100
73148,100
73149,100
73150,100
73151,100
73152,100
73153,100
73154,100
73155,100
73156,100
73157,100
73158,100
73159,0
73160,100
73161,0
73162,100
73163,0
73164,100
73165,0
73166,100
73167,0
73168,100
73169,0
73170,100
73171,0
73172,100
73173,0
73174,100
73175,100
73176,100
73177,100
73178,100
73179,100
73180,100
73181,100
73182,100
73183,100
73184,100
73185,100
73186,100
73187,100
73188,0
73189,100
73190,100
73191,100
73192,100
73193,100
73194,0
73195,100
73196,0
73197,100
73198,0
73199,100
73200,0
73201,100
73202,0
73203,100
73204,0
73205,100
73206,0
73207,100
73208,0
73209,100
73210,100
73211,100
73212,100
73213,100
73214,100
73215,100
73216,100
73217,100
73218,100
73219,100
73220,100
73221,100
73222,100
73223,0
73224,100
73225,0
73226,100
73227,100
73228,100
73229,0
73230,100
73231,0
73232,100
73233,0
73234,100
73235,0
73236,100
73237,0
73238,100
73239,0
73240,100
73241,0
73242,100
73243,0
73244,100
73245,100
73246,100
73247,100
73248,100
73249,100
73250,100
73251,100
73252,100
73253,100
73254,100
73255,100
73256,100
73257,100
73258,100
73259,100
73260,0
73261,100
73262,100
73263,100
73264,0
73265,100
73266,0
73267,100
73268,0
73269,100
73270,0
73271,100
73272,0
73273,100
73274,0
73275,100
73276,0
73277,100
73278,0
73279,100
73280,100
73281,100
73282,100
73283,100
73284,100
73285,100
73286,100
73287,100
73288,100
73289,100
73290,100
73291,100
73292,100
73293,100
73294,100
73295,0
73296,100
73297,0
73298,100
73299,100
73300,100
73301,0
73302,100
73303,0
73304,100
73305,0
73306,100
73307,0
73308,100
73309,0
73310,100
73311,0
73312,100
73313,0
73314,100
73315,100
73316,100
73317,100
73318,100
73319,100
73320,100
73321,100
73322,100
73323,100
73324,100
73325,100
73326,100
73327,100
73328,100
73329,100
73330,0
73331,100
73332,0
73333,100
73334,0
73335,100
73336,0
73337,100
73338,0
73339,100
73340,0
73341,100
73342,0
73343,100
73344,0
73345,100
73346,0
73347,100
73348,0
73349,100
73350,0
73351,100
73352,100
73353,100
73354,100
73355,100
73356,100
73357,100
73358,100
73359,100
73360,100
73361,100
73362,100
73363,100
73364,100
73365,0
73366,100
73367,0
73368,100
73369,0
73370,100
73371,0
73372,100
73373,0
73374,100
73375,0
73376,100
73377,0
73378,100
73379,0
73380,100
73381,0
73382,100
73383,0
73384,100
73385,0
73386,100
73387,100
73388,100
73389,100
73390,100
73391,100
73392,100
73393,100
73394,100
73395,100
73396,100
73397,100
73398,100
73399,100
73400,0
73401,100
73402,0
73403,100
73404,0
73405,100
73406,0
73407,100
73408,0
73409,100
73410,0
73411,100
73412,0
73413,100
73414,0
73415,100
73416,0
73417,100
73418,0
73419,100
73420,0
73421,100
73422,100
73423,100
73424,100
73425,100
73426,100
73427,100
73428,100
73429,100
73430,100
73431,100
73432,100
73433,100
73434,100
73435,0
73436,100
73437,0
73438,100
73439,0
73440,100
73441,0
73442,100
73443,0
73444,100
73445,0
73446,100
73447,0
73448,100
73449,0
73450,100
73451,0
73452,100
73453,0
73454,100
73455,0
73456,100
73457,100
73458,100
73459,100
73460,100
73461,100
73462,100
73463,100
73464,100
73465,100
73466,100
73467,100
73468,100
73469,100
73470,0
73471,100
73472,0
73473,100
73474,0
73475,100
73476,0
73477,100
73478,0
73479,100
73480,0
73481,100
73482,0
73483,100
73484,0
73485,100
73486,0
73487,100
73488,0
73489,100
73490,0
73491,100
73492,0
73493,100
73494,0
73495,100
73496,0
73497,100
73498,0
73499,100
73500,0
73501,100
73502,0
73503,100
73504,0
73505,100
73506,100
73507,100
73508,100
73509,100
73510,100
73511,100
73512,100
73513,100
73514,100
73515,100
73516,100
73517,100
73518,100
73519,100
73520,100
73521,100
73522,100
73523,100
73524,100
73525,100
73526,100
73527,0
73528,100
73529,0
73530,100
73531,0
73532,100
73533,0
73534,100
73535,0
73536,100
73537,0
73538,100
73539,0
73540,100
73541,0
73542,100
73543,100
73544,100
73545,100
73546,100
73547,100
73548,100
73549,100
73550,100
73551,100
73552,100
73553,100
73554,100
73555,100
73556,100
73557,100
73558,100
73559,100
73560,100
73561,100
73562,0
73563,100
73564,0
73565,100
73566,0
73567,100
73568,0
73569,100
73570,0
73571,100
73572,0
73573,100
73574,0
73575,100
73576,0
73577,100
73578,100
73579,100
73580,100
73581,100
73582,100
73583,100
73584,100
73585,100
73586,100
73587,100
73588,100
73589,100
73590,100
73591,100
73592,100
73593,100
73594,100
73595,100
73596,100
73597,0
73598,100
73599,0
73600,100
73601,0
73602,100
73603,0
73604,100
73605,0
73606,100
73607,0
73608,100
73609,0
73610,100
73611,0
73612,100
73613,100
73614,100
73615,100
73616,100
73617,100
73618,100
73619,100
73620,100
73621,100
73622,100
73623,100
73624,100
73625,100
73626,0
73627,100
73628,100
73629,100
73630,100
73631,100
73632,0
73633,100
73634,0
73635,100
73636,0
73637,100
73638,0
73639,100
73640,0
73641,100
73642,0
73643,100
73644,0
73645,100
73646,0
73647,100
73648,100
73649,100
73650,100
73651,100
73652,100
73653,100
73654,100
73655,100
73656,100
73657,100
73658,100
73659,100
73660,100
73661,0
73662,100
73663,0
73664,100
73665,100
73666,100
73667,0
73668,100
73669,0
73670,100
73671,0
73672,100
73673,0
73674,100
73675,0
73676,100
73677,0
73678,100
73679,0
73680,100
73681,0
73682,100
73683,100
73684,100
73685,100
73686,100
73687,100
73688,100
73689,100
73690,100
73691,100
73692,100
73693,100
73694,100
73695,100
73696,0
73697,100
73698,0
73699,100
73700,100
73701,100
73702,0
73703,100
73704,0
73705,100
73706,0
73707,100
73708,0
73709,100
73710,0
73711,100
73712,0
73713,100
73714,0
73715,100
73716,0
73717,100
73718,100
73719,100
73720,100
73721,100
73722,100
73723,100
73724,100
73725,100
73726,100
73727,100
73728,100
73729,100
73730,100
73731,100
73732,100
73733,0
73734,100
73735,0
73736,100
73737,0
73738,100
73739,0
73740,100
73741,0
73742,100
73743,0
73744,100
73745,0
73746,100
73747,0
73748,100
73749,0
73750,100
73751,0
73752,100
73753,100
73754,100
73755,100
73756,100
73757,100
73758,100
73759,100
73760,100
73761,100
73762,100
73763,100
73764,100
73765,100
73766,100
73767,100
73768,0
73769,100
73770,0
73771,100
73772,0
73773,100
73774,0
73775,100
73776,0
73777,100
73778,0
73779,100
73780,0
73781,100
73782,0
73783,100
73784,0
73785,100
73786,0
73787,100
73788,0
73789,100
73790,100
73791,100
73792,100
73793,100
73794,100
73795,100
73796,100
73797,100
73798,100
73799,100
73800,100
73801,100
73802,100
73803,0
73804,100
73805,0
73806,100
73807,0
73808,100
73809,0
73810,100
73811,0
73812,100
73813,0
73814,400
73815,100
73816,100
73817,0
73818,200
73819,100
73820,100
73821,0
73822,100
73823,100
73824,100
73825,100
73826,100
73827,100
73828,100
73829,100
73830,100
73831,200
73832,100
73833,200
73834,100
73835,100
73836,0
73837,100
73838,100
73839,0
73840,100
73841,100
73842,100
73843,0
73844,100
73845,100
73846,0
73847,100
73848,100
73849,100
73850,100
73851,300
73852,100
73853,100
73854,0
73855,100
73856,400
73857,100
73858,100
73859,100
73860,100
73861,100
73862,100
73863,100
73864,100
73865,100
73866,100
73867,100
73868,100
73869,200
73870,0
73871,200
73872,100
73873,0
73874,100
73875,200
73876,0
73877,100
73878,100
73879,0
73880,300
73881,300
73882,100
73883,200
73884,100
73885,100
73886,400
73887,0
73888,400
73889,100
73890,200
73891,200
73892,100
73893,0
73894,100
73895,0
73896,200
73897,0
73898,100
73899,100
73900,0
73901,100
73902,100
73903,100
73904,100
73905,100
73906,100
73907,100
73908,100
73909,100
73910,100
73911,0
73912,100
73913,100
73914,100
73915,100
73916,100
73917,0
73918,200
73919,100
73920,200
73921,100
73922,100
73923,100
73924,100
73925,100
73926,0
73927,100
73928,100
73929,100
73930,100
73931,100
73932,100
73933,200
73934,100
73935,200
73936,200
73937,100
73938,100
73939,0
73940,100
73941,100
73942,100
73943,100
73944,100
73945,100
73946,200
73947,100
73948,0
73949,100
73950,100
73951,0
73952,100
73953,100
73954,100
73955,0
73956,100
73957,100
73958,0
73959,100
73960,100
73961,100
73962,100
73963,0
73964,100
73965,100
73966,100
73967,100
73968,100
73969,100
73970,100
73971,100
73972,100
73973,100
73974,100
73975,100
73976,100
73977,100
73978,0
73979,100
73980,0
73981,100
73982,100
73983,100
73984,0
73985,100
73986,0
73987,100
73988,0
73989,100
73990,0
73991,100
73992,0
73993,100
73994,0
73995,100
73996,0
73997,100
73998,0
73999,100
74000,100
74001,100
74002,100
74003,100
74004,100
74005,100
74006,100
74007,100
74008,100
74009,100
74010,100
74011,0
74012,100
74013,0
74014,100
74015,0
74016,100
74017,0
74018,100
74019,0
74020,100
74021,0
74022,100
74023,0
74024,100
74025,0
74026,100
74027,0
74028,100
74029,0
74030,100
74031,0
74032,100
74033,0
74034,100
74035,100
74036,100
74037,100
74038,100
74039,100
74040,100
74041,100
74042,100
74043,100
74044,100
74045,100
74046,100
74047,100
74048,0
74049,100
74050,0
74051,100
74052,0
74053,100
74054,0
74055,100
74056,0
74057,100
74058,0
74059,100
74060,0
74061,100
74062,0
74063,100
74064,0
74065,100
74066,0
74067,100
74068,100
74069,100
74070,100
74071,100
74072,100
74073,100
74074,100
74075,100
74076,100
74077,100
74078,100
74079,100
74080,100
74081,100
74082,100
74083,0
74084,100
74085,0
74086,100
74087,0
74088,100
74089,0
74090,100
74091,0
74092,100
74093,0
74094,100
74095,0
74096,100
74097,0
74098,100
74099,0
74100,100
74101,0
74102,100
74103,0
74104,100
74105,100
74106,100
74107,100
74108,100
74109,100
74110,100
74111,100
74112,100
74113,100
74114,100
74115,100
74116,100
74117,100
74118,0
74119,100
74120,0
74121,100
74122,0
74123,100
74124,0
74125,100
74126,0
74127,100
74128,0
74129,100
74130,0
74131,100
74132,0
74133,100
74134,0
74135,100
74136,0
74137,100
74138,0
74139,100
74140,100
74141,100
74142,100
74143,100
74144,100
74145,100
74146,100
74147,100
74148,100
74149,100
74150,100
74151,100
74152,100
74153,0
74154,100
74155,0
74156,100
74157,0
74158,100
74159,0
74160,100
74161,0
74162,100
74163,0
74164,100
74165,0
74166,100
74167,0
74168,100
74169,0
74170,100
74171,0
74172,100
74173,0
74174,100
74175,100
74176,100
74177,100
74178,100
74179,100
74180,100
74181,100
74182,100
74183,100
74184,100
74185,100
74186,100
74187,100
74188,0
74189,100
74190,0
74191,100
74192,0
74193,100
74194,0
74195,100
74196,0
74197,100
74198,0
74199,100
74200,0
74201,100
74202,0
74203,100
74204,0
74205,100
74206,0
74207,100
74208,0
74209,100
74210,100
74211,100
74212,100
74213,100
74214,100
74215,100
74216,100
74217,100
74218,100
74219,100
74220,100
74221,100
74222,100
74223,0
74224,100
74225,0
74226,100
74227,0
74228,100
74229,0
74230,100
74231,0
74232,100
74233,0
74234,100
74235,0
74236,100
74237,0
74238,100
74239,0
74240,100
74241,0
74242,100
74243,0
74244,100
74245,100
74246,100
74247,100
74248,100
74249,100
74250,100
74251,100
74252,100
74253,100
74254,100
74255,100
74256,100
74257,100
74258,100
74259,100
74260,0
74261,100
74262,0
74263,100
74264,0
74265,100
74266,0
74267,100
74268,0
74269,100
74270,0
74271,100
74272,0
74273,100
74274,100
74275,100
74276,0
74277,100
74278,0
74279,100
74280,100
74281,100
74282,100
74283,100
74284,100
74285,100
74286,100
74287,100
74288,100
74289,100
74290,100
74291,100
74292,100
74293,100
74294,100
74295,0
74296,100
74297,0
74298,100
74299,0
74300,100
74301,0
74302,100
74303,0
74304,100
74305,0
74306,100
74307,0
74308,100
74309,0
74310,100
74311,0
74312,100
74313,0
74314,100
74315,100
74316,100
74317,100
74318,100
74319,100
74320,100
74321,100
74322,100
74323,100
74324,100
74325,100
74326,100
74327,100
74328,100
74329,100
74330,0
74331,100
74332,0
74333,100
74334,0
74335,100
74336,0
74337,100
74338,0
74339,100
74340,0
74341,100
74342,0
74343,100
74344,0
74345,100
74346,100
74347,100
74348,0
74349,100
74350,0
74351,100
74352,100
74353,100
74354,100
74355,100
74356,100
74357,100
74358,100
74359,100
74360,100
74361,100
74362,100
74363,100
74364,100
74365,0
74366,100
74367,0
74368,100
74369,0
74370,100
74371,0
74372,100
74373,0
74374,100
74375,0
74376,100
74377,0
74378,100
74379,0
74380,100
74381,100
74382,100
74383,100
74384,100
74385,0
74386,100
74387,100
74388,100
74389,100
74390,100
74391,100
74392,100
74393,100
74394,100
74395,100
74396,100
74397,100
74398,100
74399,100
74400,0
74401,100
74402,0
74403,100
74404,0
74405,100
74406,0
74407,100
74408,0
74409,100
74410,0
74411,100
74412,0
74413,100
74414,0
74415,100
74416,100
74417,100
74418,100
74419,100
74420,100
74421,100
74422,100
74423,100
74424,100
74425,100
74426,100
74427,100
74428,100
74429,100
74430,100
74431,100
74432,100
74433,100
74434,100
74435,0
74436,100
74437,0
74438,100
74439,0
74440,100
74441,0
74442,100
74443,0
74444,100
74445,0
74446,100
74447,0
74448,100
74449,0
74450,100
74451,100
74452,100
74453,100
74454,100
74455,100
74456,100
74457,100
74458,100
74459,100
74460,100
74461,100
74462,100
74463,100
74464,100
74465,100
74466,100
74467,100
74468,100
74469,100
74470,0
74471,100
74472,0
74473,100
74474,0
74475,100
74476,0
74477,100
74478,0
74479,100
74480,0
74481,100
74482,0
74483,100
74484,0
74485,100
74486,100
74487,100
74488,100
74489,100
74490,100
74491,100
74492,100
74493,100
74494,100
74495,100
74496,100
74497,100
74498,100
74499,100
74500,100
74501,100
74502,100
74503,100
74504,100
74505,100
74506,100
74507,0
74508,100
74509,0
74510,100
74511,0
74512,100
74513,0
74514,100
74515,0
74516,100
74517,0
74518,100
74519,0
74520,100
74521,100
74522,100
74523,100
74524,100
74525,100
74526,100
74527,100
74528,100
74529,100
74530,100
74531,100
74532,100
74533,100
74534,100
74535,100
74536,100
74537,100
74538,100
74539,100
74540,100
74541,100
74542,0
74543,100
74544,0
74545,100
74546,0
74547,100
74548,0
74549,100
74550,0
74551,100
74552,0
74553,100
74554,0
74555,100
74556,100
74557,100
74558,100
74559,100
74560,100
74561,100
74562,100
74563,100
74564,100
74565,100
74566,100
74567,100
74568,100
74569,100
74570,100
74571,100
74572,100
74573,100
74574,100
74575,100
74576,100
74577,0
74578,100
74579,0
74580,100
74581,0
74582,100
74583,0
74584,100
74585,0
74586,100
74587,0
74588,100
74589,0
74590,100
74591,0
74592,100
74593,100
74594,100
74595,100
74596,100
74597,100
74598,100
74599,100
74600,100
74601,100
74602,100
74603,100
74604,100
74605,100
74606,100
74607,100
74608,100
74609,100
74610,100
74611,100
74612,0
74613,100
74614,0
74615,100
74616,0
74617,100
74618,0
74619,100
74620,0
74621,100
74622,0
74623,100
74624,0
74625,100
74626,0
74627,100
74628,100
74629,100
74630,100
74631,100
74632,100
74633,100
74634,100
74635,100
74636,100
74637,100
74638,100
74639,100
74640,100
74641,100
74642,100
74643,100
74644,100
74645,100
74646,100
74647,0
74648,100
74649,0
74650,100
74651,0
74652,100
74653,0
74654,100
74655,0
74656,100
74657,0
74658,100
74659,0
74660,100
74661,0
74662,100
74663,100
74664,100
74665,100
74666,100
74667,100
74668,100
74669,100
74670,100
74671,100
74672,100
74673,100
74674,100
74675,100
74676,100
74677,100
74678,100
74679,100
74680,100
74681,100
74682,0
74683,100
74684,0
74685,100
74686,0
74687,100
74688,0
74689,100
74690,0
74691,100
74692,0
74693,100
74694,0
74695,100
74696,0
74697,100
74698,100
74699,100
74700,100
74701,100
74702,100
74703,100
74704,100
74705,100
74706,100
74707,100
74708,100
74709,100
74710,100
74711,100
74712,100
74713,100
74714,0
74715,100
74716,100
74717,100
74718,100
74719,100
74720,100
74721,100
74722,100
74723,100
74724,100
74725,100
74726,100
74727,100
74728,100
74729,100
74730,100
74731,0
74732,100
74733,0
74734,100
74735,0
74736,100
74737,0
74738,100
74739,0
74740,100
74741,0
74742,100
74743,0
74744,100
74745,0
74746,100
74747,100
74748,100
74749,0
74750,100
74751,100
74752,100
74753,100
74754,100
74755,100
74756,100
74757,100
74758,100
74759,100
74760,100
74761,100
74762,100
74763,100
74764,100
74765,100
74766,0
74767,100
74768,0
74769,100
74770,0
74771,100
74772,0
74773,100
74774,0
74775,100
74776,0
74777,100
74778,0
74779,100
74780,0
74781,100
74782,100
74783,100
74784,100
74785,100
74786,0
74787,100
74788,100
74789,100
74790,100
74791,100
74792,100
74793,100
74794,100
74795,100
74796,100
74797,100
74798,100
74799,100
74800,100
74801,0
74802,100
74803,0
74804,100
74805,0
74806,100
74807,0
74808,100
74809,0
74810,100
74811,0
74812,100
74813,0
74814,100
74815,0
74816,100
74817,100
74818,100
74819,100
74820,100
74821,100
74822,100
74823,100
74824,100
74825,100
74826,100
74827,100
74828,100
74829,100
74830,100
74831,100
74832,100
74833,100
74834,100
74835,100
74836,0
74837,100
74838,0
74839,100
74840,0
74841,100
74842,0
74843,100
74844,0
74845,100
74846,0
74847,100
74848,0
74849,100
74850,0
74851,100
74852,100
74853,100
74854,100
74855,100
74856,100
74857,100
74858,100
74859,100
74860,100
74861,100
74862,100
74863,100
74864,100
74865,100
74866,100
74867,100
74868,100
74869,100
74870,100
74871,0
74872,100
74873,0
74874,100
74875,0
74876,100
74877,0
74878,100
74879,0
74880,100
74881,0
74882,100
74883,0
74884,100
74885,0
74886,100
74887,100
74888,100
74889,100
74890,100
74891,100
74892,100
74893,100
74894,100
74895,100
74896,100
74897,100
74898,100
74899,100
74900,100
74901,100
74902,100
74903,100
74904,100
74905,100
74906,0
74907,100
74908,0
74909,100
74910,0
74911,100
74912,0
74913,100
74914,0
74915,100
74916,0
74917,100
74918,0
74919,100
74920,0
74921,100
74922,100
74923,100
74924,100
74925,100
74926,100
74927,100
74928,100
74929,100
74930,100
74931,100
74932,100
74933,100
74934,100
74935,100
74936,100
74937,100
74938,100
74939,100
74940,100
74941,100
74942,100
74943,0
74944,100
74945,0
74946,100
74947,0
74948,100
74949,0
74950,100
74951,0
74952,100
74953,0
74954,100
74955,0
74956,100
74957,0
74958,100
74959,100
74960,100
74961,100
74962,100
74963,100
74964,100
74965,100
74966,100
74967,100
74968,100
74969,100
74970,100
74971,100
74972,100
74973,100
74974,100
74975,100
74976,100
74977,100
74978,0
74979,100
74980,0
74981,100
74982,0
74983,100
74984,0
74985,100
74986,0
74987,100
74988,0
74989,100
74990,0
74991,100
74992,0
74993,100
74994,100
74995,100
74996,100
74997,100
74998,100
74999,100
75000,100
75001,100
75002,100
75003,100
75004,100
75005,100
75006,100
75007,100
75008,100
75009,100
75010,100
75011,100
75012,100
75013,0
75014,100
75015,0
75016,100
75017,0
75018,100
75019,0
75020,100
75021,0
75022,100
75023,0
75024,100
75025,0
75026,100
75027,0
75028,100
75029,100
75030,100
75031,100
75032,100
75033,100
75034,100
75035,100
75036,100
75037,100
75038,100
75039,100
75040,100
75041,100
75042,100
75043,100
75044,100
75045,100
75046,100
75047,100
75048,0
75049,100
75050,0
75051,100
75052,0
75053,100
75054,0
75055,100
75056,0
75057,100
75058,0
75059,100
75060,0
75061,100
75062,0
75063,100
75064,100
75065,100
75066,100
75067,100
75068,100
75069,100
75070,100
75071,100
75072,100
75073,100
75074,100
75075,100
75076,100
75077,100
75078,100
75079,100
75080,100
75081,100
75082,100
75083,0
75084,100
75085,0
75086,100
75087,0
75088,100
75089,0
75090,100
75091,0
75092,100
75093,0
75094,100
75095,0
75096,100
75097,0
75098,100
75099,100
75100,100
75101,100
75102,100
75103,100
75104,100
75105,100
75106,100
75107,100
75108,100
75109,100
75110,100
75111,100
75112,0
75113,100
75114,100
75115,100
75116,100
75117,100
75118,0
75119,100
75120,0
75121,100
75122,0
75123,100
75124,0
75125,100
75126,0
75127,100
75128,0
75129,100
75130,0
75131,100
75132,0
75133,100
75134,100
75135,100
75136,100
75137,100
75138,100
75139,100
75140,100
75141,100
75142,100
75143,100
75144,100
75145,100
75146,100
75147,0
75148,100
75149,0
75150,100
75151,100
75152,100
75153,0
75154,100
75155,0
75156,100
75157,0
75158,100
75159,0
75160,100
75161,0
75162,100
75163,0
75164,100
75165,0
75166,100
75167,0
75168,100
75169,100
75170,100
75171,100
75172,100
75173,100
75174,100
75175,100
75176,100
75177,100
75178,100
75179,100
75180,100
75181,100
75182,100
75183,100
75184,0
75185,100
75186,0
75187,100
75188,100
75189,100
75190,0
75191,100
75192,0
75193,100
75194,0
75195,100
75196,0
75197,100
75198,0
75199,100
75200,0
75201,100
75202,0
75203,100
75204,100
75205,100
75206,100
75207,100
75208,100
75209,100
75210,100
75211,100
75212,100
75213,100
75214,100
75215,100
75216,100
75217,100
75218,100
75219,0
75220,100
75221,0
75222,100
75223,100
75224,100
75225,0
75226,100
75227,0
75228,100
75229,0
75230,100
75231,0
75232,100
75233,0
75234,100
75235,0
75236,100
75237,0
75238,100
75239,0
75240,100
75241,100
75242,100
75243,100
75244,100
75245,100
75246,100
75247,100
75248,100
75249,100
75250,100
75251,100
75252,100
75253,100
75254,0
75255,100
75256,0
75257,100
75258,0
75259,100
75260,0
75261,100
75262,0
75263,100
75264,0
75265,100
75266,0
75267,100
75268,0
75269,100
75270,0
75271,100
75272,0
75273,100
75274,0
75275,100
75276,100
75277,100
75278,100
75279,100
75280,100
75281,100
75282,100
75283,100
75284,100
75285,100
75286,100
75287,100
75288,100
75289,0
75290,100
75291,0
75292,100
75293,0
75294,100
75295,0
75296,100
75297,0
75298,100
75299,0
75300,100
75301,0
75302,100
75303,0
75304,100
75305,0
75306,100
75307,0
75308,100
75309,0
75310,100
75311,100
75312,100
75313,100
75314,100
75315,100
75316,100
75317,100
75318,100
75319,100
75320,100
75321,100
75322,100
75323,100
75324,0
75325,100
75326,0
75327,100
75328,0
75329,100
75330,0
75331,100
75332,0
75333,100
75334,0
75335,100
75336,0
75337,100
75338,0
75339,100
75340,0
75341,100
75342,0
75343,100
75344,0
75345,100
75346,100
75347,100
75348,100
75349,100
75350,100
75351,100
75352,100
75353,100
75354,100
75355,100
75356,100
75357,100
75358,100
75359,0
75360,100
75361,0
75362,100
75363,0
75364,100
75365,0
75366,100
75367,0
75368,100
75369,0
75370,100
75371,0
75372,100
75373,0
75374,100
75375,0
75376,100
75377,0
75378,100
75379,0
75380,100
75381,100
75382,100
75383,100
75384,100
75385,100
75386,100
75387,100
75388,100
75389,100
75390,100
75391,100
75392,100
75393,100
75394,0
75395,100
75396,0
75397,100
75398,0
75399,100
75400,0
75401,100
75402,0
75403,100
75404,0
75405,100
75406,0
75407,100
75408,0
75409,100
75410,0
75411,100
75412,0
75413,100
75414,0
75415,100
75416,100
75417,100
75418,100
75419,100
75420,100
75421,100
75422,100
75423,100
75424,100
75425,100
75426,100
75427,100
75428,100
75429,100
75430,100
75431,0
75432,100
75433,0
75434,100
75435,0
75436,100
75437,0
75438,100
75439,0
75440,100
75441,0
75442,100
75443,0
75444,100
75445,0
75446,100
75447,0
75448,100
75449,0
75450,100
75451,100
75452,100
75453,100
75454,100
75455,100
75456,100
75457,100
75458,100
75459,100
75460,100
75461,100
75462,100
75463,100
75464,100
75465,100
75466,0
75467,100
75468,0
75469,100
75470,0
75471,100
75472,0
75473,100
75474,0
75475,100
75476,0
75477,100
75478,0
75479,100
75480,0
75481,100
75482,0
75483,100
75484,0
75485,100
75486,0
75487,100
75488,100
75489,100
75490,100
75491,100
75492,100
75493,100
75494,100
75495,100
75496,100
75497,100
75498,100
75499,100
75500,100
75501,0
75502,100
75503,0
75504,100
75505,0
75506,100
75507,0
75508,100
75509,0
75510,100
75511,0
75512,100
75513,0
75514,100
75515,0
75516,100
75517,0
75518,100
75519,0
75520,100
75521,0
75522,100
75523,100
75524,100
75525,100
75526,100
75527,100
75528,100
75529,100
75530,100
75531,100
75532,100
75533,100
75534,100
75535,100
75536,0
75537,100
75538,0
75539,100
75540,0
75541,100
75542,0
75543,100
75544,0
75545,100
75546,0
75547,100
75548,0
75549,100
75550,0
75551,100
75552,0
75553,100
75554,0
75555,100
75556,0
75557,100
75558,100
75559,100
75560,100
75561,100
75562,100
75563,100
75564,100
75565,100
75566,100
75567,100
75568,100
75569,100
75570,100
75571,0
75572,100
75573,0
75574,100
75575,0
75576,100
75577,0
75578,100
75579,0
75580,100
75581,0
75582,100
75583,0
75584,100
75585,0
75586,100
75587,100
75588,100
75589,0
75590,100
75591,0
75592,100
75593,100
75594,100
75595,100
75596,100
75597,100
75598,100
75599,100
75600,100
75601,100
75602,100
75603,100
75604,100
75605,100
75606,0
75607,100
75608,0
75609,100
75610,0
75611,100
75612,0
75613,100
75614,0
75615,100
75616,0
75617,100
75618,0
75619,100
75620,0
75621,100
75622,100
75623,100
75624,100
75625,100
75626,0
75627,100
75628,100
75629,100
75630,100
75631,100
75632,100
75633,100
75634,100
75635,100
75636,100
75637,100
75638,100
75639,100
75640,100
75641,100
75642,100
75643,0
75644,100
75645,0
75646,100
75647,0
75648,100
75649,0
75650,100
75651,0
75652,100
75653,0
75654,100
75655,0
75656,100
75657,100
75658,100
75659,100
75660,100
75661,100
75662,100
75663,100
75664,100
75665,100
75666,100
75667,100
75668,100
75669,100
75670,100
75671,100
75672,100
75673,100
75674,100
75675,100
75676,100
75677,100
75678,0
75679,100
75680,0
75681,100
75682,0
75683,100
75684,0
75685,100
75686,0
75687,100
75688,0
75689,100
75690,0
75691,100
75692,100
75693,100
75694,100
75695,100
75696,100
75697,100
75698,100
75699,100
75700,100
75701,100
75702,100
75703,100
75704,100
75705,100
75706,100
75707,100
75708,100
75709,100
75710,100
75711,100
75712,100
75713,0
75714,100
75715,0
75716,100
75717,0
75718,100
75719,0
75720,100
75721,0
75722,100
75723,0
75724,100
75725,0
75726,100
75727,0
75728,100
75729,100
75730,100
75731,100
75732,100
75733,100
75734,100
75735,100
75736,100
75737,100
75738,100
75739,100
75740,100
75741,100
75742,100
75743,100
75744,100
75745,100
75746,100
75747,100
75748,0
75749,100
75750,0
75751,100
75752,0
75753,100
75754,0
75755,100
75756,0
75757,100
75758,0
75759,100
75760,0
75761,100
75762,0
75763,100
75764,100
75765,100
75766,100
75767,100
75768,100
75769,100
75770,100
75771,100
75772,100
75773,100
75774,100
75775,100
75776,100
75777,100
75778,100
75779,100
75780,100
75781,100
75782,100
75783,0
75784,100
75785,0
75786,100
75787,0
75788,100
75789,0
75790,100
75791,0
75792,100
75793,0
75794,100
75795,0
75796,100
75797,0
75798,100
75799,100
75800,100
75801,100
75802,100
75803,100
75804,100
75805,100
75806,100
75807,100
75808,100
75809,100
75810,100
75811,100
75812,100
75813,100
75814,100
75815,100
75816,100
75817,100
75818,0
75819,100
75820,0
75821,100
75822,0
75823,100
75824,0
75825,100
75826,0
75827,100
75828,0
75829,100
75830,0
75831,100
75832,0
75833,100
75834,100
75835,100
75836,100
75837,100
75838,100
75839,100
75840,100
75841,100
75842,100
75843,100
75844,100
75845,100
75846,100
75847,100
75848,100
75849,100
75850,100
75851,100
75852,100
75853,0
75854,100
75855,0
75856,100
75857,0
75858,100
75859,0
75860,100
75861,0
75862,100
75863,0
75864,100
75865,0
75866,100
75867,0
75868,100
75869,100
75870,100
75871,100
75872,100
75873,100
75874,100
75875,100
75876,100
75877,100
75878,100
75879,100
75880,100
75881,100
75882,100
75883,100
75884,100
75885,100
75886,100
75887,100
75888,100
75889,100
75890,0
75891,100
75892,0
75893,100
75894,0
75895,100
75896,0
75897,100
75898,0
75899,100
75900,0
75901,100
75902,0
75903,100
75904,100
75905,100
75906,100
75907,100
75908,100
75909,100
75910,100
75911,100
75912,100
75913,100
75914,100
75915,100
75916,100
75917,100
75918,100
75919,100
75920,100
75921,100
75922,100
75923,0
75924,100
75925,0
75926,100
75927,0
75928,100
75929,0
75930,100
75931,0
75932,100
75933,0
75934,100
75935,0
75936,100
75937,0
75938,100
75939,100
75940,100
75941,100
75942,100
75943,100
75944,100
75945,100
75946,100
75947,100
75948,100
75949,100
75950,100
75951,100
75952,100
75953,100
75954,100
75955,100
75956,100
75957,100
75958,100
75959,100
75960,0
75961,100
75962,0
75963,100
75964,0
75965,100
75966,0
75967,100
75968,0
75969,100
75970,0
75971,100
75972,0
75973,100
75974,0
75975,100
75976,100
75977,100
75978,100
75979,100
75980,100
75981,100
75982,100
75983,100
75984,100
75985,100
75986,100
75987,100
75988,100
75989,0
75990,100
75991,100
75992,100
75993,100
75994,100
75995,0
75996,100
75997,0
75998,100
75999,0
76000,100
76001,0
76002,100
76003,0
76004,100
76005,0
76006,100
76007,0
76008,100
76009,0
76010,100
76011,100
76012,100
76013,100
76014,100
76015,100
76016,100
76017,100
76018,100
76019,100
76020,100
76021,100
76022,100
76023,100
76024,0
76025,100
76026,100
76027,100
76028,100
76029,100
76030,0
76031,100
76032,0
76033,100
76034,0
76035,100
76036,0
76037,100
76038,0
76039,100
76040,0
76041,100
76042,0
76043,100
76044,0
76045,100
76046,100
76047,100
76048,100
76049,100
76050,100
76051,100
76052,100
76053,100
76054,100
76055,100
76056,100
76057,100
76058,100
76059,0
76060,100
76061,0
76062,100
76063,100
76064,100
76065,0
76066,100
76067,0
76068,100
76069,0
76070,100
76071,0
76072,100
76073,0
76074,100
76075,0
76076,100
76077,0
76078,100
76079,0
76080,100
76081,100
76082,100
76083,100
76084,100
76085,100
76086,100
76087,100
76088,100
76089,100
76090,100
76091,100
76092,100
76093,100
76094,0
76095,100
76096,0
76097,100
76098,0
76099,100
76100,0
76101,100
76102,0
76103,100
76104,0
76105,100
76106,0
76107,100
76108,0
76109,100
76110,0
76111,100
76112,0
76113,100
76114,0
76115,100
76116,100
76117,100
76118,100
76119,100
76120,100
76121,100
76122,100
76123,100
76124,100
76125,100
76126,100
76127,100
76128,100
76129,0
76130,100
76131,0
76132,100
76133,0
76134,100
76135,0
76136,100
76137,0
76138,100
76139,0
76140,100
76141,0
76142,100
76143,0
76144,100
76145,0
76146,100
76147,0
76148,100
76149,0
76150,100
76151,100
76152,100
76153,100
76154,100
76155,100
76156,100
76157,100
76158,100
76159,100
76160,100
76161,100
76162,100
76163,100
76164,100
76165,100
76166,0
76167,100
76168,0
76169,100
76170,0
76171,100
76172,0
76173,100
76174,0
76175,100
76176,0
76177,100
76178,0
76179,100
76180,0
76181,100
76182,0
76183,100
76184,0
76185,100
76186,100
76187,100
76188,100
76189,100
76190,100
76191,100
76192,100
76193,100
76194,100
76195,100
76196,100
76197,100
76198,100
76199,100
76200,100
76201,0
76202,100
76203,0
76204,100
76205,0
76206,100
76207,0
76208,100
76209,0
76210,100
76211,0
76212,100
76213,0
76214,100
76215,0
76216,100
76217,0
76218,100
76219,0
76220,100
76221,0
76222,100
76223,100
76224,100
76225,100
76226,100
76227,100
76228,100
76229,100
76230,100
76231,100
76232,100
76233,100
76234,100
76235,100
76236,0
76237,100
76238,0
76239,100
76240,0
76241,100
76242,0
76243,100
76244,0
76245,100
76246,0
76247,100
76248,0
76249,100
76250,0
76251,100
76252,0
76253,100
76254,0
76255,100
76256,0
76257,100
76258,100
76259,100
76260,100
76261,100
76262,100
76263,100
76264,100
76265,100
76266,100
76267,100
76268,100
76269,100
76270,100
76271,0
76272,100
76273,0
76274,100
76275,0
76276,100
76277,0
76278,100
76279,0
76280,100
76281,0
76282,100
76283,0
76284,100
76285,0
76286,100
76287,0
76288,100
76289,0
76290,100
76291,0
76292,100
76293,100
76294,100
76295,100
76296,100
76297,100
76298,100
76299,100
76300,100
76301,100
76302,100
76303,100
76304,100
76305,100
76306,0
76307,100
76308,0
76309,100
76310,0
76311,100
76312,0
76313,100
76314,0
76315,100
76316,0
76317,100
76318,0
76319,100
76320,0
76321,100
76322,0
76323,100
76324,0
76325,100
76326,0
76327,100
76328,100
76329,100
76330,100
76331,100
76332,100
76333,100
76334,100
76335,100
76336,100
76337,100
76338,100
76339,100
76340,100
76341,0
76342,100
76343,0
76344,100
76345,0
76346,100
76347,0
76348,100
76349,0
76350,100
76351,0
76352,100
76353,0
76354,100
76355,0
76356,100
76357,0
76358,100
76359,0
76360,100
76361,0
76362,100
76363,100
76364,100
76365,100
76366,100
76367,100
76368,100
76369,100
76370,100
76371,100
76372,100
76373,100
76374,100
76375,100
76376,100
76377,100
76378,0
76379,100
76380,0
76381,100
76382,0
76383,100
76384,0
76385,100
76386,0
76387,100
76388,0
76389,100
76390,0
76391,100
76392,0
76393,100
76394,0
76395,100
76396,0
76397,100
76398,100
76399,100
76400,100
76401,100
76402,100
76403,100
76404,100
76405,100
76406,100
76407,100
76408,100
76409,100
76410,100
76411,0
76412,100
76413,0
76414,100
76415,0
76416,100
76417,0
76418,100
76419,0
76420,100
76421,0
76422,100
76423,0
76424,100
76425,0
76426,100
76427,100
76428,100
76429,0
76430,100
76431,0
76432,100
76433,100
76434,100
76435,100
76436,100
76437,100
76438,100
76439,100
76440,100
76441,100
76442,100
76443,100
76444,100
76445,100
76446,100
76447,100
76448,0
76449,100
76450,0
76451,100
76452,0
76453,100
76454,0
76455,100
76456,0
76457,100
76458,0
76459,100
76460,0
76461,100
76462,0
76463,100
76464,100
76465,100
76466,0
76467,100
76468,100
76469,100
76470,100
76471,100
76472,100
76473,100
76474,100
76475,100
76476,100
76477,100
76478,100
76479,100
76480,100
76481,100
76482,100
76483,0
76484,100
76485,0
76486,100
76487,0
76488,100
76489,0
76490,100
76491,0
76492,100
76493,0
76494,100
76495,0
76496,100
76497,0
76498,100
76499,100
76500,100
76501,0
76502,100
76503,0
76504,100
76505,100
76506,100
76507,100
76508,100
76509,100
76510,100
76511,100
76512,100
76513,100
76514,100
76515,100
76516,100
76517,100
76518,0
76519,100
76520,0
76521,100
76522,0
76523,100
76524,0
76525,100
76526,0
76527,100
76528,0
76529,100
76530,0
76531,100
76532,0
76533,100
76534,100
76535,100
76536,100
76537,100
76538,0
76539,100
76540,100
76541,100
76542,100
76543,100
76544,100
76545,100
76546,100
76547,100
76548,100
76549,100
76550,100
76551,100
76552,100
76553,0
76554,100
76555,0
76556,100
76557,0
76558,100
76559,0
76560,100
76561,0
76562,100
76563,0
76564,100
76565,0
76566,100
76567,0
76568,100
76569,100
76570,100
76571,100
76572,100
76573,100
76574,100
76575,100
76576,100
76577,100
76578,100
76579,100
76580,100
76581,100
76582,100
76583,100
76584,100
76585,100
76586,100
76587,100
76588,0
76589,100
76590,0
76591,100
76592,0
76593,100
76594,0
76595,100
76596,0
76597,100
76598,0
76599,100
76600,0
76601,100
76602,0
76603,100
76604,100
76605,100
76606,100
76607,100
76608,100
76609,100
76610,100
76611,100
76612,100
76613,100
76614,100
76615,100
76616,100
76617,100
76618,100
76619,100
76620,100
76621,100
76622,100
76623,0
76624,100
76625,0
76626,100
76627,0
76628,100
76629,0
76630,100
76631,0
76632,100
76633,0
76634,100
76635,0
76636,100
76637,0
76638,100
76639,100
76640,100
76641,100
76642,100
76643,100
76644,100
76645,100
76646,100
76647,100
76648,100
76649,100
76650,100
76651,100
76652,100
76653,100
76654,100
76655,100
76656,100
76657,100
76658,0
76659,100
76660,0
76661,100
76662,0
76663,100
76664,0
76665,100
76666,0
76667,100
76668,0
76669,100
76670,0
76671,100
76672,0
76673,100
76674,0
76675,100
76676,100
76677,100
76678,100
76679,100
76680,100
76681,100
76682,100
76683,100
76684,100
76685,100
76686,100
76687,100
76688,100
76689,100
76690,100
76691,100
76692,100
76693,100
76694,100
76695,0
76696,100
76697,0
76698,100
76699,0
76700,100
76701,0
76702,100
76703,0
76704,100
76705,0
76706,100
76707,0
76708,100
76709,0
76710,100
76711,100
76712,100
76713,100
76714,100
76715,100
76716,100
76717,100
76718,100
76719,100
76720,100
76721,100
76722,100
76723,100
76724,100
76725,100
76726,100
76727,100
76728,100
76729,100
76730,0
76731,100
76732,0
76733,100
76734,0
76735,100
76736,0
76737,100
76738,0
76739,100
76740,0
76741,100
76742,0
76743,100
76744,0
76745,100
76746,100
76747,100
76748,100
76749,100
76750,100
76751,100
76752,100
76753,100
76754,100
76755,100
76756,100
76757,100
76758,100
76759,100
76760,100
76761,100
76762,100
76763,100
76764,100
76765,0
76766,100
76767,0
76768,100
76769,0
76770,100
76771,0
76772,100
76773,0
76774,100
76775,0
76776,100
76777,0
76778,100
76779,0
76780,100
76781,100
76782,100
76783,100
76784,100
76785,100
76786,100
76787,100
76788,100
76789,100
76790,100
76791,100
76792,100
76793,100
76794,100
76795,100
76796,100
76797,100
76798,100
76799,100
76800,0
76801,100
76802,0
76803,100
76804,0
76805,100
76806,0
76807,100
76808,0
76809,100
76810,0
76811,100
76812,0
76813,100
76814,0
76815,100
76816,100
76817,100
76818,100
76819,100
76820,100
76821,100
76822,100
76823,100
76824,100
76825,100
76826,100
76827,100
76828,100
76829,0
76830,100
76831,100
76832,100
76833,100
76834,100
76835,0
76836,100
76837,0
76838,100
76839,0
76840,100
76841,0
76842,100
76843,0
76844,100
76845,0
76846,100
76847,0
76848,100
76849,0
76850,100
76851,100
76852,100
76853,100
76854,100
76855,100
76856,100
76857,100
76858,100
76859,100
76860,100
76861,100
76862,100
76863,100
76864,100
76865,100
76866,100
76867,100
76868,100
76869,100
76870,0
76871,100
76872,0
76873,100
76874,0
76875,100
76876,0
76877,100
76878,0
76879,100
76880,0
76881,100
76882,0
76883,100
76884,0
76885,100
76886,100
76887,100
76888,100
76889,100
76890,100
76891,100
76892,100
76893,100
76894,100
76895,100
76896,100
76897,100
76898,100
76899,100
76900,100
76901,0
76902,100
76903,100
76904,100
76905,100
76906,100
76907,0
76908,100
76909,0
76910,100
76911,0
76912,100
76913,0
76914,100
76915,0
76916,100
76917,0
76918,100
76919,0
76920,100
76921,0
76922,100
76923,100
76924,100
76925,100
76926,100
76927,100
76928,100
76929,100
76930,100
76931,100
76932,100
76933,100
76934,100
76935,100
76936,0
76937,100
76938,0
76939,100
76940,100
76941,100
76942,0
76943,100
76944,0
76945,100
76946,0
76947,100
76948,0
76949,100
76950,0
76951,100
76952,0
76953,100
76954,0
76955,100
76956,100
76957,100
76958,100
76959,100
76960,100
76961,100
76962,100
76963,100
76964,100
76965,100
76966,100
76967,100
76968,100
76969,100
76970,100
76971,0
76972,100
76973,0
76974,100
76975,0
76976,100
76977,0
76978,100
76979,0
76980,100
76981,0
76982,100
76983,0
76984,100
76985,0
76986,100
76987,0
76988,100
76989,0
76990,100
76991,0
76992,100
76993,100
76994,100
76995,100
76996,100
76997,100
76998,100
76999,100
77000,100
77001,100
77002,100
77003,100
77004,100
77005,100
77006,0
77007,100
77008,0
77009,100
77010,0
77011,100
77012,0
77013,100
77014,0
77015,100
77016,0
77017,100
77018,0
77019,100
77020,0
77021,100
77022,0
77023,100
77024,0
77025,100
77026,0
77027,100
77028,100
77029,100
77030,100
77031,100
77032,100
77033,100
77034,100
77035,100
77036,100
77037,100
77038,100
77039,100
77040,100
77041,0
77042,100
77043,0
77044,100
77045,0
77046,100
77047,0
77048,100
77049,0
77050,100
77051,0
77052,100
77053,0
77054,100
77055,0
77056,100
77057,0
77058,100
77059,0
77060,100
77061,0
77062,100
77063,100
77064,100
77065,100
77066,100
77067,100
77068,100
77069,100
77070,100
77071,100
77072,100
77073,100
77074,100
77075,100
77076,0
77077,100
77078,0
77079,100
77080,0
77081,100
77082,0
77083,100
77084,0
77085,100
77086,0
77087,100
77088,0
77089,100
77090,0
77091,100
77092,0
77093,100
77094,0
77095,100
77096,0
77097,100
77098,100
77099,100
77100,100
77101,100
77102,100
77103,100
77104,100
77105,100
77106,100
77107,100
77108,100
77109,100
77110,100
77111,0
77112,100
77113,0
77114,100
77115,0
77116,100
77117,0
77118,100
77119,0
77120,100
77121,0
77122,100
77123,0
77124,100
77125,0
77126,100
77127,0
77128,100
77129,0
77130,100
77131,0
77132,100
77133,100
77134,100
77135,100
77136,100
77137,100
77138,100
77139,100
77140,100
77141,100
77142,100
77143,100
77144,100
77145,100
77146,100
77147,100
77148,0
77149,100
77150,0
77151,100
77152,0
77153,100
77154,0
77155,100
77156,0
77157,100
77158,0
77159,100
77160,0
77161,100
77162,0
77163,100
77164,0
77165,100
77166,0
77167,100
77168,100
77169,100
77170,100
77171,100
77172,100
77173,100
77174,100
77175,100
77176,100
77177,100
77178,100
77179,100
77180,100
77181,100
77182,100
77183,0
77184,100
77185,0
77186,100
77187,0
77188,100
77189,0
77190,100
77191,0
77192,100
77193,0
77194,100
77195,0
77196,100
77197,0
77198,100
77199,0
77200,100
77201,0
77202,100
77203,100
77204,100
77205,100
77206,100
77207,100
77208,100
77209,100
77210,100
77211,100
77212,100
77213,100
77214,100
77215,100
77216,100
77217,100
77218,0
77219,100
77220,0
77221,100
77222,0
77223,100
77224,0
77225,100
77226,0
77227,100
77228,0
77229,100
77230,0
77231,100
77232,0
77233,100
77234,0
77235,100
77236,0
77237,100
77238,0
77239,100
77240,100
77241,100
77242,100
77243,100
77244,100
77245,100
77246,100
77247,100
77248,100
77249,100
77250,100
77251,100
77252,100
77253,0
77254,100
77255,0
77256,100
77257,0
77258,100
77259,0
77260,100
77261,0
77262,100
77263,0
77264,100
77265,0
77266,100
77267,0
77268,100
77269,0
77270,100
77271,0
77272,100
77273,0
77274,100
77275,100
77276,100
77277,100
77278,100
77279,100
77280,100
77281,100
77282,100
77283,100
77284,100
77285,100
77286,100
77287,100
77288,0
77289,100
77290,0
77291,100
77292,0
77293,100
77294,0
77295,100
77296,0
77297,100
77298,0
77299,100
77300,0
77301,100
77302,0
77303,100
77304,100
77305,100
77306,0
77307,100
77308,0
77309,100
77310,100
77311,100
77312,100
77313,100
77314,100
77315,100
77316,100
77317,100
77318,100
77319,100
77320,100
77321,100
77322,100
77323,0
77324,100
77325,0
77326,100
77327,0
77328,100
77329,0
77330,100
77331,0
77332,100
77333,0
77334,100
77335,0
77336,100
77337,0
77338,100
77339,100
77340,100
77341,0
77342,100
77343,0
77344,100
77345,100
77346,100
77347,100
77348,100
77349,100
77350,100
77351,100
77352,100
77353,100
77354,100
77355,100
77356,100
77357,100
77358,0
77359,100
77360,0
77361,100
77362,0
77363,100
77364,0
77365,100
77366,0
77367,100
77368,0
77369,100
77370,0
77371,100
77372,0
77373,100
77374,100
77375,100
77376,100
77377,100
77378,0
77379,100
77380,100
77381,100
77382,100
77383,100
77384,100
77385,100
77386,100
77387,100
77388,100
77389,100
77390,100
77391,100
77392,100
77393,100
77394,100
77395,0
77396,100
77397,0
77398,100
77399,0
77400,100
77401,0
77402,100
77403,0
77404,100
77405,0
77406,100
77407,0
77408,100
77409,0
77410,100
77411,100
77412,100
77413,100
77414,100
77415,100
77416,100
77417,100
77418,100
77419,100
77420,100
77421,100
77422,100
77423,100
77424,100
77425,100
77426,100
77427,100
77428,100
77429,100
77430,0
77431,100
77432,0
77433,100
77434,0
77435,100
77436,0
77437,100
77438,0
77439,100
77440,0
77441,100
77442,0
77443,100
77444,100
77445,100
77446,100
77447,100
77448,100
77449,100
77450,100
77451,100
77452,100
77453,100
77454,100
77455,100
77456,100
77457,100
77458,100
77459,100
77460,100
77461,100
77462,100
77463,100
77464,100
77465,0
77466,100
77467,0
77468,100
77469,0
77470,100
77471,0
77472,100
77473,0
77474,100
77475,0
77476,100
77477,0
77478,100
77479,0
77480,100
77481,100
77482,100
77483,100
77484,100
77485,100
77486,100
77487,100
77488,100
77489,100
77490,100
77491,100
77492,100
77493,100
77494,100
77495,100
77496,100
77497,100
77498,100
77499,100
77500,0
77501,100
77502,0
77503,100
77504,0
77505,100
77506,0
77507,100
77508,0
77509,100
77510,0
77511,100
77512,0
77513,100
77514,0
77515,100
77516,100
77517,100
77518,100
77519,100
77520,100
77521,100
77522,100
77523,100
77524,100
77525,100
77526,100
77527,100
77528,100
77529,100
77530,100
77531,100
77532,100
77533,100
77534,100
77535,0
77536,100
77537,0
77538,100
77539,0
77540,100
77541,0
77542,100
77543,0
77544,100
77545,0
77546,100
77547,0
77548,100
77549,0
77550,100
77551,100
77552,100
77553,100
77554,100
77555,100
77556,100
77557,100
77558,100
77559,100
77560,100
77561,100
77562,100
77563,100
77564,100
77565,100
77566,100
77567,100
77568,100
77569,100
77570,0
77571,100
77572,0
77573,100
77574,0
77575,100
77576,0
77577,100
77578,0
77579,100
77580,0
77581,100
77582,0
77583,100
77584,0
77585,100
77586,100
77587,100
77588,100
77589,100
77590,100
77591,100
77592,100
77593,100
77594,100
77595,100
77596,100
77597,100
77598,100
77599,100
77600,100
77601,100
77602,100
77603,100
77604,100
77605,0
77606,100
77607,0
77608,100
77609,0
77610,100
77611,0
77612,100
77613,0
77614,100
77615,0
77616,100
77617,0
77618,100
77619,0
77620,100
77621,100
77622,100
77623,100
77624,100
77625,100
77626,100
77627,100
77628,100
77629,100
77630,100
77631,100
77632,100
77633,100
77634,100
77635,100
77636,100
77637,100
77638,100
77639,100
77640,100
77641,100
77642,0
77643,100
77644,0
77645,100
77646,0
77647,100
77648,0
77649,100
77650,0
77651,100
77652,0
77653,100
77654,0
77655,100
77656,100
77657,100
77658,100
77659,100
77660,100
77661,100
77662,100
77663,100
77664,100
77665,100
77666,100
77667,100
77668,100
77669,100
77670,100
77671,100
77672,100
77673,100
77674,100
77675,100
77676,100
77677,0
77678,100
77679,0
77680,100
77681,0
77682,100
77683,0
77684,100
77685,0
77686,100
77687,0
77688,100
77689,0
77690,100
77691,100
77692,100
77693,100
77694,100
77695,100
77696,100
77697,100
77698,100
77699,100
77700,100
77701,100
77702,100
77703,100
77704,100
77705,100
77706,100
77707,100
77708,100
77709,100
77710,100
77711,100
77712,0
77713,100
77714,0
77715,100
77716,0
77717,100
77718,0
77719,100
77720,0
77721,100
77722,0
77723,100
77724,0
77725,100
77726,0
77727,100
77728,100
77729,100
77730,100
77731,100
77732,100
77733,100
77734,100
77735,100
77736,100
77737,100
77738,100
77739,100
77740,100
77741,0
77742,100
77743,100
77744,100
77745,100
77746,100
77747,0
77748,100
77749,0
77750,100
77751,0
77752,100
77753,0
77754,100
77755,0
77756,100
77757,0
77758,100
77759,0
77760,100
77761,0
77762,100
77763,100
77764,100
77765,100
77766,100
77767,100
77768,100
77769,100
77770,100
77771,100
77772,100
77773,100
77774,100
77775,100
77776,0
77777,100
77778,0
77779,100
77780,100
77781,100
77782,0
77783,100
77784,0
77785,100
77786,0
77787,100
77788,0
77789,100
77790,0
77791,100
77792,0
77793,100
77794,0
77795,100
77796,0
77797,100
77798,100
77799,100
77800,100
77801,100
77802,100
77803,100
77804,100
77805,100
77806,100
77807,100
77808,100
77809,100
77810,100
77811,0
77812,100
77813,0
77814,100
77815,100
77816,100
77817,0
77818,100
77819,0
77820,100
77821,0
77822,100
77823,0
77824,100
77825,0
77826,100
77827,0
77828,100
77829,0
77830,100
77831,0
77832,100
77833,100
77834,100
77835,100
77836,100
77837,100
77838,100
77839,100
77840,100
77841,100
77842,100
77843,100
77844,100
77845,100
77846,0
77847,100
77848,0
77849,100
77850,0
77851,100
77852,0
77853,100
77854,0
77855,100
77856,0
77857,100
77858,0
77859,100
77860,0
77861,100
77862,0
77863,100
77864,0
77865,100
77866,0
77867,100
77868,100
77869,100
77870,100
77871,100
77872,100
77873,100
77874,100
77875,100
77876,100
77877,100
77878,100
77879,100
77880,100
77881,100
77882,100
77883,0
77884,100
77885,0
77886,100
77887,0
77888,100
77889,0
77890,100
77891,0
77892,100
77893,0
77894,100
77895,0
77896,100
77897,0
77898,100
77899,0
77900,100
77901,0
77902,100
77903,100
77904,100
77905,100
77906,100
77907,100
77908,100
77909,100
77910,100
77911,100
77912,100
77913,100
77914,100
77915,100
77916,100
77917,100
77918,0
77919,100
77920,0
77921,100
77922,0
77923,100
77924,0
77925,100
77926,0
77927,100
77928,0
77929,100
77930,0
77931,100
77932,0
77933,100
77934,0
77935,100
77936,0
77937,100
77938,0
77939,100
77940,100
77941,100
77942,100
77943,100
77944,100
77945,100
77946,100
77947,100
77948,100
77949,100
77950,100
77951,100
77952,100
77953,0
77954,100
77955,0
77956,100
77957,0
77958,100
77959,0
77960,100
77961,0
77962,100
77963,0
77964,100
77965,0
77966,100
77967,0
77968,100
77969,0
77970,100
77971,0
77972,100
77973,0
77974,100
77975,100
77976,100
77977,100
77978,100
77979,100
77980,100
77981,100
77982,100
77983,100
77984,100
77985,100
77986,100
77987,100
77988,0
77989,100
77990,0
77991,100
77992,0
77993,100
77994,0
77995,100
77996,0
77997,100
77998,0
77999,100
78000,0
78001,100
78002,0
78003,100
78004,0
78005,100
78006,0
78007,100
78008,0
78009,100
78010,100
78011,100
78012,100
78013,100
78014,100
78015,100
78016,100
78017,100
78018,100
78019,100
78020,100
78021,100
78022,100
78023,0
78024,100
78025,0
78026,100
78027,0
78028,100
78029,0
78030,100
78031,0
78032,100
78033,0
78034,100
78035,0
78036,100
78037,0
78038,100
78039,0
78040,100
78041,0
78042,100
78043,0
78044,100
78045,100
78046,100
78047,100
78048,100
78049,100
78050,100
78051,100
78052,100
78053,100
78054,100
78055,100
78056,100
78057,100
78058,0
78059,100
78060,0
78061,100
78062,0
78063,100
78064,0
78065,100
78066,0
78067,100
78068,0
78069,100
78070,0
78071,100
78072,0
78073,100
78074,0
78075,100
78076,0
78077,100
78078,0
78079,100
78080,100
78081,100
78082,100
78083,100
78084,100
78085,100
78086,100
78087,100
78088,100
78089,100
78090,100
78091,100
78092,100
78093,0
78094,100
78095,0
78096,100
78097,0
78098,100
78099,0
78100,100
78101,0
78102,100
78103,0
78104,100
78105,0
78106,100
78107,0
78108,100
78109,0
78110,100
78111,0
78112,100
78113,0
78114,100
78115,100
78116,100
78117,100
78118,100
78119,100
78120,100
78121,100
78122,100
78123,100
78124,100
78125,100
78126,100
78127,100
78128,100
78129,100
78130,0
78131,100
78132,0
78133,100
78134,0
78135,100
78136,0
78137,100
78138,0
78139,100
78140,0
78141,100
78142,0
78143,100
78144,0
78145,100
78146,0
78147,100
78148,0
78149,100
78150,100
78151,100
78152,100
78153,100
78154,100
78155,100
78156,100
78157,100
78158,100
78159,100
78160,100
78161,100
78162,100
78163,100
78164,100
78165,0
78166,100
78167,0
78168,100
78169,0
78170,100
78171,0
78172,100
78173,0
78174,100
78175,0
78176,100
78177,0
78178,100
78179,0
78180,100
78181,0
78182,100
78183,0
78184,100
78185,0
78186,100
78187,100
78188,100
78189,100
78190,100
78191,100
78192,100
78193,100
78194,100
78195,100
78196,100
78197,100
78198,100
78199,100
78200,0
78201,100
78202,0
78203,100
78204,0
78205,100
78206,0
78207,100
78208,0
78209,100
78210,0
78211,100
78212,0
78213,100
78214,0
78215,100
78216,100
78217,100
78218,0
78219,100
78220,0
78221,100
78222,100
78223,100
78224,100
78225,100
78226,100
78227,100
78228,100
78229,100
78230,100
78231,100
78232,100
78233,100
78234,100
78235,0
78236,100
78237,0
78238,100
78239,0
78240,100
78241,0
78242,100
78243,0
78244,100
78245,0
78246,100
78247,0
78248,100
78249,0
78250,100
78251,100
78252,100
78253,100
78254,100
78255,0
78256,100
78257,100
78258,100
78259,100
78260,100
78261,100
78262,100
78263,100
78264,100
78265,100
78266,100
78267,100
78268,100
78269,100
78270,0
78271,100
78272,0
78273,100
78274,0
78275,100
78276,0
78277,100
78278,0
78279,100
78280,0
78281,100
78282,0
78283,100
78284,0
78285,100
78286,100
78287,100
78288,100
78289,100
78290,0
78291,100
78292,100
78293,100
78294,100
78295,100
78296,100
78297,100
78298,100
78299,100
78300,100
78301,100
78302,100
78303,100
78304,100
78305,0
78306,100
78307,0
78308,100
78309,0
78310,100
78311,0
78312,100
78313,0
78314,100
78315,0
78316,100
78317,0
78318,100
78319,0
78320,100
78321,100
78322,100
78323,100
78324,100
78325,100
78326,100
78327,100
78328,100
78329,100
78330,100
78331,100
78332,100
78333,100
78334,100
78335,100
78336,100
78337,100
78338,100
78339,100
78340,0
78341,100
78342,0
78343,100
78344,0
78345,100
78346,0
78347,100
78348,0
78349,100
78350,0
78351,100
78352,0
78353,100
78354,0
78355,100
78356,100
78357,100
78358,100
78359,100
78360,100
78361,100
78362,100
78363,100
78364,100
78365,100
78366,100
78367,100
78368,100
78369,100
78370,100
78371,100
78372,100
78373,100
78374,100
78375,0
78376,100
78377,0
78378,100
78379,0
78380,100
78381,0
78382,100
78383,0
78384,100
78385,0
78386,100
78387,0
78388,100
78389,0
78390,100
78391,100
78392,100
78393,100
78394,100
78395,100
78396,100
78397,100
78398,100
78399,100
78400,100
78401,100
78402,100
78403,100
78404,100
78405,100
78406,100
78407,100
78408,100
78409,100
78410,100
78411,100
78412,0
78413,100
78414,0
78415,100
78416,0
78417,100
78418,0
78419,100
78420,0
78421,100
78422,0
78423,100
78424,0
78425,100
78426,0
78427,100
78428,100
78429,100
78430,100
78431,100
78432,100
78433,100
78434,100
78435,100
78436,100
78437,100
78438,100
78439,100
78440,100
78441,100
78442,100
78443,100
78444,100
78445,100
78446,100
78447,0
78448,100
78449,0
78450,100
78451,0
78452,100
78453,0
78454,100
78455,0
78456,100
78457,0
78458,100
78459,0
78460,100
78461,0
78462,100
78463,100
78464,100
78465,100
78466,100
78467,100
78468,100
78469,100
78470,100
78471,100
78472,100
78473,100
78474,100
78475,100
78476,100
78477,100
78478,100
78479,100
78480,100
78481,100
78482,0
78483,100
78484,0
78485,100
78486,0
78487,100
78488,0
78489,100
78490,0
78491,100
78492,0
78493,100
78494,0
78495,100
78496,0
78497,100
78498,100
78499,100
78500,100
78501,100
78502,100
78503,100
78504,100
78505,100
78506,100
78507,100
78508,100
78509,100
78510,100
78511,100
78512,100
78513,100
78514,100
78515,100
78516,100
78517,0
78518,100
78519,0
78520,100
78521,0
78522,100
78523,0
78524,100
78525,0
78526,100
78527,0
78528,100
78529,0
78530,100
78531,0
78532,100
78533,100
78534,100
78535,100
78536,100
78537,100
78538,100
78539,100
78540,100
78541,100
78542,100
78543,100
78544,100
78545,100
78546,100
78547,100
78548,100
78549,100
78550,100
78551,100
78552,0
78553,100
78554,0
78555,100
78556,0
78557,100
78558,0
78559,100
78560,0
78561,100
78562,0
78563,100
78564,0
78565,100
78566,0
78567,100
78568,100
78569,100
78570,100
78571,100
78572,100
78573,100
78574,100
78575,100
78576,100
78577,100
78578,100
78579,100
78580,100
78581,100
78582,100
78583,100
78584,100
78585,100
78586,100
78587,0
78588,100
78589,0
78590,100
78591,0
78592,100
78593,0
78594,100
78595,0
78596,100
78597,0
78598,100
78599,0
78600,100
78601,0
78602,100
78603,100
78604,100
78605,100
78606,100
78607,100
78608,100
78609,100
78610,100
78611,100
78612,100
78613,100
78614,100
78615,100
78616,100
78617,100
78618,100
78619,100
78620,100
78621,100
78622,100
78623,100
78624,0
78625,100
78626,0
78627,100
78628,0
78629,100
78630,0
78631,100
78632,0
78633,100
78634,0
78635,100
78636,0
78637,100
78638,100
78639,100
78640,100
78641,100
78642,100
78643,100
78644,100
78645,100
78646,100
78647,100
78648,100
78649,100
78650,100
78651,100
78652,100
78653,0
78654,100
78655,100
78656,100
78657,100
78658,100
78659,0
78660,100
78661,0
78662,100
78663,0
78664,100
78665,0
78666,100
78667,0
78668,100
78669,0
78670,100
78671,0
78672,100
78673,0
78674,100
78675,100
78676,100
78677,100
78678,100
78679,100
78680,100
78681,100
78682,100
78683,100
78684,100
78685,100
78686,100
78687,100
78688,0
78689,100
78690,0
78691,100
78692,100
78693,100
78694,0
78695,100
78696,0
78697,100
78698,0
78699,100
78700,0
78701,100
78702,0
78703,100
78704,0
78705,100
78706,0
78707,100
78708,0
78709,100
78710,100
78711,100
78712,100
78713,100
78714,100
78715,100
78716,100
78717,100
78718,100
78719,100
78720,100
78721,100
78722,100
78723,0
78724,100
78725,0
78726,100
78727,0
78728,100
78729,0
78730,100
78731,0
78732,100
78733,0
78734,100
78735,0
78736,100
78737,0
78738,100
78739,0
78740,100
78741,0
78742,100
78743,0
78744,100
78745,100
78746,100
78747,100
78748,100
78749,100
78750,100
78751,100
78752,100
78753,100
78754,100
78755,100
78756,100
78757,100
78758,0
78759,100
78760,0
78761,100
78762,0
78763,100
78764,0
78765,100
78766,0
78767,100
78768,0
78769,100
78770,0
78771,100
78772,0
78773,100
78774,0
78775,100
78776,0
78777,100
78778,0
78779,100
78780,100
78781,100
78782,100
78783,100
78784,100
78785,100
78786,100
78787,100
78788,100
78789,100
78790,100
78791,100
78792,100
78793,0
78794,100
78795,0
78796,100
78797,0
78798,100
78799,0
78800,100
78801,0
78802,100
78803,0
78804,100
78805,0
78806,100
78807,0
78808,100
78809,0
78810,100
78811,0
78812,100
78813,0
78814,100
78815,100
78816,100
78817,100
78818,100
78819,100
78820,100
78821,100
78822,100
78823,100
78824,100
78825,100
78826,100
78827,100
78828,100
78829,100
78830,0
78831,100
78832,0
78833,100
78834,0
78835,100
78836,0
78837,100
78838,0
78839,100
78840,0
78841,100
78842,0
78843,100
78844,0
78845,100
78846,0
78847,100
78848,0
78849,100
78850,100
78851,100
78852,100
78853,100
78854,100
78855,100
78856,100
78857,100
78858,100
78859,100
78860,100
78861,100
78862,100
78863,0
78864,100
78865,0
78866,100
78867,0
78868,100
78869,0
78870,100
78871,0
78872,100
78873,0
78874,100
78875,0
78876,100
78877,0
78878,100
78879,0
78880,100
78881,0
78882,100
78883,0
78884,100
78885,100
78886,100
78887,100
78888,100
78889,100
78890,100
78891,100
78892,100
78893,100
78894,100
78895,100
78896,100
78897,100
78898,100
78899,100
78900,0
78901,100
78902,0
78903,100
78904,0
78905,100
78906,0
78907,100
78908,0
78909,100
78910,0
78911,100
78912,0
78913,100
78914,0
78915,100
78916,0
78917,100
78918,0
78919,100
78920,100
78921,100
78922,100
78923,100
78924,100
78925,100
78926,100
78927,100
78928,100
78929,100
78930,100
78931,100
78932,100
78933,100
78934,100
78935,0
78936,100
78937,0
78938,100
78939,0
78940,100
78941,0
78942,100
78943,0
78944,100
78945,0
78946,100
78947,0
78948,100
78949,0
78950,100
78951,0
78952,100
78953,0
78954,100
78955,0
78956,100
78957,100
78958,100
78959,100
78960,100
78961,100
78962,100
78963,100
78964,100
78965,100
78966,100
78967,100
78968,100
78969,100
78970,0
78971,100
78972,0
78973,100
78974,0
78975,100
78976,0
78977,100
78978,0
78979,100
78980,0
78981,100
78982,0
78983,100
78984,0
78985,100
78986,0
78987,100
78988,0
78989,100
78990,0
78991,100
78992,100
78993,100
78994,100
78995,100
78996,100
78997,100
78998,100
78999,100
79000,100
79001,100
79002,100
79003,100
79004,100
79005,0
79006,100
79007,0
79008,100
79009,0
79010,100
79011,0
79012,100
79013,0
79014,100
79015,0
79016,100
79017,0
79018,100
79019,0
79020,100
79021,0
79022,100
79023,0
79024,100
79025,0
79026,100
79027,100
79028,100
79029,100
79030,100
79031,100
79032,100
79033,100
79034,100
79035,100
79036,100
79037,100
79038,100
79039,100
79040,0
79041,100
79042,0
79043,100
79044,0
79045,100
79046,0
79047,100
79048,0
79049,100
79050,0
79051,100
79052,0
79053,100
79054,0
79055,100
79056,100
79057,100
79058,0
79059,100
79060,0
79061,100
79062,100
79063,100
79064,100
79065,100
79066,100
79067,100
79068,100
79069,100
79070,100
79071,100
79072,100
79073,100
79074,100
79075,0
79076,100
79077,0
79078,100
79079,0
79080,100
79081,0
79082,100
79083,0
79084,100
79085,0
79086,100
79087,0
79088,100
79089,0
79090,100
79091,100
79092,100
79093,0
79094,100
79095,0
79096,100
79097,100
79098,100
79099,100
79100,100
79101,100
79102,100
79103,100
79104,100
79105,100
79106,100
79107,100
79108,100
79109,100
79110,0
79111,100
79112,0
79113,100
79114,0
79115,100
79116,0
79117,100
79118,0
79119,100
79120,0
79121,100
79122,0
79123,100
79124,0
79125,100
79126,100
79127,100
79128,100
79129,100
79130,0
79131,100
79132,100
79133,100
79134,100
79135,100
79136,100
79137,100
79138,100
79139,100
79140,100
79141,100
79142,100
79143,100
79144,100
79145,100
79146,100
79147,0
79148,100
79149,0
79150,100
79151,0
79152,100
79153,0
79154,100
79155,0
79156,100
79157,0
79158,100
79159,0
79160,100
79161,0
79162,100
79163,100
79164,0
79165,100
79166,0
79167,100
79168,0
79169,100
79170,100
79171,100
79172,100
79173,100
79174,0
79175,100
79176,100
79177,100
79178,100
79179,100
79180,100
79181,100
79182,100
79183,100
79184,100
79185,100
79186,100
79187,100
79188,100
79189,0
79190,100
79191,0
79192,100
79193,0
79194,100
79195,0
79196,100
79197,0
79198,100
79199,0
79200,100
79201,0
79202,100
79203,0
79204,100
79205,100
79206,100
79207,100
79208,100
79209,100
79210,100
79211,100
79212,100
79213,100
79214,100
79215,100
79216,100
79217,100
79218,100
79219,100
79220,100
79221,100
79222,100
79223,100
79224,0
79225,100
79226,0
79227,100
79228,0
79229,100
79230,0
79231,100
79232,0
79233,100
79234,0
79235,100
79236,0
79237,100
79238,0
79239,100
79240,100
79241,100
79242,100
79243,100
79244,100
79245,100
79246,100
79247,100
79248,100
79249,100
79250,100
79251,100
79252,100
79253,100
79254,100
79255,100
79256,100
79257,100
79258,100
79259,0
79260,100
79261,0
79262,100
79263,0
79264,100
79265,0
79266,100
79267,0
79268,100
79269,0
79270,100
79271,0
79272,100
79273,0
79274,100
79275,100
79276,100
79277,100
79278,100
79279,100
79280,100
79281,100
79282,100
79283,100
79284,100
79285,100
79286,100
79287,100
79288,100
79289,100
79290,100
79291,100
79292,100
79293,100
79294,0
79295,100
79296,0
79297,100
79298,0
79299,100
79300,0
79301,100
79302,0
79303,100
79304,0
79305,100
79306,0
79307,100
79308,0
79309,100
79310,100
79311,100
79312,100
79313,100
79314,100
79315,100
79316,100
79317,100
79318,100
79319,100
79320,100
79321,100
79322,100
79323,100
79324,100
79325,100
79326,100
79327,100
79328,100
79329,100
79330,100
79331,0
79332,100
79333,0
79334,100
79335,0
79336,100
79337,0
79338,100
79339,0
79340,100
79341,0
79342,100
79343,0
79344,100
79345,0
79346,100
79347,100
79348,100
79349,100
79350,100
79351,100
79352,100
79353,100
79354,100
79355,100
79356,100
79357,100
79358,100
79359,100
79360,100
79361,100
79362,100
79363,100
79364,100
79365,100
79366,0
79367,100
79368,0
79369,100
79370,0
79371,100
79372,0
79373,100
79374,0
79375,100
79376,0
79377,100
79378,0
79379,100
79380,100
79381,100
79382,100
79383,100
79384,100
79385,100
79386,100
79387,100
79388,100
79389,100
79390,100
79391,100
79392,100
79393,100
79394,100
79395,100
79396,100
79397,100
79398,100
79399,100
79400,100
79401,0
79402,100
79403,0
79404,100
79405,0
79406,100
79407,0
79408,100
79409,0
79410,100
79411,0
79412,100
79413,0
79414,100
79415,0
79416,100
79417,100
79418,100
79419,100
79420,100
79421,100
79422,100
79423,100
79424,100
79425,100
79426,100
79427,100
79428,100
79429,100
79430,100
79431,100
79432,100
79433,100
79434,100
79435,100
79436,0
79437,100
79438,0
79439,100
79440,0
79441,100
79442,0
79443,100
79444,0
79445,100
79446,0
79447,100
79448,0
79449,100
79450,0
79451,100
79452,100
79453,100
79454,100
79455,100
79456,100
79457,100
79458,100
79459,100
79460,100
79461,100
79462,100
79463,100
79464,100
79465,0
79466,100
79467,100
79468,100
79469,100
79470,100
79471,0
79472,100
79473,0
79474,100
79475,0
79476,100
79477,0
79478,100
79479,0
79480,100
79481,0
79482,100
79483,0
79484,100
79485,0
79486,100
79487,100
79488,100
79489,100
79490,100
79491,100
79492,100
79493,100
79494,100
79495,100
79496,100
79497,100
79498,100
79499,100
79500,0
79501,100
79502,100
79503,100
79504,100
79505,100
79506,0
79507,100
79508,0
79509,100
79510,0
79511,100
79512,0
79513,100
79514,0
79515,100
79516,0
79517,100
79518,0
79519,100
79520,0
79521,100
79522,100
79523,100
79524,100
79525,100
79526,100
79527,100
79528,100
79529,100
79530,100
79531,100
79532,100
79533,100
79534,100
79535,0
79536,100
79537,0
79538,100
79539,100
79540,100
79541,0
79542,100
79543,0
79544,100
79545,0
79546,100
79547,0
79548,100
79549,0
79550,100
79551,0
79552,100
79553,0
79554,100
79555,0
79556,100
79557,100
79558,100
79559,100
79560,100
79561,100
79562,100
79563,100
79564,100
79565,100
79566,100
79567,100
79568,100
79569,100
79570,100
79571,100
79572,0
79573,100
79574,0
79575,100
79576,100
79577,100
79578,0
79579,100
79580,0
79581,100
79582,0
79583,100
79584,0
79585,100
79586,0
79587,100
79588,0
79589,100
79590,0
79591,100
79592,100
79593,100
79594,100
79595,100
79596,100
79597,100
79598,100
79599,100
79600,100
79601,100
79602,100
79603,100
79604,100
79605,100
79606,100
79607,0
79608,100
79609,0
79610,100
79611,0
79612,100
79613,0
79614,100
79615,0
79616,100
79617,0
79618,100
79619,0
79620,100
79621,0
79622,100
79623,0
79624,100
79625,0
79626,100
79627,100
79628,100
79629,100
79630,100
79631,100
79632,100
79633,100
79634,100
79635,100
79636,100
79637,100
79638,100
79639,100
79640,100
79641,100
79642,0
79643,100
79644,0
79645,100
79646,0
79647,100
79648,0
79649,100
79650,0
79651,100
79652,0
79653,100
79654,0
79655,100
79656,0
79657,100
79658,0
79659,100
79660,0
79661,100
79662,0
79663,100
79664,100
79665,100
79666,100
79667,100
79668,100
79669,100
79670,100
79671,100
79672,100
79673,100
79674,100
79675,100
79676,100
79677,0
79678,100
79679,0
79680,100
79681,0
79682,100
79683,0
79684,100
79685,0
79686,100
79687,0
79688,100
79689,0
79690,100
79691,0
79692,100
79693,0
79694,100
79695,0
79696,100
79697,0
79698,100
79699,100
79700,100
79701,100
79702,100
79703,100
79704,100
79705,100
79706,100
79707,100
79708,100
79709,100
79710,100
79711,100
79712,0
79713,100
79714,0
79715,100
79716,0
79717,100
79718,0
79719,100
79720,0
79721,100
79722,0
79723,100
79724,0
79725,100
79726,0
79727,100
79728,0
79729,100
79730,0
79731,100
79732,0
79733,100
79734,100
79735,100
79736,100
79737,100
79738,100
79739,100
79740,100
79741,100
79742,100
79743,100
79744,100
79745,100
79746,100
79747,0
79748,100
79749,0
79750,100
79751,0
79752,100
79753,0
79754,100
79755,0
79756,100
79757,0
79758,100
79759,0
79760,100
79761,0
79762,100
79763,0
79764,100
79765,0
79766,100
79767,0
79768,100
79769,100
79770,100
79771,100
79772,100
79773,100
79774,100
79775,100
79776,100
79777,100
79778,100
79779,100
79780,100
79781,100
79782,0
79783,100
79784,0
79785,100
79786,0
79787,100
79788,0
79789,100
79790,0
79791,100
79792,0
79793,100
79794,0
79795,100
79796,0
79797,100
79798,0
79799,100
79800,0
79801,100
79802,0
79803,100
79804,100
79805,100
79806,100
79807,100
79808,100
79809,100
79810,100
79811,100
79812,100
79813,100
79814,100
79815,100
79816,100
79817,100
79818,100
79819,0
79820,100
79821,0
79822,100
79823,0
79824,100
79825,0
79826,100
79827,0
79828,100
79829,0
79830,100
79831,0
79832,100
79833,0
79834,100
79835,0
79836,100
79837,0
79838,100
79839,100
79840,100
79841,100
79842,100
79843,100
79844,100
79845,100
79846,100
79847,100
79848,100
79849,100
79850,100
79851,100
79852,100
79853,100
79854,0
79855,100
79856,0
79857,100
79858,0
79859,100
79860,0
79861,100
79862,0
79863,100
79864,0
79865,100
79866,0
79867,100
79868,0
79869,100
79870,0
79871,100
79872,0
79873,100
79874,0
79875,100
79876,100
79877,100
79878,100
79879,100
79880,100
79881,100
79882,100
79883,100
79884,100
79885,100
79886,100
79887,100
79888,100
79889,0
79890,100
79891,0
79892,100
79893,0
79894,100
79895,0
79896,100
79897,0
79898,100
79899,0
79900,100
79901,0
79902,100
79903,0
79904,100
79905,0
79906,100
79907,0
79908,100
79909,0
79910,100
79911,100
79912,100
79913,100
79914,100
79915,100
79916,100
79917,100
79918,100
79919,100
79920,100
79921,100
79922,100
79923,100
79924,0
79925,100
79926,0
79927,100
79928,0
79929,100
79930,0
79931,100
79932,0
79933,100
79934,0
79935,100
79936,0
79937,100
79938,0
79939,100
79940,100
79941,100
79942,0
79943,100
79944,0
79945,100
79946,100
79947,100
79948,100
79949,100
79950,100
79951,100
79952,100
79953,100
79954,100
79955,100
79956,100
79957,100
79958,100
79959,0
79960,100
79961,0
79962,100
79963,0
79964,100
79965,0
79966,100
79967,0
79968,100
79969,0
79970,100
79971,0
79972,100
79973,0
79974,100
79975,100
79976,100
79977,100
79978,100
79979,0
79980,100
79981,100
79982,100
79983,100
79984,100
79985,100
79986,100
79987,100
79988,100
79989,100
79990,100
79991,100
79992,100
79993,100
79994,0
79995,100
79996,0
79997,100
79998,0
79999,100
80000,0
80001,100
80002,0
80003,100
80004,0
80005,100
80006,0
80007,100
80008,0
80009,100
80010,100
80011,100
80012,100
80013,100
80014,0
80015,100
80016,100
80017,100
80018,100
80019,100
80020,100
80021,100
80022,100
80023,100
80024,100
80025,100
80026,100
80027,100
80028,100
80029,0
80030,100
80031,0
80032,100
80033,0
80034,100
80035,0
80036,100
80037,0
80038,100
80039,0
80040,100
80041,0
80042,100
80043,0
80044,100
80045,100
80046,100
80047,100
80048,100
80049,100
80050,100
80051,100
80052,100
80053,100
80054,100
80055,100
80056,100
80057,100
80058,100
80059,100
80060,100
80061,100
80062,100
80063,100
80064,100
80065,100
80066,0
80067,100
80068,0
80069,100
80070,0
80071,100
80072,0
80073,100
80074,0
80075,100
80076,0
80077,100
80078,0
80079,100
80080,100
80081,100
80082,100
80083,100
80084,100
80085,100
80086,100
80087,100
80088,100
80089,100
80090,100
80091,100
80092,100
80093,100
80094,100
80095,100
80096,100
80097,100
80098,100
80099,100
80100,100
80101,0
80102,100
80103,0
80104,100
80105,0
80106,100
80107,0
80108,100
80109,0
80110,100
80111,0
80112,100
80113,0
80114,100
80115,0
80116,100
80117,100
80118,100
80119,100
80120,100
80121,100
80122,100
80123,100
80124,100
80125,100
80126,100
80127,100
80128,100
80129,100
80130,100
80131,100
80132,100
80133,100
80134,100
80135,100
80136,0
80137,100
80138,0
80139,100
80140,0
80141,100
80142,0
80143,100
80144,0
80145,100
80146,0
80147,100
80148,0
80149,100
80150,0
80151,100
80152,100
80153,100
80154,100
80155,100
80156,100
80157,100
80158,100
80159,100
80160,100
80161,100
80162,100
80163,100
80164,100
80165,100
80166,100
80167,100
80168,100
80169,100
80170,100
80171,0
80172,100
80173,0
80174,100
80175,0
80176,100
80177,0
80178,100
80179,0
80180,100
80181,0
80182,100
80183,0
80184,100
80185,0
80186,100
80187,100
80188,100
80189,100
80190,100
80191,100
80192,100
80193,100
80194,100
80195,100
80196,100
80197,100
80198,100
80199,100
80200,100
80201,100
80202,100
80203,100
80204,100
80205,100
80206,0
80207,100
80208,0
80209,100
80210,0
80211,100
80212,0
80213,100
80214,0
80215,100
80216,0
80217,100
80218,0
80219,100
80220,0
80221,100
80222,100
80223,100
80224,100
80225,100
80226,100
80227,100
80228,100
80229,100
80230,100
80231,100
80232,100
80233,100
80234,100
80235,100
80236,100
80237,100
80238,100
80239,100
80240,100
80241,0
80242,100
80243,0
80244,100
80245,0
80246,100
80247,0
80248,100
80249,0
80250,100
80251,0
80252,100
80253,0
80254,100
80255,0
80256,100
80257,100
80258,100
80259,100
80260,100
80261,100
80262,100
80263,100
80264,100
80265,100
80266,100
80267,100
80268,100
80269,100
80270,100
80271,100
80272,100
80273,100
80274,100
80275,100
80276,0
80277,100
80278,0
80279,100
80280,0
80281,100
80282,0
80283,100
80284,0
80285,100
80286,0
80287,100
80288,0
80289,100
80290,0
80291,100
80292,100
80293,100
80294,100
80295,100
80296,100
80297,100
80298,100
80299,100
80300,100
80301,100
80302,100
80303,100
80304,100
80305,100
80306,100
80307,100
80308,100
80309,100
80310,100
80311,0
80312,100
80313,0
80314,100
80315,0
80316,100
80317,0
80318,100
80319,0
80320,100
80321,0
80322,100
80323,0
80324,100
80325,0
80326,100
80327,100
80328,100
80329,100
80330,100
80331,100
80332,100
80333,100
80334,100
80335,100
80336,100
80337,100
80338,100
80339,100
80340,100
80341,100
80342,100
80343,100
80344,100
80345,100
80346,100
80347,100
80348,0
80349,100
80350,0
80351,100
80352,0
80353,100
80354,0
80355,100
80356,0
80357,100
80358,0
80359,100
80360,0
80361,100
80362,0
80363,100
80364,100
80365,100
80366,100
80367,100
80368,100
80369,100
80370,100
80371,100
80372,100
80373,100
80374,100
80375,100
80376,100
80377,0
80378,100
80379,100
80380,100
80381,100
80382,100
80383,0
80384,100
80385,0
80386,100
80387,0
80388,100
80389,0
80390,100
80391,0
80392,100
80393,0
80394,100
80395,0
80396,100
80397,100
80398,0
80399,100
80400,100
80401,100
80402,100
80403,100
80404,100
80405,100
80406,100
80407,100
80408,100
80409,0
80410,100
80411,100
80412,100
80413,100
80414,100
80415,100
80416,0
80417,100
80418,100
80419,100
80420,100
80421,200
80422,100
80423,100
80424,100
80425,0
80426,100
80427,100
80428,100
80429,100
80430,100
80431,0
80432,100
80433,100
80434,100
80435,100
80436,0
80437,100
80438,100
80439,0
80440,100
80441,100
80442,0
80443,100
80444,100
80445,0
80446,100
80447,100
80448,100
80449,100
80450,0
80451,100
80452,100
80453,0
80454,100
80455,100
80456,100
80457,100
80458,100
80459,100
80460,200
80461,100
80462,100
80463,100
80464,100
80465,100
80466,100
80467,100
80468,100
80469,100
80470,0
80471,100
80472,0
80473,100
80474,100
80475,100
80476,0
80477,100
80478,0
80479,100
80480,0
80481,100
80482,0
80483,100
80484,0
80485,100
80486,0
80487,100
80488,0
80489,100
80490,0
80491,100
80492,100
80493,100
80494,100
80495,100
80496,100
80497,100
80498,100
80499,100
80500,100
80501,100
80502,100
80503,100
80504,100
80505,0
80506,100
80507,0
80508,100
80509,0
80510,100
80511,0
80512,100
80513,0
80514,100
80515,0
80516,100
80517,0
80518,100
80519,0
80520,100
80521,0
80522,100
80523,0
80524,100
80525,0
80526,100
80527,100
80528,100
80529,100
80530,100
80531,100
80532,100
80533,100
80534,100
80535,100
80536,100
80537,100
80538,100
80539,100
80540,0
80541,100
80542,0
80543,100
80544,0
80545,100
80546,0
80547,100
80548,0
80549,100
80550,0
80551,100
80552,0
80553,100
80554,0
80555,100
80556,0
80557,100
80558,0
80559,100
80560,0
80561,100
80562,100
80563,100
80564,100
80565,100
80566,100
80567,100
80568,100
80569,100
80570,100
80571,100
80572,100
80573,100
80574,100
80575,0
80576,100
80577,0
80578,100
80579,0
80580,100
80581,0
80582,100
80583,0
80584,100
80585,0
80586,100
80587,0
80588,100
80589,0
80590,100
80591,0
80592,100
80593,0
80594,100
80595,0
80596,100
80597,100
80598,100
80599,100
80600,100
80601,100
80602,100
80603,100
80604,100
80605,100
80606,100
80607,100
80608,100
80609,100
80610,0
80611,100
80612,0
80613,100
80614,0
80615,100
80616,0
80617,100
80618,0
80619,100
80620,0
80621,100
80622,0
80623,100
80624,0
80625,100
80626,0
80627,100
80628,0
80629,100
80630,0
80631,100
80632,100
80633,100
80634,100
80635,100
80636,100
80637,100
80638,100
80639,100
80640,100
80641,100
80642,100
80643,100
80644,100
80645,0
80646,100
80647,0
80648,100
80649,0
80650,100
80651,0
80652,100
80653,0
80654,100
80655,0
80656,100
80657,0
80658,100
80659,0
80660,100
80661,0
80662,100
80663,0
80664,100
80665,0
80666,100
80667,100
80668,100
80669,100
80670,100
80671,100
80672,100
80673,100
80674,100
80675,100
80676,100
80677,100
80678,100
80679,100
80680,0
80681,100
80682,0
80683,100
80684,0
80685,100
80686,0
80687,100
80688,0
80689,100
80690,0
80691,100
80692,0
80693,100
80694,0
80695,100
80696,0
80697,100
80698,0
80699,100
80700,0
80701,100
80702,0
80703,100
80704,100
80705,100
80706,100
80707,100
80708,100
80709,100
80710,100
80711,100
80712,100
80713,100
80714,100
80715,100
80716,100
80717,0
80718,100
80719,0
80720,100
80721,0
80722,100
80723,0
80724,100
80725,0
80726,100
80727,0
80728,100
80729,0
80730,100
80731,0
80732,100
80733,0
80734,100
80735,0
80736,100
80737,100
80738,100
80739,100
80740,100
80741,100
80742,100
80743,100
80744,100
80745,100
80746,100
80747,100
80748,100
80749,100
80750,100
80751,100
80752,0
80753,100
80754,0
80755,100
80756,0
80757,100
80758,0
80759,100
80760,0
80761,100
80762,0
80763,100
80764,0
80765,100
80766,0
80767,100
80768,0
80769,100
80770,0
80771,100
80772,0
80773,100
80774,100
80775,100
80776,100
80777,100
80778,100
80779,100
80780,100
80781,100
80782,100
80783,100
80784,100
80785,100
80786,100
80787,0
80788,100
80789,0
80790,100
80791,0
80792,100
80793,0
80794,100
80795,0
80796,100
80797,0
80798,100
80799,0
80800,100
80801,0
80802,100
80803,0
80804,100
80805,0
80806,100
80807,0
80808,100
80809,100
80810,100
80811,100
80812,100
80813,100
80814,100
80815,100
80816,100
80817,100
80818,100
80819,100
80820,100
80821,100
80822,0
80823,100
80824,0
80825,100
80826,0
80827,100
80828,0
80829,100
80830,0
80831,100
80832,0
80833,100
80834,0
80835,100
80836,0
80837,100
80838,100
80839,100
80840,0
80841,100
80842,0
80843,100
80844,100
80845,100
80846,100
80847,100
80848,100
80849,100
80850,100
80851,100
80852,100
80853,100
80854,100
80855,100
80856,100
80857,0
80858,100
80859,0
80860,100
80861,0
80862,100
80863,0
80864,100
80865,0
80866,100
80867,0
80868,100
80869,0
80870,100
80871,0
80872,100
80873,100
80874,100
80875,100
80876,100
80877,0
80878,100
80879,100
80880,100
80881,100
80882,100
80883,100
80884,100
80885,100
80886,100
80887,100
80888,100
80889,100
80890,100
80891,100
80892,0
80893,100
80894,0
80895,100
80896,0
80897,100
80898,0
80899,100
80900,0
80901,100
80902,0
80903,100
80904,0
80905,100
80906,0
80907,100
80908,100
80909,100
80910,100
80911,100
80912,100
80913,100
80914,100
80915,100
80916,100
80917,100
80918,100
80919,100
80920,100
80921,100
80922,100
80923,100
80924,100
80925,100
80926,100
80927,100
80928,100
80929,0
80930,100
80931,0
80932,100
80933,0
80934,100
80935,0
80936,100
80937,0
80938,100
80939,0
80940,100
80941,0
80942,100
80943,100
80944,100
80945,100
80946,100
80947,100
80948,100
80949,100
80950,100
80951,100
80952,100
80953,100
80954,100
80955,100
80956,100
80957,100
80958,100
80959,100
80960,100
80961,100
80962,100
80963,100
80964,0
80965,100
80966,0
80967,100
80968,0
80969,100
80970,0
80971,100
80972,0
80973,100
80974,0
80975,100
80976,0
80977,100
80978,0
80979,100
80980,100
80981,100
80982,100
80983,100
80984,100
80985,100
80986,100
80987,100
80988,100
80989,100
80990,100
80991,100
80992,100
80993,100
80994,100
80995,100
80996,100
80997,100
80998,100
80999,0
81000,100
81001,0
81002,100
81003,0
81004,100
81005,0
81006,100
81007,0
81008,100
81009,0
81010,100
81011,0
81012,100
81013,0
81014,100
81015,100
81016,100
81017,100
81018,100
81019,100
81020,100
81021,100
81022,100
81023,100
81024,100
81025,100
81026,100
81027,100
81028,100
81029,100
81030,100
81031,100
81032,100
81033,100
81034,0
81035,100
81036,0
81037,100
81038,0
81039,100
81040,0
81041,100
81042,0
81043,100
81044,0
81045,100
81046,0
81047,100
81048,0
81049,100
81050,100
81051,100
81052,100
81053,100
81054,100
81055,100
81056,100
81057,100
81058,100
81059,100
81060,100
81061,100
81062,100
81063,100
81064,100
81065,100
81066,100
81067,100
81068,100
81069,0
81070,100
81071,0
81072,100
81073,0
81074,100
81075,0
81076,100
81077,0
81078,100
81079,0
81080,100
81081,0
81082,100
81083,0
81084,100
81085,100
81086,100
81087,100
81088,100
81089,100
81090,100
81091,100
81092,100
81093,100
81094,100
81095,100
81096,100
81097,100
81098,100
81099,100
81100,100
81101,100
81102,100
81103,100
81104,0
81105,100
81106,0
81107,100
81108,0
81109,100
81110,0
81111,100
81112,0
81113,100
81114,0
81115,100
81116,0
81117,100
81118,0
81119,100
81120,100
81121,100
81122,100
81123,100
81124,100
81125,100
81126,100
81127,100
81128,100
81129,100
81130,100
81131,100
81132,100
81133,100
81134,100
81135,100
81136,100
81137,100
81138,100
81139,0
81140,100
81141,0
81142,100
81143,0
81144,100
81145,0
81146,100
81147,0
81148,100
81149,0
81150,100
81151,0
81152,100
81153,0
81154,100
81155,100
81156,100
81157,100
81158,100
81159,100
81160,100
81161,100
81162,100
81163,100
81164,100
81165,100
81166,100
81167,100
81168,100
81169,100
81170,100
81171,100
81172,100
81173,100
81174,100
81175,100
81176,0
81177,100
81178,0
81179,100
81180,0
81181,100
81182,0
81183,100
81184,0
81185,100
81186,0
81187,100
81188,0
81189,100
81190,100
81191,100
81192,100
81193,100
81194,100
81195,100
81196,100
81197,100
81198,100
81199,100
81200,100
81201,100
81202,100
81203,100
81204,100
81205,100
81206,100
81207,100
81208,100
81209,100
81210,100
81211,0
81212,100
81213,0
81214,100
81215,0
81216,100
81217,0
81218,100
81219,0
81220,100
81221,0
81222,100
81223,0
81224,100
81225,100
81226,100
81227,100
81228,100
81229,100
81230,100
81231,100
81232,100
81233,100
81234,100
81235,100
81236,100
81237,100
81238,100
81239,100
81240,0
81241,100
81242,100
81243,100
81244,100
81245,100
81246,0
81247,100
81248,0
81249,100
81250,0
81251,100
81252,0
81253,100
81254,0
81255,100
81256,0
81257,100
81258,0
81259,100
81260,0
81261,100
81262,100
81263,100
81264,100
81265,100
81266,100
81267,100
81268,100
81269,100
81270,100
81271,100
81272,100
81273,100
81274,100
81275,0
81276,100
81277,100
81278,100
81279,100
81280,100
81281,0
81282,100
81283,0
81284,100
81285,0
81286,100
81287,0
81288,100
81289,0
81290,100
81291,0
81292,100
81293,0
81294,100
81295,0
81296,100
81297,100
81298,100
81299,100
81300,100
81301,100
81302,100
81303,100
81304,100
81305,100
81306,100
81307,100
81308,100
81309,100
81310,0
81311,100
81312,0
81313,100
81314,100
81315,100
81316,0
81317,100
81318,0
81319,100
81320,0
81321,100
81322,0
81323,100
81324,0
81325,100
81326,0
81327,100
81328,0
81329,100
81330,0
81331,100
81332,100
81333,100
81334,100
81335,100
81336,100
81337,100
81338,100
81339,100
81340,100
81341,100
81342,100
81343,100
81344,100
81345,0
81346,100
81347,0
81348,100
81349,0
81350,100
81351,0
81352,100
81353,0
81354,100
81355,0
81356,100
81357,0
81358,100
81359,0
81360,100
81361,0
81362,100
81363,0
81364,100
81365,0
81366,100
81367,100
81368,100
81369,100
81370,100
81371,100
81372,100
81373,100
81374,100
81375,100
81376,100
81377,100
81378,100
81379,100
81380,0
81381,100
81382,0
81383,100
81384,0
81385,100
81386,0
81387,100
81388,0
81389,100
81390,0
81391,100
81392,0
81393,100
81394,0
81395,100
81396,0
81397,100
81398,0
81399,100
81400,0
81401,100
81402,100
81403,100
81404,100
81405,100
81406,100
81407,100
81408,100
81409,100
81410,100
81411,100
81412,100
81413,100
81414,100
81415,0
81416,100
81417,0
81418,100
81419,0
81420,100
81421,0
81422,100
81423,0
81424,100
81425,0
81426,100
81427,0
81428,100
81429,0
81430,100
81431,0
81432,100
81433,0
81434,100
81435,0
81436,100
81437,100
81438,100
81439,100
81440,100
81441,100
81442,100
81443,100
81444,100
81445,100
81446,100
81447,100
81448,100
81449,100
81450,100
81451,100
81452,0
81453,100
81454,0
81455,100
81456,0
81457,100
81458,0
81459,100
81460,0
81461,100
81462,0
81463,100
81464,0
81465,100
81466,0
81467,100
81468,0
81469,100
81470,0
81471,100
81472,100
81473,100
81474,100
81475,100
81476,100
81477,100
81478,100
81479,100
81480,100
81481,100
81482,100
81483,100
81484,100
81485,100
81486,100
81487,0
81488,100
81489,0
81490,100
81491,0
81492,100
81493,0
81494,100
81495,0
81496,100
81497,0
81498,100
81499,0
81500,100
81501,0
81502,100
81503,0
81504,100
81505,0
81506,100
81507,0
81508,100
81509,100
81510,100
81511,100
81512,100
81513,100
81514,100
81515,100
81516,100
81517,100
81518,100
81519,100
81520,100
81521,100
81522,0
81523,100
81524,0
81525,100
81526,0
81527,100
81528,0
81529,100
81530,0
81531,100
81532,0
81533,100
81534,0
81535,100
81536,0
81537,100
81538,0
81539,100
81540,0
81541,100
81542,0
81543,100
81544,100
81545,100
81546,100
81547,100
81548,100
81549,100
81550,100
81551,100
81552,100
81553,100
81554,100
81555,100
81556,100
81557,0
81558,100
81559,0
81560,100
81561,0
81562,100
81563,0
81564,100
81565,0
81566,100
81567,0
81568,100
81569,0
81570,100
81571,0
81572,100
81573,0
81574,100
81575,0
81576,100
81577,0
81578,100
81579,100
81580,100
81581,100
81582,100
81583,100
81584,100
81585,100
81586,100
81587,100
81588,100
81589,100
81590,100
81591,100
81592,0
81593,100
81594,0
81595,100
81596,0
81597,100
81598,0
81599,100
81600,0
81601,100
81602,0
81603,100
81604,0
81605,100
81606,0
81607,100
81608,0
81609,100
81610,0
81611,100
81612,0
81613,100
81614,100
81615,100
81616,100
81617,100
81618,100
81619,100
81620,100
81621,100
81622,100
81623,100
81624,100
81625,100
81626,100
81627,0
81628,100
81629,0
81630,100
81631,0
81632,100
81633,0
81634,100
81635,0
81636,100
81637,0
81638,100
81639,0
81640,100
81641,0
81642,100
81643,0
81644,100
81645,0
81646,100
81647,0
81648,100
81649,100
81650,100
81651,100
81652,100
81653,100
81654,100
81655,100
81656,100
81657,100
81658,100
81659,100
81660,100
81661,100
81662,100
81663,100
81664,0
81665,100
81666,0
81667,100
81668,0
81669,100
81670,0
81671,100
81672,0
81673,100
81674,0
81675,100
81676,0
81677,100
81678,100
81679,100
81680,0
81681,100
81682,0
81683,100
81684,100
81685,100
81686,100
81687,100
81688,100
81689,100
81690,100
81691,100
81692,100
81693,100
81694,100
81695,100
81696,100
81697,100
81698,100
81699,0
81700,100
81701,0
81702,100
81703,0
81704,100
81705,0
81706,100
81707,0
81708,100
81709,0
81710,100
81711,0
81712,100
81713,100
81714,100
81715,100
81716,100
81717,0
81718,100
81719,100
81720,100
81721,100
81722,100
81723,100
81724,100
81725,100
81726,100
81727,100
81728,100
81729,100
81730,100
81731,100
81732,100
81733,100
81734,0
81735,100
81736,0
81737,100
81738,0
81739,100
81740,0
81741,100
81742,0
81743,100
81744,0
81745,100
81746,0
81747,100
81748,0
81749,100
81750,100
81751,100
81752,0
81753,100
81754,0
81755,100
81756,100
81757,100
81758,100
81759,100
81760,100
81761,100
81762,100
81763,100
81764,100
81765,100
81766,100
81767,100
81768,100
81769,0
81770,100
81771,0
81772,100
81773,0
81774,100
81775,0
81776,100
81777,0
81778,100
81779,0
81780,100
81781,0
81782,100
81783,0
81784,100
81785,100
81786,100
81787,100
81788,100
81789,0
81790,100
81791,100
81792,100
81793,100
81794,100
81795,100
81796,100
81797,100
81798,100
81799,100
81800,100
81801,100
81802,100
81803,100
81804,0
81805,100
81806,0
81807,100
81808,0
81809,100
81810,0
81811,100
81812,0
81813,100
81814,0
81815,100
81816,0
81817,100
81818,0
81819,100
81820,100
81821,100
81822,100
81823,100
81824,100
81825,100
81826,100
81827,100
81828,100
81829,100
81830,100
81831,100
81832,100
81833,100
81834,100
81835,100
81836,100
81837,100
81838,100
81839,0
81840,100
81841,0
81842,100
81843,0
81844,100
81845,0
81846,100
81847,0
81848,100
81849,0
81850,100
81851,0
81852,100
81853,0
81854,100
81855,100
81856,100
81857,100
81858,100
81859,100
81860,100
81861,100
81862,100
81863,100
81864,100
81865,100
81866,100
81867,100
81868,100
81869,100
81870,100
81871,100
81872,100
81873,100
81874,0
81875,100
81876,0
81877,100
81878,0
81879,100
81880,0
81881,100
81882,0
81883,100
81884,0
81885,100
81886,0
81887,100
81888,0
81889,100
81890,100
81891,100
81892,100
81893,100
81894,100
81895,100
81896,100
81897,100
81898,100
81899,100
81900,100
81901,100
81902,100
81903,100
81904,100
81905,100
81906,100
81907,100
81908,100
81909,100
81910,100
81911,0
81912,100
81913,0
81914,100
81915,0
81916,100
81917,0
81918,100
81919,0
81920,100
81921,0
81922,100
81923,0
81924,100
81925,100
81926,100
81927,100
81928,100
81929,100
81930,100
81931,100
81932,100
81933,100
81934,100
81935,100
81936,100
81937,100
81938,100
81939,100
81940,100
81941,100
81942,100
81943,100
81944,0
81945,100
81946,0
81947,100
81948,0
81949,100
81950,0
81951,100
81952,0
81953,100
81954,0
81955,100
81956,0
81957,100
81958,0
81959,100
81960,0
81961,100
81962,100
81963,100
81964,100
81965,100
81966,100
81967,100
81968,100
81969,100
81970,100
81971,100
81972,100
81973,100
81974,100
81975,100
81976,100
81977,100
81978,100
81979,100
81980,100
81981,0
81982,100
81983,0
81984,100
81985,0
81986,100
81987,0
81988,100
81989,0
81990,100
81991,0
81992,100
81993,0
81994,100
81995,0
81996,100
81997,100
81998,100
81999,100
82000,100
82001,100
82002,100
82003,100
82004,100
82005,100
82006,100
82007,100
82008,100
82009,100
82010,100
82011,100
82012,100
82013,100
82014,100
82015,100
82016,0
82017,100
82018,0
82019,100
82020,0
82021,100
82022,0
82023,100
82024,0
82025,100
82026,0
82027,100
82028,0
82029,100
82030,0
82031,100
82032,100
82033,100
82034,100
82035,100
82036,100
82037,100
82038,100
82039,100
82040,100
82041,100
82042,100
82043,100
82044,100
82045,100
82046,100
82047,100
82048,100
82049,100
82050,100
82051,0
82052,100
82053,0
82054,100
82055,0
82056,100
82057,0
82058,100
82059,0
82060,100
82061,0
82062,100
82063,0
82064,100
82065,0
82066,100
82067,100
82068,100
82069,100
82070,100
82071,100
82072,100
82073,100
82074,100
82075,100
82076,100
82077,100
82078,100
82079,100
82080,100
82081,100
82082,100
82083,100
82084,100
82085,100
82086,0
82087,100
82088,0
82089,100
82090,0
82091,100
82092,0
82093,100
82094,0
82095,100
82096,0
82097,100
82098,0
82099,100
82100,0
82101,100
82102,100
82103,100
82104,100
82105,100
82106,100
82107,100
82108,100
82109,100
82110,100
82111,100
82112,100
82113,100
82114,100
82115,0
82116,100
82117,100
82118,100
82119,100
82120,100
82121,0
82122,100
82123,0
82124,100
82125,0
82126,100
82127,0
82128,100
82129,0
82130,100
82131,0
82132,100
82133,0
82134,100
82135,0
82136,100
82137,100
82138,100
82139,100
82140,100
82141,100
82142,100
82143,100
82144,100
82145,100
82146,100
82147,100
82148,100
82149,100
82150,100
82151,100
82152,0
82153,100
82154,100
82155,100
82156,0
82157,100
82158,0
82159,100
82160,0
82161,100
82162,0
82163,100
82164,0
82165,100
82166,0
82167,100
82168,0
82169,100
82170,0
82171,100
82172,100
82173,100
82174,100
82175,100
82176,100
82177,100
82178,100
82179,100
82180,100
82181,100
82182,100
82183,100
82184,100
82185,100
82186,100
82187,0
82188,100
82189,0
82190,100
82191,100
82192,100
82193,0
82194,100
82195,0
82196,100
82197,0
82198,100
82199,0
82200,100
82201,0
82202,100
82203,0
82204,100
82205,0
82206,100
82207,0
82208,100
82209,100
82210,100
82211,100
82212,100
82213,100
82214,100
82215,100
82216,100
82217,100
82218,100
82219,100
82220,100
82221,100
82222,0
82223,100
82224,0
82225,100
82226,100
82227,100
82228,0
82229,100
82230,0
82231,100
82232,0
82233,100
82234,0
82235,100
82236,0
82237,100
82238,0
82239,100
82240,0
82241,100
82242,0
82243,100
82244,100
82245,100
82246,100
82247,100
82248,100
82249,100
82250,100
82251,100
82252,100
82253,100
82254,100
82255,100
82256,100
82257,0
82258,100
82259,0
82260,100
82261,0
82262,100
82263,0
82264,100
82265,0
82266,100
82267,0
82268,100
82269,0
82270,100
82271,0
82272,100
82273,0
82274,100
82275,0
82276,100
82277,0
82278,100
82279,100
82280,100
82281,100
82282,100
82283,100
82284,100
82285,100
82286,100
82287,100
82288,100
82289,100
82290,100
82291,100
82292,0
82293,100
82294,0
82295,100
82296,0
82297,100
82298,0
82299,100
82300,0
82301,100
82302,0
82303,100
82304,0
82305,100
82306,0
82307,100
82308,0
82309,100
82310,0
82311,100
82312,0
82313,100
82314,100
82315,100
82316,100
82317,100
82318,100
82319,100
82320,100
82321,100
82322,100
82323,100
82324,100
82325,100
82326,100
82327,0
82328,100
82329,0
82330,100
82331,0
82332,100
82333,0
82334,100
82335,0
82336,100
82337,0
82338,100
82339,0
82340,100
82341,0
82342,100
82343,0
82344,100
82345,0
82346,100
82347,0
82348,100
82349,100
82350,100
82351,100
82352,100
82353,100
82354,100
82355,100
82356,100
82357,100
82358,100
82359,100
82360,100
82361,100
82362,0
82363,100
82364,0
82365,100
82366,0
82367,100
82368,0
82369,100
82370,0
82371,100
82372,0
82373,100
82374,0
82375,100
82376,0
82377,100
82378,0
82379,100
82380,0
82381,100
82382,0
82383,100
82384,100
82385,100
82386,100
82387,100
82388,100
82389,100
82390,100
82391,100
82392,100
82393,100
82394,100
82395,100
82396,100
82397,100
82398,100
82399,0
82400,100
82401,0
82402,100
82403,0
82404,100
82405,0
82406,100
82407,0
82408,100
82409,0
82410,100
82411,0
82412,100
82413,0
82414,100
82415,0
82416,100
82417,0
82418,100
82419,100
82420,100
82421,100
82422,100
82423,100
82424,100
82425,100
82426,100
82427,100
82428,100
82429,100
82430,100
82431,100
82432,100
82433,100
82434,0
82435,100
82436,0
82437,100
82438,0
82439,100
82440,0
82441,100
82442,0
82443,100
82444,0
82445,100
82446,0
82447,100
82448,0
82449,100
82450,0
82451,100
82452,0
82453,100
82454,0
82455,100
82456,100
82457,100
82458,100
82459,100
82460,100
82461,100
82462,100
82463,100
82464,100
82465,100
82466,100
82467,100
82468,100
82469,0
82470,100
82471,0
82472,100
82473,0
82474,100
82475,0
82476,100
82477,0
82478,100
82479,0
82480,100
82481,0
82482,100
82483,0
82484,100
82485,0
82486,100
82487,0
82488,100
82489,100
82490,100
82491,100
82492,100
82493,100
82494,100
82495,100
82496,100
82497,100
82498,100
82499,100
82500,100
82501,100
82502,100
82503,100
82504,0
82505,100
82506,0
82507,100
82508,0
82509,100
82510,0
82511,100
82512,0
82513,100
82514,0
82515,100
82516,0
82517,100
82518,0
82519,100
82520,0
82521,100
82522,0
82523,100
82524,0
82525,100
82526,100
82527,100
82528,100
82529,100
82530,100
82531,100
82532,100
82533,100
82534,100
82535,100
82536,100
82537,100
82538,100
82539,0
82540,100
82541,0
82542,100
82543,0
82544,100
82545,0
82546,100
82547,0
82548,100
82549,0
82550,100
82551,0
82552,100
82553,0
82554,100
82555,100
82556,100
82557,0
82558,100
82559,0
82560,100
82561,100
82562,100
82563,100
82564,100
82565,100
82566,100
82567,100
82568,100
82569,100
82570,100
82571,100
82572,100
82573,100
82574,0
82575,100
82576,0
82577,100
82578,0
82579,100
82580,0
82581,100
82582,0
82583,100
82584,0
82585,100
82586,0
82587,100
82588,0
82589,100
82590,100
82591,100
82592,0
82593,100
82594,0
82595,100
82596,100
82597,100
82598,100
82599,100
82600,100
82601,100
82602,100
82603,100
82604,100
82605,100
82606,100
82607,100
82608,100
82609,100
82610,100
82611,0
82612,100
82613,0
82614,100
82615,0
82616,100
82617,0
82618,100
82619,0
82620,100
82621,0
82622,100
82623,0
82624,100
82625,100
82626,100
82627,100
82628,100
82629,0
82630,100
82631,100
82632,100
82633,100
82634,100
82635,100
82636,100
82637,100
82638,100
82639,100
82640,100
82641,100
82642,100
82643,100
82644,0
82645,100
82646,0
82647,100
82648,0
82649,100
82650,0
82651,100
82652,0
82653,100
82654,0
82655,100
82656,0
82657,100
82658,0
82659,100
82660,100
82661,100
82662,100
82663,100
82664,100
82665,100
82666,100
82667,100
82668,100
82669,100
82670,100
82671,100
82672,100
82673,100
82674,100
82675,100
82676,100
82677,100
82678,100
82679,100
82680,100
82681,0
82682,100
82683,0
82684,100
82685,0
82686,100
82687,0
82688,100
82689,0
82690,100
82691,0
82692,100
82693,0
82694,100
82695,0
82696,100
82697,100
82698,100
82699,100
82700,100
82701,100
82702,100
82703,100
82704,100
82705,100
82706,100
82707,100
82708,100
82709,100
82710,100
82711,100
82712,100
82713,100
82714,100
82715,100
82716,0
82717,100
82718,0
82719,100
82720,0
82721,100
82722,0
82723,100
82724,0
82725,100
82726,0
82727,100
82728,0
82729,100
82730,0
82731,100
82732,100
82733,100
82734,100
82735,100
82736,100
82737,100
82738,100
82739,100
82740,100
82741,100
82742,100
82743,100
82744,100
82745,100
82746,100
82747,100
82748,100
82749,100
82750,100
82751,0
82752,100
82753,0
82754,100
82755,0
82756,100
82757,0
82758,100
82759,0
82760,100
82761,0
82762,100
82763,0
82764,100
82765,0
82766,100
82767,100
82768,100
82769,100
82770,100
82771,100
82772,100
82773,100
82774,100
82775,100
82776,100
82777,100
82778,100
82779,100
82780,100
82781,100
82782,100
82783,100
82784,100
82785,100
82786,0
82787,100
82788,0
82789,100
82790,0
82791,100
82792,0
82793,100
82794,0
82795,100
82796,0
82797,100
82798,0
82799,100
82800,0
82801,100
82802,100
82803,100
82804,100
82805,100
82806,100
82807,100
82808,100
82809,100
82810,100
82811,100
82812,100
82813,100
82814,100
82815,100
82816,100
82817,100
82818,100
82819,100
82820,100
82821,0
82822,100
82823,0
82824,100
82825,0
82826,100
82827,0
82828,100
82829,0
82830,100
82831,0
82832,100
82833,0
82834,100
82835,0
82836,100
82837,100
82838,100
82839,100
82840,100
82841,100
82842,100
82843,100
82844,100
82845,100
82846,100
82847,100
82848,100
82849,100
82850,100
82851,100
82852,100
82853,100
82854,100
82855,100
82856,0
82857,100
82858,0
82859,100
82860,0
82861,100
82862,0
82863,100
82864,0
82865,100
82866,0
82867,100
82868,0
82869,100
82870,0
82871,100
82872,100
82873,100
82874,100
82875,100
82876,100
82877,100
82878,100
82879,100
82880,100
82881,100
82882,100
82883,100
82884,100
82885,100
82886,100
82887,100
82888,100
82889,100
82890,100
82891,0
82892,100
82893,0
82894,100
82895,0
82896,100
82897,0
82898,100
82899,0
82900,100
82901,0
82902,100
82903,0
82904,100
82905,0
82906,100
82907,100
82908,100
82909,100
82910,100
82911,100
82912,100
82913,100
82914,100
82915,100
82916,100
82917,100
82918,100
82919,100
82920,100
82921,100
82922,100
82923,100
82924,100
82925,100
82926,100
82927,100
82928,0
82929,100
82930,0
82931,100
82932,0
82933,100
82934,0
82935,100
82936,0
82937,100
82938,0
82939,100
82940,0
82941,100
82942,0
82943,100
82944,100
82945,100
82946,100
82947,100
82948,100
82949,100
82950,100
82951,100
82952,100
82953,100
82954,100
82955,100
82956,100
82957,100
82958,100
82959,100
82960,100
82961,100
82962,100
82963,0
82964,100
82965,0
82966,100
82967,0
82968,100
82969,0
82970,100
82971,0
82972,100
82973,0
82974,100
82975,0
82976,100
82977,100
82978,100
82979,100
82980,100
82981,100
82982,100
82983,100
82984,100
82985,100
82986,100
82987,100
82988,100
82989,100
82990,100
82991,100
82992,0
82993,100
82994,100
82995,100
82996,100
82997,100
82998,0
82999,100
83000,0
83001,100
83002,0
83003,100
83004,0
83005,100
83006,0
83007,100
83008,0
83009,100
83010,0
83011,100
83012,0
83013,100
83014,100
83015,100
83016,100
83017,100
83018,100
83019,100
83020,100
83021,100
83022,100
83023,100
83024,100
83025,100
83026,100
83027,0
83028,100
83029,0
83030,100
83031,100
83032,100
83033,0
83034,100
83035,0
83036,100
83037,0
83038,100
83039,0
83040,100
83041,0
83042,100
83043,0
83044,100
83045,0
83046,100
83047,0
83048,100
83049,100
83050,100
83051,100
83052,100
83053,100
83054,100
83055,100
83056,100
83057,100
83058,100
83059,100
83060,100
83061,100
83062,0
83063,100
83064,0
83065,100
83066,100
83067,100
83068,0
83069,100
83070,0
83071,100
83072,0
83073,100
83074,0
83075,100
83076,0
83077,100
83078,0
83079,100
83080,0
83081,100
83082,0
83083,100
83084,100
83085,100
83086,100
83087,100
83088,100
83089,100
83090,100
83091,100
83092,100
83093,100
83094,100
83095,100
83096,100
83097,0
83098,100
83099,0
83100,100
83101,0
83102,100
83103,0
83104,100
83105,0
83106,100
83107,0
83108,100
83109,0
83110,100
83111,0
83112,100
83113,0
83114,100
83115,0
83116,100
83117,0
83118,100
83119,100
83120,100
83121,100
83122,100
83123,100
83124,100
83125,100
83126,100
83127,100
83128,100
83129,100
83130,100
83131,100
83132,0
83133,100
83134,0
83135,100
83136,0
83137,100
83138,0
83139,100
83140,0
83141,100
83142,0
83143,100
83144,0
83145,100
83146,0
83147,100
83148,0
83149,100
83150,0
83151,100
83152,0
83153,100
83154,100
83155,100
83156,100
83157,100
83158,100
83159,100
83160,100
83161,100
83162,100
83163,100
83164,100
83165,100
83166,100
83167,100
83168,100
83169,0
83170,100
83171,0
83172,100
83173,0
83174,100
83175,0
83176,100
83177,0
83178,100
83179,0
83180,100
83181,0
83182,100
83183,0
83184,100
83185,0
83186,100
83187,0
83188,100
83189,100
83190,100
83191,100
83192,100
83193,100
83194,100
83195,100
83196,100
83197,100
83198,100
83199,100
83200,100
83201,100
83202,100
83203,100
83204,0
83205,100
83206,0
83207,100
83208,0
83209,100
83210,0
83211,100
83212,0
83213,100
83214,0
83215,100
83216,0
83217,100
83218,0
83219,100
83220,0
83221,100
83222,0
83223,100
83224,0
83225,100
83226,100
83227,100
83228,100
83229,100
83230,100
83231,100
83232,100
83233,100
83234,100
83235,100
83236,100
83237,100
83238,100
83239,0
83240,100
83241,0
83242,100
83243,0
83244,100
83245,0
83246,100
83247,0
83248,100
83249,0
83250,100
83251,0
83252,100
83253,0
83254,100
83255,0
83256,100
83257,0
83258,100
83259,0
83260,100
83261,100
83262,100
83263,100
83264,100
83265,100
83266,100
83267,100
83268,100
83269,100
83270,100
83271,100
83272,100
83273,100
83274,0
83275,100
83276,0
83277,100
83278,0
83279,100
83280,0
83281,100
83282,0
83283,100
83284,0
83285,100
83286,0
83287,100
83288,0
83289,100
83290,0
83291,100
83292,0
83293,100
83294,0
83295,100
83296,100
83297,100
83298,100
83299,100
83300,100
83301,100
83302,100
83303,100
83304,100
83305,100
83306,100
83307,100
83308,100
83309,0
83310,100
83311,0
83312,100
83313,0
83314,100
83315,0
83316,100
83317,0
83318,100
83319,0
83320,100
83321,0
83322,100
83323,0
83324,100
83325,0
83326,100
83327,0
83328,100
83329,0
83330,100
83331,100
83332,100
83333,100
83334,100
83335,100
83336,100
83337,100
83338,100
83339,100
83340,100
83341,100
83342,100
83343,100
83344,0
83345,100
83346,0
83347,100
83348,0
83349,100
83350,0
83351,100
83352,0
83353,100
83354,0
83355,100
83356,0
83357,100
83358,0
83359,100
83360,0
83361,100
83362,0
83363,100
83364,0
83365,100
83366,100
83367,100
83368,100
83369,100
83370,100
83371,100
83372,100
83373,100
83374,100
83375,100
83376,100
83377,100
83378,100
83379,0
83380,100
83381,0
83382,100
83383,0
83384,100
83385,0
83386,100
83387,0
83388,100
83389,0
83390,100
83391,0
83392,100
83393,0
83394,100
83395,0
83396,100
83397,0
83398,100
83399,0
83400,100
83401,100
83402,100
83403,100
83404,100
83405,100
83406,100
83407,100
83408,100
83409,100
83410,100
83411,100
83412,100
83413,100
83414,100
83415,100
83416,0
83417,100
83418,0
83419,100
83420,0
83421,100
83422,0
83423,100
83424,0
83425,100
83426,0
83427,100
83428,0
83429,100
83430,0
83431,100
83432,0
83433,100
83434,0
83435,100
83436,100
83437,100
83438,100
83439,100
83440,100
83441,100
83442,100
83443,100
83444,100
83445,100
83446,100
83447,100
83448,100
83449,100
83450,100
83451,0
83452,100
83453,0
83454,100
83455,0
83456,100
83457,0
83458,100
83459,0
83460,100
83461,0
83462,100
83463,0
83464,100
83465,0
83466,100
83467,100
83468,100
83469,0
83470,100
83471,0
83472,100
83473,100
83474,100
83475,100
83476,100
83477,100
83478,100
83479,100
83480,100
83481,100
83482,100
83483,100
83484,100
83485,100
83486,0
83487,100
83488,0
83489,100
83490,0
83491,100
83492,0
83493,100
83494,0
83495,100
83496,0
83497,100
83498,0
83499,100
83500,0
83501,100
83502,100
83503,100
83504,100
83505,100
83506,0
83507,100
83508,100
83509,100
83510,100
83511,100
83512,100
83513,100
83514,100
83515,100
83516,100
83517,100
83518,100
83519,100
83520,100
83521,0
83522,100
83523,0
83524,100
83525,0
83526,100
83527,0
83528,100
83529,0
83530,100
83531,0
83532,100
83533,0
83534,100
83535,0
83536,100
83537,100
83538,100
83539,100
83540,100
83541,0
83542,100
83543,100
83544,100
83545,100
83546,100
83547,100
83548,100
83549,100
83550,100
83551,100
83552,100
83553,100
83554,100
83555,100
83556,0
83557,100
83558,0
83559,100
83560,0
83561,100
83562,0
83563,100
83564,0
83565,100
83566,0
83567,100
83568,0
83569,100
83570,0
83571,100
83572,100
83573,100
83574,100
83575,100
83576,100
83577,100
83578,100
83579,100
83580,100
83581,100
83582,100
83583,100
83584,100
83585,100
83586,100
83587,100
83588,100
83589,100
83590,100
83591,0
83592,100
83593,0
83594,100
83595,0
83596,100
83597,0
83598,100
83599,0
83600,100
83601,0
83602,100
83603,0
83604,100
83605,0
83606,100
83607,100
83608,100
83609,100
83610,100
83611,100
83612,100
83613,100
83614,100
83615,100
83616,100
83617,100
83618,100
83619,100
83620,100
83621,100
83622,100
83623,100
83624,100
83625,100
83626,0
83627,100
83628,0
83629,100
83630,0
83631,100
83632,0
83633,100
83634,0
83635,100
83636,0
83637,100
83638,0
83639,100
83640,0
83641,100
83642,0
83643,100
83644,100
83645,100
83646,100
83647,100
83648,100
83649,100
83650,100
83651,100
83652,100
83653,100
83654,100
83655,100
83656,100
83657,100
83658,100
83659,100
83660,100
83661,100
83662,100
83663,0
83664,100
83665,0
83666,100
83667,0
83668,100
83669,0
83670,100
83671,0
83672,100
83673,0
83674,100
83675,0
83676,100
83677,100
83678,100
83679,100
83680,100
83681,100
83682,100
83683,100
83684,100
83685,100
83686,100
83687,100
83688,100
83689,100
83690,100
83691,100
83692,100
83693,100
83694,100
83695,100
83696,100
83697,100
83698,0
83699,100
83700,0
83701,100
83702,0
83703,100
83704,0
83705,100
83706,0
83707,100
83708,0
83709,100
83710,0
83711,100
83712,0
83713,100
83714,100
83715,100
83716,100
83717,100
83718,100
83719,100
83720,100
83721,100
83722,100
83723,100
83724,100
83725,100
83726,100
83727,100
83728,100
83729,100
83730,100
83731,100
83732,100
83733,0
83734,100
83735,0
83736,100
83737,0
83738,100
83739,0
83740,100
83741,0
83742,100
83743,0
83744,100
83745,0
83746,100
83747,0
83748,100
83749,100
83750,100
83751,100
83752,100
83753,100
83754,100
83755,100
83756,100
83757,100
83758,100
83759,100
83760,100
83761,100
83762,100
83763,100
83764,100
83765,100
83766,100
83767,100
83768,0
83769,100
83770,0
83771,100
83772,0
83773,100
83774,0
83775,100
83776,0
83777,100
83778,0
83779,100
83780,0
83781,100
83782,0
83783,100
83784,100
83785,100
83786,100
83787,100
83788,100
83789,100
83790,100
83791,100
83792,100
83793,100
83794,100
83795,100
83796,100
83797,100
83798,100
83799,100
83800,100
83801,100
83802,100
83803,0
83804,100
83805,0
83806,100
83807,0
83808,100
83809,0
83810,100
83811,0
83812,100
83813,0
83814,100
83815,0
83816,100
83817,0
83818,100
83819,100
83820,100
83821,100
83822,100
83823,100
83824,100
83825,100
83826,100
83827,100
83828,100
83829,100
83830,100
83831,100
83832,0
83833,100
83834,100
83835,100
83836,100
83837,100
83838,0
83839,100
83840,0
83841,100
83842,0
83843,100
83844,0
83845,100
83846,0
83847,100
83848,0
83849,100
83850,0
83851,100
83852,0
83853,100
83854,100
83855,100
83856,100
83857,100
83858,100
83859,100
83860,100
83861,100
83862,100
83863,100
83864,100
83865,100
83866,100
83867,100
83868,100
83869,100
83870,100
83871,100
83872,100
83873,100
83874,100
83875,0
83876,100
83877,0
83878,100
83879,0
83880,100
83881,0
83882,100
83883,0
83884,100
83885,0
83886,100
83887,0
83888,100
83889,100
83890,100
83891,100
83892,100
83893,100
83894,100
83895,100
83896,100
83897,100
83898,100
83899,100
83900,100
83901,100
83902,100
83903,100
83904,0
83905,100
83906,100
83907,100
83908,100
83909,100
83910,0
83911,100
83912,0
83913,100
83914,0
83915,100
83916,0
83917,100
83918,0
83919,100
83920,0
83921,100
83922,0
83923,100
83924,100
83925,100
83926,100
83927,100
83928,100
83929,100
83930,100
83931,100
83932,100
83933,100
83934,100
83935,100
83936,100
83937,100
83938,100
83939,0
83940,100
83941,0
83942,100
83943,100
83944,100
83945,0
83946,100
83947,0
83948,100
83949,0
83950,100
83951,0
83952,100
83953,0
83954,100
83955,0
83956,100
83957,0
83958,100
83959,0
83960,100
83961,100
83962,100
83963,100
83964,100
83965,100
83966,100
83967,100
83968,100
83969,100
83970,100
83971,100
83972,100
83973,100
83974,0
83975,100
83976,0
83977,100
83978,0
83979,100
83980,0
83981,100
83982,0
83983,100
83984,0
83985,100
83986,0
83987,100
83988,0
83989,100
83990,0
83991,100
83992,0
83993,100
83994,0
83995,100
83996,100
83997,100
83998,100
83999,100
84000,100
84001,100
84002,100
84003,100
84004,100
84005,100
84006,100
84007,100
84008,100
84009,0
84010,100
84011,0
84012,100
84013,0
84014,100
84015,0
84016,100
84017,0
84018,100
84019,0
84020,100
84021,0
84022,100
84023,0
84024,100
84025,0
84026,100
84027,0
84028,100
84029,0
84030,100
84031,100
84032,100
84033,100
84034,100
84035,100
84036,100
84037,100
84038,100
84039,100
84040,100
84041,100
84042,100
84043,100
84044,0
84045,100
84046,0
84047,100
84048,0
84049,100
84050,0
84051,100
84052,0
84053,100
84054,0
84055,100
84056,0
84057,100
84058,0
84059,100
84060,0
84061,100
84062,0
84063,100
84064,0
84065,100
84066,100
84067,100
84068,100
84069,100
84070,100
84071,100
84072,100
84073,100
84074,100
84075,100
84076,100
84077,100
84078,100
84079,0
84080,100
84081,0
84082,100
84083,0
84084,100
84085,0
84086,100
84087,0
84088,100
84089,0
84090,100
84091,0
84092,100
84093,0
84094,100
84095,0
84096,100
84097,0
84098,100
84099,0
84100,100
84101,100
84102,100
84103,100
84104,100
84105,100
84106,100
84107,100
84108,100
84109,100
84110,100
84111,100
84112,100
84113,100
84114,100
84115,100
84116,0
84117,100
84118,0
84119,100
84120,0
84121,100
84122,0
84123,100
84124,0
84125,100
84126,0
84127,100
84128,0
84129,100
84130,0
84131,100
84132,0
84133,100
84134,0
84135,100
84136,100
84137,100
84138,100
84139,100
84140,100
84141,100
84142,100
84143,100
84144,100
84145,100
84146,100
84147,100
84148,100
84149,100
84150,100
84151,0
84152,100
84153,0
84154,100
84155,0
84156,100
84157,0
84158,100
84159,0
84160,100
84161,0
84162,100
84163,0
84164,100
84165,0
84166,100
84167,0
84168,100
84169,0
84170,100
84171,100
84172,100
84173,100
84174,100
84175,100
84176,100
84177,100
84178,100
84179,100
84180,100
84181,100
84182,100
84183,100
84184,100
84185,100
84186,0
84187,100
84188,0
84189,100
84190,0
84191,100
84192,0
84193,100
84194,0
84195,100
84196,0
84197,100
84198,0
84199,100
84200,0
84201,100
84202,0
84203,100
84204,0
84205,100
84206,0
84207,100
84208,100
84209,100
84210,100
84211,100
84212,100
84213,100
84214,100
84215,100
84216,100
84217,100
84218,100
84219,100
84220,100
84221,0
84222,100
84223,0
84224,100
84225,0
84226,100
84227,0
84228,100
84229,0
84230,100
84231,0
84232,100
84233,0
84234,100
84235,0
84236,100
84237,0
84238,100
84239,0
84240,100
84241,0
84242,100
84243,100
84244,100
84245,100
84246,100
84247,100
84248,100
84249,100
84250,100
84251,100
84252,100
84253,100
84254,100
84255,100
84256,0
84257,100
84258,0
84259,100
84260,0
84261,100
84262,0
84263,100
84264,0
84265,100
84266,0
84267,100
84268,0
84269,100
84270,0
84271,100
84272,0
84273,100
84274,0
84275,100
84276,0
84277,100
84278,100
84279,100
84280,100
84281,100
84282,100
84283,100
84284,100
84285,100
84286,100
84287,100
84288,100
84289,100
84290,100
84291,0
84292,100
84293,0
84294,100
84295,0
84296,100
84297,0
84298,100
84299,0
84300,100
84301,0
84302,100
84303,0
84304,100
84305,0
84306,100
84307,100
84308,100
84309,0
84310,100
84311,0
84312,100
84313,100
84314,100
84315,100
84316,100
84317,100
84318,100
84319,100
84320,100
84321,100
84322,100
84323,100
84324,100
84325,100
84326,0
84327,100
84328,0
84329,100
84330,0
84331,100
84332,0
84333,100
84334,0
84335,100
84336,0
84337,100
84338,0
84339,100
84340,0
84341,100
84342,100
84343,100
84344,0
84345,100
84346,0
84347,100
84348,100
84349,100
84350,100
84351,100
84352,100
84353,100
84354,100
84355,100
84356,100
84357,100
84358,100
84359,100
84360,100
84361,100
84362,100
84363,0
84364,100
84365,0
84366,100
84367,0
84368,100
84369,0
84370,100
84371,0
84372,100
84373,0
84374,100
84375,0
84376,100
84377,100
84378,100
84379,100
84380,100
84381,0
84382,100
84383,100
84384,100
84385,100
84386,100
84387,100
84388,100
84389,100
84390,100
84391,100
84392,100
84393,100
84394,100
84395,100
84396,0
84397,100
84398,0
84399,100
84400,0
84401,100
84402,0
84403,100
84404,0
84405,100
84406,0
84407,100
84408,0
84409,100
84410,0
84411,100
84412,100
84413,100
84414,100
84415,100
84416,100
84417,100
84418,0
84419,100
84420,100
84421,100
84422,100
84423,100
84424,100
84425,100
84426,100
84427,100
84428,100
84429,100
84430,100
84431,100
84432,100
84433,0
84434,100
84435,0
84436,100
84437,0
84438,100
84439,0
84440,100
84441,0
84442,100
84443,0
84444,100
84445,0
84446,100
84447,0
84448,100
84449,100
84450,100
84451,100
84452,100
84453,100
84454,100
84455,100
84456,100
84457,100
84458,100
84459,100
84460,100
84461,100
84462,100
84463,100
84464,100
84465,100
84466,100
84467,100
84468,0
84469,100
84470,0
84471,100
84472,0
84473,100
84474,0
84475,100
84476,0
84477,100
84478,0
84479,100
84480,0
84481,100
84482,0
84483,100
84484,100
84485,100
84486,100
84487,100
84488,100
84489,100
84490,100
84491,100
84492,100
84493,100
84494,100
84495,100
84496,100
84497,100
84498,100
84499,100
84500,100
84501,100
84502,100
84503,0
84504,100
84505,0
84506,100
84507,0
84508,100
84509,0
84510,100
84511,0
84512,100
84513,0
84514,100
84515,0
84516,100
84517,0
84518,100
84519,100
84520,100
84521,100
84522,100
84523,100
84524,100
84525,100
84526,100
84527,100
84528,100
84529,100
84530,100
84531,100
84532,100
84533,100
84534,100
84535,100
84536,100
84537,100
84538,0
84539,100
84540,0
84541,100
84542,0
84543,100
84544,0
84545,100
84546,0
84547,100
84548,0
84549,100
84550,0
84551,100
84552,0
84553,100
84554,100
84555,100
84556,100
84557,100
84558,100
84559,100
84560,100
84561,100
84562,100
84563,100
84564,100
84565,100
84566,100
84567,100
84568,100
84569,100
84570,100
84571,100
84572,100
84573,0
84574,100
84575,0
84576,100
84577,0
84578,100
84579,0
84580,100
84581,0
84582,100
84583,0
84584,100
84585,0
84586,100
84587,0
84588,100
84589,100
84590,100
84591,100
84592,100
84593,100
84594,100
84595,100
84596,100
84597,100
84598,100
84599,100
84600,100
84601,100
84602,100
84603,100
84604,100
84605,100
84606,100
84607,100
84608,0
84609,100
84610,0
84611,100
84612,0
84613,100
84614,0
84615,100
84616,0
84617,100
84618,0
84619,100
84620,0
84621,100
84622,0
84623,100
84624,100
84625,100
84626,100
84627,100
84628,100
84629,100
84630,100
84631,100
84632,100
84633,100
84634,100
84635,100
84636,100
84637,100
84638,100
84639,100
84640,100
84641,100
84642,100
84643,100
84644,100
84645,0
84646,100
84647,0
84648,100
84649,0
84650,100
84651,0
84652,100
84653,0
84654,100
84655,0
84656,100
84657,0
84658,100
84659,100
84660,100
84661,100
84662,100
84663,100
84664,100
84665,100
84666,100
84667,100
84668,100
84669,100
84670,100
84671,100
84672,100
84673,100
84674,100
84675,100
84676,100
84677,100
84678,100
84679,100
84680,0
84681,100
84682,0
84683,100
84684,0
84685,100
84686,0
84687,100
84688,0
84689,100
84690,0
84691,100
84692,0
84693,100
84694,0
84695,100
84696,100
84697,100
84698,100
84699,100
84700,100
84701,100
84702,100
84703,100
84704,100
84705,100
84706,100
84707,100
84708,100
84709,100
84710,100
84711,100
84712,100
84713,100
84714,100
84715,0
84716,100
84717,0
84718,100
84719,0
84720,100
84721,0
84722,100
84723,0
84724,100
84725,0
84726,100
84727,0
84728,100
84729,0
84730,100
84731,100
84732,100
84733,100
84734,100
84735,100
84736,100
84737,100
84738,100
84739,100
84740,100
84741,100
84742,100
84743,100
84744,0
84745,100
84746,100
84747,100
84748,100
84749,100
84750,0
84751,100
84752,0
84753,100
84754,0
84755,100
84756,0
84757,100
84758,0
84759,100
84760,0
84761,100
84762,0
84763,100
84764,0
84765,100
84766,100
84767,100
84768,100
84769,100
84770,100
84771,100
84772,100
84773,100
84774,100
84775,100
84776,100
84777,100
84778,100
84779,0
84780,100
84781,0
84782,100
84783,100
84784,100
84785,0
84786,100
84787,0
84788,100
84789,0
84790,100
84791,0
84792,100
84793,0
84794,100
84795,0
84796,100
84797,0
84798,100
84799,0
84800,100
84801,100
84802,100
84803,100
84804,100
84805,100
84806,100
84807,100
84808,100
84809,100
84810,100
84811,100
84812,100
84813,100
84814,0
84815,100
84816,0
84817,100
84818,0
84819,100
84820,0
84821,100
84822,0
84823,100
84824,0
84825,100
84826,0
84827,100
84828,0
84829,100
84830,0
84831,100
84832,0
84833,100
84834,0
84835,100
84836,100
84837,100
84838,100
84839,100
84840,100
84841,100
84842,100
84843,100
84844,100
84845,100
84846,100
84847,100
84848,100
84849,100
84850,100
84851,0
84852,100
84853,0
84854,100
84855,0
84856,100
84857,0
84858,100
84859,0
84860,100
84861,0
84862,100
84863,0
84864,100
84865,0
84866,100
84867,0
84868,100
84869,0
84870,100
84871,100
84872,100
84873,100
84874,100
84875,100
84876,100
84877,100
84878,100
84879,100
84880,100
84881,100
84882,100
84883,100
84884,0
84885,100
84886,0
84887,100
84888,0
84889,100
84890,0
84891,100
84892,0
84893,100
84894,0
84895,100
84896,0
84897,100
84898,0
84899,100
84900,0
84901,100
84902,0
84903,100
84904,0
84905,100
84906,0
84907,100
84908,100
84909,100
84910,100
84911,100
84912,100
84913,100
84914,100
84915,100
84916,100
84917,100
84918,100
84919,100
84920,100
84921,0
84922,100
84923,0
84924,100
84925,0
84926,100
84927,0
84928,100
84929,0
84930,100
84931,0
84932,100
84933,0
84934,100
84935,0
84936,100
84937,0
84938,100
84939,0
84940,100
84941,0
84942,100
84943,100
84944,100
84945,100
84946,100
84947,100
84948,100
84949,100
84950,100
84951,100
84952,100
84953,100
84954,100
84955,100
84956,0
84957,100
84958,0
84959,100
84960,0
84961,100
84962,0
84963,100
84964,0
84965,100
84966,0
84967,100
84968,0
84969,100
84970,0
84971,100
84972,0
84973,100
84974,0
84975,100
84976,0
84977,100
84978,100
84979,100
84980,100
84981,100
84982,100
84983,100
84984,100
84985,100
84986,100
84987,100
84988,100
84989,100
84990,100
84991,0
84992,100
84993,0
84994,100
84995,0
84996,100
84997,0
84998,100
84999,0
85000,100
85001,0
85002,100
85003,0
85004,100
85005,0
85006,100
85007,0
85008,100
85009,0
85010,100
85011,0
85012,100
85013,100
85014,100
85015,100
85016,100
85017,100
85018,100
85019,100
85020,100
85021,100
85022,100
85023,100
85024,100
85025,100
85026,0
85027,100
85028,0
85029,100
85030,0
85031,100
85032,0
85033,100
85034,0
85035,100
85036,0
85037,100
85038,0
85039,100
85040,0
85041,100
85042,0
85043,100
85044,0
85045,100
85046,0
85047,100
85048,100
85049,100
85050,100
85051,100
85052,100
85053,100
85054,100
85055,100
85056,100
85057,100
85058,100
85059,100
85060,100
85061,0
85062,100
85063,0
85064,100
85065,0
85066,100
85067,0
85068,100
85069,0
85070,100
85071,0
85072,100
85073,0
85074,100
85075,0
85076,100
85077,0
85078,100
85079,0
85080,100
85081,0
85082,100
85083,100
85084,100
85085,100
85086,100
85087,100
85088,100
85089,100
85090,100
85091,100
85092,100
85093,100
85094,100
85095,100
85096,0
85097,100
85098,0
85099,100
85100,0
85101,100
85102,0
85103,100
85104,0
85105,100
85106,0
85107,100
85108,0
85109,100
85110,0
85111,100
85112,0
85113,100
85114,0
85115,100
85116,0
85117,100
85118,100
85119,100
85120,100
85121,100
85122,100
85123,100
85124,100
85125,100
85126,100
85127,100
85128,100
85129,100
85130,100
85131,100
85132,100
85133,0
85134,100
85135,0
85136,100
85137,0
85138,100
85139,0
85140,100
85141,0
85142,100
85143,0
85144,100
85145,0
85146,100
85147,0
85148,100
85149,0
85150,100
85151,0
85152,100
85153,100
85154,100
85155,100
85156,100
85157,100
85158,100
85159,100
85160,100
85161,100
85162,100
85163,100
85164,100
85165,100
85166,100
85167,100
85168,0
85169,100
85170,0
85171,100
85172,0
85173,100
85174,0
85175,100
85176,0
85177,100
85178,0
85179,100
85180,0
85181,100
85182,0
85183,100
85184,0
85185,100
85186,0
85187,100
85188,0
85189,100
85190,100
85191,100
85192,100
85193,100
85194,100
85195,100
85196,100
85197,100
85198,100
85199,100
85200,100
85201,100
85202,100
85203,0
85204,100
85205,0
85206,100
85207,0
85208,100
85209,0
85210,100
85211,0
85212,100
85213,0
85214,100
85215,0
85216,100
85217,0
85218,100
85219,100
85220,100
85221,0
85222,100
85223,0
85224,100
85225,100
85226,100
85227,100
85228,100
85229,100
85230,100
85231,100
85232,100
85233,100
85234,100
85235,100
85236,100
85237,100
85238,0
85239,100
85240,0
85241,100
85242,0
85243,100
85244,0
85245,100
85246,0
85247,100
85248,0
85249,100
85250,0
85251,100
85252,0
85253,100
85254,100
85255,100
85256,100
85257,100
85258,0
85259,100
85260,100
85261,100
85262,100
85263,100
85264,100
85265,100
85266,100
85267,100
85268,100
85269,100
85270,100
85271,100
85272,100
85273,0
85274,100
85275,0
85276,100
85277,0
85278,100
85279,0
85280,100
85281,0
85282,100
85283,0
85284,100
85285,0
85286,100
85287,0
85288,100
85289,100
85290,100
85291,100
85292,100
85293,100
85294,100
85295,100
85296,100
85297,100
85298,100
85299,100
85300,100
85301,100
85302,100
85303,100
85304,100
85305,100
85306,100
85307,100
85308,0
85309,100
85310,0
85311,100
85312,0
85313,100
85314,0
85315,100
85316,0
85317,100
85318,0
85319,100
85320,0
85321,100
85322,0
85323,100
85324,100
85325,100
85326,100
85327,100
85328,100
85329,100
85330,100
85331,100
85332,100
85333,100
85334,100
85335,100
85336,100
85337,100
85338,100
85339,100
85340,100
85341,100
85342,100
85343,0
85344,100
85345,0
85346,100
85347,0
85348,100
85349,0
85350,100
85351,0
85352,100
85353,0
85354,100
85355,0
85356,100
85357,0
85358,100
85359,100
85360,100
85361,100
85362,100
85363,100
85364,100
85365,100
85366,100
85367,100
85368,100
85369,100
85370,100
85371,100
85372,100
85373,100
85374,100
85375,100
85376,100
85377,100
85378,100
85379,100
85380,0
85381,100
85382,0
85383,100
85384,0
85385,100
85386,0
85387,100
85388,0
85389,100
85390,0
85391,100
85392,0
85393,100
85394,0
85395,100
85396,100
85397,100
85398,100
85399,100
85400,100
85401,100
85402,100
85403,100
85404,100
85405,100
85406,100
85407,100
85408,100
85409,100
85410,100
85411,100
85412,100
85413,100
85414,100
85415,0
85416,100
85417,0
85418,100
85419,0
85420,100
85421,0
85422,100
85423,0
85424,100
85425,0
85426,100
85427,0
85428,100
85429,0
85430,100
85431,100
85432,100
85433,100
85434,100
85435,100
85436,100
85437,100
85438,100
85439,100
85440,100
85441,100
85442,100
85443,100
85444,100
85445,100
85446,100
85447,100
85448,100
85449,100
85450,0
85451,100
85452,0
85453,100
85454,0
85455,100
85456,0
85457,100
85458,0
85459,100
85460,0
85461,100
85462,0
85463,100
85464,0
85465,100
85466,100
85467,100
85468,100
85469,100
85470,100
85471,100
85472,100
85473,100
85474,100
85475,100
85476,100
85477,100
85478,100
85479,100
85480,100
85481,100
85482,100
85483,100
85484,100
85485,0
85486,100
85487,0
85488,100
85489,0
85490,100
85491,0
85492,100
85493,0
85494,100
85495,0
85496,100
85497,0
85498,100
85499,0
85500,100
85501,100
85502,100
85503,100
85504,100
85505,100
85506,100
85507,100
85508,100
85509,100
85510,100
85511,100
85512,100
85513,100
85514,100
85515,100
85516,100
85517,100
85518,100
85519,100
85520,100
85521,100
85522,0
85523,100
85524,0
85525,100
85526,0
85527,100
85528,0
85529,100
85530,0
85531,100
85532,0
85533,100
85534,0
85535,100
85536,100
85537,100
85538,100
85539,100
85540,100
85541,100
85542,100
85543,100
85544,100
85545,100
85546,100
85547,100
85548,100
85549,100
85550,100
85551,100
85552,100
85553,100
85554,100
85555,100
85556,100
85557,0
85558,100
85559,0
85560,100
85561,0
85562,100
85563,0
85564,100
85565,0
85566,100
85567,0
85568,100
85569,0
85570,100
85571,0
85572,100
85573,100
85574,100
85575,100
85576,100
85577,100
85578,100
85579,100
85580,100
85581,100
85582,100
85583,100
85584,100
85585,100
85586,100
85587,100
85588,100
85589,100
85590,100
85591,100
85592,0
85593,100
85594,0
85595,100
85596,0
85597,100
85598,0
85599,100
85600,0
85601,100
85602,0
85603,100
85604,0
85605,100
85606,0
85607,100
85608,100
85609,100
85610,100
85611,100
85612,100
85613,100
85614,100
85615,100
85616,100
85617,100
85618,100
85619,100
85620,100
85621,0
85622,100
85623,100
85624,100
85625,100
85626,100
85627,0
85628,100
85629,0
85630,100
85631,0
85632,100
85633,0
85634,100
85635,0
85636,100
85637,0
85638,100
85639,0
85640,100
85641,0
85642,100
85643,100
85644,100
85645,100
85646,100
85647,100
85648,100
85649,100
85650,100
85651,100
85652,100
85653,100
85654,100
85655,100
85656,0
85657,100
85658,100
85659,100
85660,100
85661,100
85662,0
85663,100
85664,0
85665,100
85666,0
85667,100
85668,0
85669,100
85670,0
85671,100
85672,0
85673,100
85674,0
85675,100
85676,0
85677,100
85678,100
85679,100
85680,100
85681,100
85682,100
85683,100
85684,100
85685,100
85686,100
85687,100
85688,100
85689,100
85690,100
85691,0
85692,100
85693,0
85694,100
85695,100
85696,100
85697,0
85698,100
85699,0
85700,100
85701,0
85702,100
85703,0
85704,100
85705,0
85706,100
85707,0
85708,100
85709,0
85710,100
85711,0
85712,100
85713,100
85714,100
85715,100
85716,100
85717,100
85718,100
85719,100
85720,100
85721,100
85722,100
85723,100
85724,100
85725,100
85726,0
85727,100
85728,0
85729,100
85730,0
85731,100
85732,0
85733,100
85734,0
85735,100
85736,0
85737,100
85738,0
85739,100
85740,0
85741,100
85742,0
85743,100
85744,0
85745,100
85746,0
85747,100
85748,100
85749,100
85750,100
85751,100
85752,100
85753,100
85754,100
85755,100
85756,100
85757,100
85758,100
85759,100
85760,100
85761,100
85762,100
85763,0
85764,100
85765,0
85766,100
85767,0
85768,100
85769,0
85770,100
85771,0
85772,100
85773,0
85774,100
85775,0
85776,100
85777,0
85778,100
85779,0
85780,100
85781,0
85782,100
85783,100
85784,100
85785,100
85786,100
85787,100
85788,100
85789,100
85790,100
85791,100
85792,100
85793,100
85794,100
85795,100
85796,100
85797,100
85798,0
85799,100
85800,0
85801,100
85802,0
85803,100
85804,0
85805,100
85806,0
85807,100
85808,0
85809,100
85810,0
85811,100
85812,0
85813,100
85814,0
85815,100
85816,0
85817,100
85818,0
85819,100
85820,100
85821,100
85822,100
85823,100
85824,100
85825,100
85826,100
85827,100
85828,100
85829,100
85830,100
85831,100
85832,100
85833,0
85834,100
85835,0
85836,100
85837,0
85838,100
85839,0
85840,100
85841,0
85842,100
85843,0
85844,100
85845,0
85846,100
85847,0
85848,100
85849,0
85850,100
85851,0
85852,100
85853,0
85854,100
85855,100
85856,100
85857,100
85858,100
85859,100
85860,100
85861,100
85862,100
85863,100
85864,100
85865,100
85866,100
85867,100
85868,0
85869,100
85870,0
85871,100
85872,0
85873,100
85874,0
85875,100
85876,0
85877,100
85878,0
85879,100
85880,0
85881,100
85882,0
85883,100
85884,0
85885,100
85886,0
85887,100
85888,0
85889,100
85890,100
85891,100
85892,100
85893,100
85894,100
85895,100
85896,100
85897,100
85898,100
85899,100
85900,100
85901,100
85902,100
85903,0
85904,100
85905,0
85906,100
85907,0
85908,100
85909,0
85910,100
85911,0
85912,100
85913,0
85914,100
85915,0
85916,100
85917,0
85918,100
85919,0
85920,100
85921,0
85922,100
85923,0
85924,100
85925,100
85926,100
85927,100
85928,100
85929,100
85930,100
85931,100
85932,100
85933,100
85934,100
85935,100
85936,100
85937,100
85938,0
85939,100
85940,0
85941,100
85942,0
85943,100
85944,0
85945,100
85946,0
85947,100
85948,0
85949,100
85950,0
85951,100
85952,0
85953,100
85954,0
85955,100
85956,0
85957,100
85958,0
85959,100
85960,100
85961,100
85962,100
85963,100
85964,100
85965,100
85966,100
85967,100
85968,100
85969,100
85970,100
85971,100
85972,100
85973,100
85974,100
85975,0
85976,100
85977,0
85978,100
85979,0
85980,100
85981,0
85982,100
85983,0
85984,100
85985,0
85986,100
85987,0
85988,100
85989,0
85990,100
85991,0
85992,100
85993,0
85994,100
85995,100
85996,100
85997,100
85998,100
85999,100
86000,100
86001,100
86002,100
86003,100
86004,100
86005,100
86006,100
86007,100
86008,100
86009,100
86010,0
86011,100
86012,0
86013,100
86014,0
86015,100
86016,0
86017,100
86018,0
86019,100
86020,0
86021,100
86022,0
86023,100
86024,0
86025,100
86026,0
86027,100
86028,0
86029,100
86030,100
86031,100
86032,100
86033,100
86034,100
86035,100
86036,100
86037,100
86038,100
86039,100
86040,100
86041,100
86042,100
86043,100
86044,100
86045,0
86046,100
86047,0
86048,100
86049,0
86050,100
86051,0
86052,100
86053,0
86054,100
86055,0
86056,100
86057,0
86058,100
86059,0
86060,100
86061,0
86062,100
86063,0
86064,100
86065,0
86066,100
86067,100
86068,100
86069,100
86070,100
86071,100
86072,100
86073,100
86074,100
86075,100
86076,100
86077,100
86078,100
86079,100
86080,0
86081,100
86082,0
86083,100
86084,0
86085,100
86086,0
86087,100
86088,0
86089,100
86090,0
86091,100
86092,0
86093,100
86094,0
86095,100
86096,100
86097,100
86098,0
86099,100
86100,0
86101,100
86102,100
86103,100
86104,100
86105,100
86106,100
86107,100
86108,100
86109,100
86110,100
86111,100
86112,100
86113,100
86114,100
86115,0
86116,100
86117,0
86118,100
86119,0
86120,100
86121,0
86122,100
86123,0
86124,100
86125,0
86126,100
86127,0
86128,100
86129,0
86130,100
86131,100
86132,100
86133,0
86134,100
86135,0
86136,100
86137,100
86138,100
86139,100
86140,100
86141,100
86142,100
86143,100
86144,100
86145,100
86146,100
86147,100
86148,100
86149,100
86150,0
86151,100
86152,0
86153,100
86154,0
86155,100
86156,0
86157,100
86158,0
86159,100
86160,0
86161,100
86162,0
86163,100
86164,0
86165,100
86166,100
86167,100
86168,100
86169,100
86170,0
86171,100
86172,100
86173,100
86174,100
86175,100
86176,100
86177,100
86178,100
86179,100
86180,100
86181,100
86182,100
86183,100
86184,100
86185,0
86186,100
86187,0
86188,100
86189,0
86190,100
86191,0
86192,100
86193,0
86194,100
86195,0
86196,100
86197,0
86198,100
86199,0
86200,100
86201,100
86202,100
86203,100
86204,100
86205,100
86206,100
86207,100
86208,100
86209,100
86210,100
86211,100
86212,100
86213,100
86214,100
86215,100
86216,100
86217,100
86218,100
86219,100
86220,100
86221,100
86222,0
86223,100
86224,0
86225,100
86226,0
86227,100
86228,0
86229,100
86230,0
86231,100
86232,0
86233,100
86234,0
86235,100
86236,100
86237,100
86238,100
86239,100
86240,100
86241,100
86242,100
86243,100
86244,100
86245,100
86246,100
86247,100
86248,100
86249,100
86250,100
86251,100
86252,100
86253,100
86254,100
86255,0
86256,100
86257,0
86258,100
86259,0
86260,100
86261,0
86262,100
86263,0
86264,100
86265,0
86266,100
86267,0
86268,100
86269,0
86270,100
86271,100
86272,100
86273,100
86274,100
86275,100
86276,100
86277,100
86278,100
86279,100
86280,100
86281,100
86282,100
86283,100
86284,100
86285,100
86286,100
86287,100
86288,100
86289,100
86290,100
86291,100
86292,0
86293,100
86294,0
86295,100
86296,0
86297,100
86298,0
86299,100
86300,0
86301,100
86302,0
86303,100
86304,0
86305,100
86306,0
86307,100
86308,100
86309,100
86310,100
86311,100
86312,100
86313,100
86314,100
86315,100
86316,100
86317,100
86318,100
86319,100
86320,100
86321,100
86322,100
86323,100
86324,100
86325,100
86326,100
86327,0
86328,100
86329,0
86330,100
86331,0
86332,100
86333,0
86334,100
86335,0
86336,100
86337,0
86338,100
86339,0
86340,100
86341,0
86342,100
86343,100
86344,100
86345,100
86346,100
86347,100
86348,100
86349,100
86350,100
86351,100
86352,100
86353,100
86354,100
86355,100
86356,100
86357,100
86358,100
86359,100
86360,100
86361,100
86362,0
86363,100
86364,0
86365,100
86366,0
86367,100
86368,0
86369,100
86370,0
86371,100
86372,0
86373,100
86374,0
86375,100
86376,0
86377,100
86378,100
86379,100
86380,100
86381,100
86382,100
86383,100
86384,100
86385,100
86386,100
86387,100
86388,100
86389,100
86390,100
86391,100
86392,100
86393,100
86394,100
86395,100
86396,100
86397,0
86398,100
86399,0
86400,100
86401,0
86402,100
86403,0
86404,100
86405,0
86406,100
86407,0
86408,100
86409,0
86410,100
86411,0
86412,100
86413,100
86414,100
86415,100
86416,100
86417,100
86418,100
86419,100
86420,100
86421,100
86422,100
86423,100
86424,100
86425,100
86426,100
86427,100
86428,100
86429,100
86430,100
86431,100
86432,0
86433,100
86434,0
86435,100
86436,0
86437,100
86438,0
86439,100
86440,0
86441,100
86442,0
86443,100
86444,0
86445,100
86446,0
86447,100
86448,100
86449,100
86450,100
86451,100
86452,100
86453,100
86454,100
86455,100
86456,100
86457,100
86458,100
86459,100
86460,100
86461,100
86462,100
86463,100
86464,100
86465,100
86466,100
86467,0
86468,100
86469,0
86470,100
86471,0
86472,100
86473,0
86474,100
86475,0
86476,100
86477,0
86478,100
86479,0
86480,100
86481,0
86482,100
86483,100
86484,100
86485,100
86486,100
86487,100
86488,100
86489,100
86490,100
86491,100
86492,100
86493,100
86494,100
86495,100
86496,100
86497,100
86498,100
86499,100
86500,100
86501,100
86502,0
86503,100
86504,0
86505,100
86506,0
86507,100
86508,0
86509,100
86510,0
86511,100
86512,0
86513,100
86514,0
86515,100
86516,0
86517,100
86518,100
86519,100
86520,100
86521,100
86522,100
86523,100
86524,100
86525,100
86526,100
86527,100
86528,100
86529,100
86530,100
86531,100
86532,100
86533,0
86534,100
86535,100
86536,100
86537,100
86538,100
86539,0
86540,100
86541,0
86542,100
86543,0
86544,100
86545,0
86546,100
86547,0
86548,100
86549,0
86550,100
86551,0
86552,100
86553,0
86554,100
86555,100
86556,100
86557,100
86558,100
86559,100
86560,100
86561,100
86562,100
86563,100
86564,100
86565,100
86566,100
86567,100
86568,0
86569,100
86570,0
86571,100
86572,100
86573,100
86574,0
86575,100
86576,0
86577,100
86578,0
86579,100
86580,0
86581,100
86582,0
86583,100
86584,0
86585,100
86586,0
86587,100
86588,0
86589,100
86590,100
86591,100
86592,100
86593,100
86594,100
86595,100
86596,100
86597,100
86598,100
86599,100
86600,100
86601,100
86602,100
86603,0
86604,100
86605,0
86606,100
86607,100
86608,100
86609,0
86610,100
86611,0
86612,100
86613,0
86614,100
86615,0
86616,100
86617,0
86618,100
86619,0
86620,100
86621,0
86622,100
86623,0
86624,100
86625,100
86626,100
86627,100
86628,100
86629,100
86630,100
86631,100
86632,100
86633,100
86634,100
86635,100
86636,100
86637,100
86638,0
86639,100
86640,0
86641,100
86642,0
86643,100
86644,0
86645,100
86646,0
86647,100
86648,0
86649,100
86650,0
86651,100
86652,0
86653,100
86654,0
86655,100
86656,0
86657,100
86658,0
86659,100
86660,100
86661,100
86662,100
86663,100
86664,100
86665,100
86666,100
86667,100
86668,100
86669,100
86670,100
86671,100
86672,100
86673,0
86674,100
86675,0
86676,100
86677,0
86678,100
86679,0
86680,100
86681,0
86682,100
86683,0
86684,100
86685,0
86686,100
86687,0
86688,100
86689,0
86690,100
86691,0
86692,100
86693,0
86694,100
86695,100
86696,100
86697,100
86698,100
86699,100
86700,100
86701,100
86702,100
86703,100
86704,100
86705,100
86706,100
86707,100
86708,100
86709,100
86710,0
86711,100
86712,0
86713,100
86714,0
86715,100
86716,0
86717,100
86718,0
86719,100
86720,0
86721,100
86722,0
86723,100
86724,0
86725,100
86726,0
86727,100
86728,0
86729,100
86730,100
86731,100
86732,100
86733,100
86734,100
86735,100
86736,100
86737,100
86738,100
86739,100
86740,100
86741,100
86742,100
86743,0
86744,100
86745,100
86746,100
86747,100
86748,100
86749,0
86750,100
86751,0
86752,100
86753,100
86754,100
86755,0
86756,100
86757,0
86758,100
86759,0
86760,100
86761,0
86762,100
86763,0
86764,100
86765,0
86766,100
86767,0
86768,100
86769,0
86770,100
86771,100
86772,100
86773,100
86774,100
86775,100
86776,100
86777,100
86778,100
86779,100
86780,100
86781,100
86782,100
86783,100
86784,0
86785,100
86786,0
86787,100
86788,0
86789,100
86790,0
86791,100
86792,0
86793,100
86794,0
86795,100
86796,0
86797,100
86798,0
86799,100
86800,0
86801,100
86802,0
86803,100
86804,0
86805,100
86806,100
86807,100
86808,100
86809,100
86810,100
86811,100
86812,100
86813,100
86814,100
86815,100
86816,100
86817,100
86818,100
86819,100
86820,100
86821,0
86822,100
86823,0
86824,100
86825,0
86826,100
86827,0
86828,100
86829,0
86830,100
86831,0
86832,100
86833,0
86834,100
86835,0
86836,100
86837,0
86838,100
86839,0
86840,100
86841,100
86842,100
86843,100
86844,100
86845,100
86846,100
86847,100
86848,100
86849,100
86850,100
86851,100
86852,100
86853,100
86854,0
86855,100
86856,0
86857,100
86858,0
86859,100
86860,0
86861,100
86862,0
86863,100
86864,0
86865,100
86866,0
86867,100
86868,0
86869,100
86870,0
86871,100
86872,0
86873,100
86874,0
86875,100
86876,0
86877,100
86878,100
86879,100
86880,100
86881,100
86882,100
86883,100
86884,100
86885,100
86886,100
86887,100
86888,100
86889,100
86890,100
86891,0
86892,100
86893,0
86894,100
86895,0
86896,100
86897,0
86898,100
86899,0
86900,100
86901,0
86902,100
86903,0
86904,100
86905,0
86906,100
86907,0
86908,100
86909,0
86910,100
86911,0
86912,100
86913,100
86914,100
86915,100
86916,100
86917,100
86918,100
86919,100
86920,100
86921,100
86922,100
86923,100
86924,100
86925,100
86926,0
86927,100
86928,0
86929,100
86930,0
86931,100
86932,0
86933,100
86934,0
86935,100
86936,0
86937,100
86938,0
86939,100
86940,0
86941,100
86942,0
86943,100
86944,0
86945,100
86946,0
86947,100
86948,100
86949,100
86950,100
86951,100
86952,100
86953,100
86954,100
86955,100
86956,100
86957,100
86958,100
86959,100
86960,100
86961,0
86962,100
86963,0
86964,100
86965,0
86966,100
86967,0
86968,100
86969,0
86970,100
86971,0
86972,100
86973,0
86974,100
86975,0
86976,100
86977,0
86978,100
86979,0
86980,100
86981,0
86982,100
86983,100
86984,100
86985,100
86986,100
86987,100
86988,100
86989,100
86990,100
86991,100
86992,100
86993,100
86994,100
86995,100
86996,0
86997,100
86998,0
86999,100
87000,0
87001,100
87002,0
87003,100
87004,0
87005,100
87006,0
87007,100
87008,0
87009,100
87010,0
87011,100
87012,0
87013,100
87014,0
87015,100
87016,0
87017,100
87018,100
87019,100
87020,100
87021,100
87022,100
87023,100
87024,100
87025,100
87026,100
87027,100
87028,100
87029,100
87030,100
87031,0
87032,100
87033,0
87034,100
87035,0
87036,100
87037,0
87038,100
87039,0
87040,100
87041,0
87042,100
87043,0
87044,100
87045,0
87046,100
87047,0
87048,100
87049,0
87050,100
87051,0
87052,100
87053,100
87054,100
87055,100
87056,100
87057,100
87058,100
87059,100
87060,100
87061,100
87062,100
87063,100
87064,100
87065,100
87066,0
87067,100
87068,0
87069,100
87070,0
87071,100
87072,0
87073,100
87074,0
87075,100
87076,0
87077,100
87078,0
87079,100
87080,0
87081,100
87082,0
87083,100
87084,0
87085,100
87086,0
87087,100
87088,100
87089,100
87090,100
87091,100
87092,100
87093,100
87094,100
87095,100
87096,100
87097,100
87098,100
87099,100
87100,100
87101,100
87102,100
87103,0
87104,100
87105,0
87106,100
87107,0
87108,100
87109,0
87110,100
87111,0
87112,100
87113,300
87114,0
87115,100
87116,100
87117,100
87118,100
87119,100
87120,0
87121,100
87122,100
87123,100
87124,200
87125,100
87126,0
87127,100
87128,100
87129,0
87130,100
87131,100
87132,100
87133,100
87134,200
87135,100
87136,100
87137,100
87138,100
87139,100
87140,100
87141,100
87142,100
87143,0
87144,100
87145,100
87146,100
87147,0
87148,100
87149,100
87150,100
87151,100
87152,0
87153,100
87154,100
87155,0
87156,100
87157,100
87158,100
87159,100
87160,0
87161,100
87162,100
87163,0
87164,100
87165,100
87166,100
87167,100
87168,100
87169,100
87170,100
87171,0
87172,100
87173,100
87174,0
87175,200
87176,0
87177,100
87178,0
87179,100
87180,0
87181,100
87182,0
87183,100
87184,0
87185,100
87186,100
87187,100
87188,100
87189,100
87190,100
87191,100
87192,100
87193,100
87194,100
87195,100
87196,100
87197,100
87198,100
87199,0
87200,100
87201,0
87202,100
87203,0
87204,100
87205,0
87206,100
87207,0
87208,100
87209,0
87210,100
87211,0
87212,100
87213,0
87214,100
87215,0
87216,100
87217,0
87218,100
87219,0
87220,100
87221,100
87222,100
87223,100
87224,100
87225,100
87226,100
87227,100
87228,100
87229,100
87230,100
87231,100
87232,100
87233,100
87234,0
87235,100
87236,0
87237,100
87238,0
87239,100
87240,0
87241,100
87242,0
87243,100
87244,0
87245,100
87246,0
87247,100
87248,0
87249,100
87250,100
87251,100
87252,0
87253,100
87254,0
87255,100
87256,100
87257,100
87258,100
87259,100
87260,100
87261,100
87262,100
87263,100
87264,100
87265,100
87266,100
87267,100
87268,100
87269,100
87270,100
87271,0
87272,100
87273,0
87274,100
87275,0
87276,100
87277,0
87278,100
87279,0
87280,100
87281,0
87282,100
87283,0
87284,100
87285,100
87286,100
87287,100
87288,100
87289,0
87290,100
87291,100
87292,100
87293,100
87294,100
87295,100
87296,100
87297,100
87298,100
87299,100
87300,100
87301,100
87302,100
87303,100
87304,100
87305,100
87306,0
87307,100
87308,0
87309,100
87310,0
87311,100
87312,0
87313,100
87314,0
87315,100
87316,0
87317,100
87318,0
87319,100
87320,100
87321,100
87322,100
87323,100
87324,0
87325,100
87326,100
87327,100
87328,100
87329,100
87330,100
87331,100
87332,100
87333,100
87334,100
87335,100
87336,100
87337,100
87338,100
87339,100
87340,100
87341,0
87342,100
87343,0
87344,100
87345,0
87346,100
87347,0
87348,100
87349,0
87350,100
87351,0
87352,100
87353,0
87354,100
87355,0
87356,100
87357,100
87358,100
87359,100
87360,100
87361,0
87362,100
87363,100
87364,100
87365,100
87366,100
87367,100
87368,100
87369,100
87370,100
87371,100
87372,100
87373,100
87374,100
87375,100
87376,0
87377,100
87378,0
87379,100
87380,0
87381,100
87382,0
87383,100
87384,0
87385,100
87386,0
87387,100
87388,0
87389,100
87390,0
87391,100
87392,100
87393,100
87394,100
87395,100
87396,100
87397,100
87398,100
87399,100
87400,100
87401,100
87402,100
87403,100
87404,100
87405,100
87406,100
87407,100
87408,100
87409,100
87410,100
87411,0
87412,100
87413,0
87414,100
87415,0
87416,100
87417,0
87418,100
87419,0
87420,100
87421,0
87422,100
87423,0
87424,100
87425,0
87426,100
87427,100
87428,100
87429,100
87430,100
87431,100
87432,100
87433,100
87434,100
87435,100
87436,100
87437,100
87438,100
87439,100
87440,100
87441,100
87442,100
87443,100
87444,100
87445,100
87446,0
87447,100
87448,0
87449,100
87450,0
87451,100
87452,0
87453,100
87454,0
87455,100
87456,0
87457,100
87458,0
87459,100
87460,0
87461,100
87462,100
87463,100
87464,100
87465,100
87466,100
87467,100
87468,100
87469,100
87470,100
87471,100
87472,100
87473,100
87474,100
87475,100
87476,100
87477,100
87478,100
87479,100
87480,100
87481,0
87482,100
87483,0
87484,100
87485,0
87486,100
87487,0
87488,100
87489,0
87490,100
87491,0
87492,100
87493,0
87494,100
87495,0
87496,100
87497,100
87498,100
87499,100
87500,100
87501,100
87502,100
87503,100
87504,100
87505,100
87506,100
87507,100
87508,100
87509,100
87510,100
87511,100
87512,100
87513,100
87514,100
87515,100
87516,100
87517,100
87518,0
87519,100
87520,0
87521,100
87522,0
87523,100
87524,0
87525,100
87526,0
87527,100
87528,0
87529,100
87530,0
87531,100
87532,100
87533,100
87534,100
87535,100
87536,100
87537,100
87538,100
87539,100
87540,100
87541,100
87542,100
87543,100
87544,100
87545,100
87546,100
87547,100
87548,100
87549,100
87550,100
87551,0
87552,100
87553,0
87554,100
87555,0
87556,100
87557,0
87558,100
87559,0
87560,100
87561,0
87562,100
87563,0
87564,100
87565,0
87566,100
87567,100
87568,100
87569,100
87570,100
87571,100
87572,100
87573,100
87574,100
87575,100
87576,100
87577,100
87578,100
87579,100
87580,100
87581,100
87582,100
87583,100
87584,100
87585,100
87586,100
87587,100
87588,0
87589,100
87590,0
87591,100
87592,0
87593,100
87594,0
87595,100
87596,0
87597,100
87598,0
87599,100
87600,0
87601,100
87602,0
87603,100
87604,100
87605,100
87606,100
87607,100
87608,100
87609,100
87610,100
87611,100
87612,100
87613,100
87614,100
87615,100
87616,100
87617,100
87618,100
87619,100
87620,100
87621,100
87622,100
87623,0
87624,100
87625,0
87626,100
87627,0
87628,100
87629,0
87630,100
87631,0
87632,100
87633,0
87634,100
87635,0
87636,100
87637,0
87638,100
87639,100
87640,100
87641,100
87642,100
87643,100
87644,100
87645,100
87646,100
87647,100
87648,100
87649,100
87650,100
87651,100
87652,100
87653,100
87654,100
87655,100
87656,100
87657,100
87658,0
87659,100
87660,0
87661,100
87662,0
87663,100
87664,0
87665,100
87666,0
87667,100
87668,0
87669,100
87670,0
87671,100
87672,0
87673,100
87674,100
87675,100
87676,100
87677,100
87678,100
87679,100
87680,100
87681,100
87682,100
87683,100
87684,100
87685,100
87686,100
87687,0
87688,100
87689,100
87690,100
87691,100
87692,100
87693,0
87694,100
87695,0
87696,100
87697,0
87698,100
87699,0
87700,100
87701,0
87702,100
87703,0
87704,100
87705,0
87706,100
87707,0
87708,100
87709,100
87710,100
87711,100
87712,100
87713,100
87714,100
87715,100
87716,100
87717,100
87718,100
87719,100
87720,100
87721,100
87722,0
87723,100
87724,0
87725,100
87726,100
87727,100
87728,0
87729,100
87730,0
87731,100
87732,0
87733,100
87734,0
87735,100
87736,0
87737,100
87738,0
87739,100
87740,0
87741,100
87742,0
87743,100
87744,100
87745,100
87746,100
87747,100
87748,100
87749,100
87750,100
87751,100
87752,100
87753,100
87754,100
87755,100
87756,100
87757,0
87758,100
87759,0
87760,100
87761,0
87762,100
87763,0
87764,100
87765,0
87766,100
87767,0
87768,100
87769,0
87770,100
87771,0
87772,100
87773,0
87774,100
87775,0
87776,100
87777,0
87778,100
87779,100
87780,100
87781,100
87782,100
87783,100
87784,100
87785,100
87786,100
87787,100
87788,100
87789,100
87790,100
87791,100
87792,100
87793,100
87794,0
87795,100
87796,0
87797,100
87798,0
87799,100
87800,0
87801,100
87802,0
87803,100
87804,0
87805,100
87806,0
87807,100
87808,0
87809,100
87810,0
87811,100
87812,0
87813,100
87814,100
87815,100
87816,100
87817,100
87818,100
87819,100
87820,100
87821,100
87822,100
87823,100
87824,100
87825,100
87826,100
87827,100
87828,100
87829,0
87830,100
87831,0
87832,100
87833,0
87834,100
87835,0
87836,100
87837,0
87838,100
87839,0
87840,100
87841,0
87842,100
87843,0
87844,100
87845,0
87846,100
87847,0
87848,100
87849,0
87850,100
87851,100
87852,100
87853,100
87854,100
87855,100
87856,100
87857,100
87858,100
87859,100
87860,100
87861,100
87862,100
87863,100
87864,0
87865,100
87866,0
87867,100
87868,0
87869,100
87870,0
87871,100
87872,0
87873,100
87874,0
87875,100
87876,0
87877,100
87878,0
87879,100
87880,0
87881,100
87882,0
87883,100
87884,0
87885,100
87886,100
87887,100
87888,100
87889,100
87890,100
87891,100
87892,100
87893,100
87894,100
87895,100
87896,100
87897,100
87898,100
87899,0
87900,100
87901,0
87902,100
87903,0
87904,100
87905,0
87906,100
87907,0
87908,100
87909,0
87910,100
87911,0
87912,100
87913,0
87914,100
87915,0
87916,100
87917,0
87918,100
87919,0
87920,100
87921,100
87922,100
87923,100
87924,100
87925,100
87926,100
87927,100
87928,100
87929,100
87930,100
87931,100
87932,100
87933,100
87934,0
87935,100
87936,0
87937,100
87938,0
87939,100
87940,0
87941,100
87942,0
87943,100
87944,0
87945,100
87946,0
87947,100
87948,0
87949,100
87950,0
87951,100
87952,0
87953,100
87954,0
87955,100
87956,100
87957,100
87958,100
87959,100
87960,100
87961,100
87962,100
87963,100
87964,100
87965,100
87966,100
87967,100
87968,100
87969,0
87970,100
87971,0
87972,100
87973,0
87974,100
87975,0
87976,100
87977,0
87978,100
87979,0
87980,100
87981,0
87982,100
87983,0
87984,100
87985,0
87986,100
87987,0
87988,100
87989,0
87990,100
87991,100
87992,100
87993,100
87994,100
87995,100
87996,100
87997,100
87998,100
87999,100
88000,100
88001,100
88002,100
88003,100
88004,100
88005,100
88006,0
88007,100
88008,0
88009,100
88010,0
88011,100
88012,0
88013,100
88014,0
88015,100
88016,0
88017,100
88018,0
88019,100
88020,0
88021,100
88022,0
88023,100
88024,0
88025,100
88026,100
88027,100
88028,100
88029,100
88030,100
88031,100
88032,100
88033,100
88034,100
88035,100
88036,100
88037,100
88038,100
88039,0
88040,100
88041,0
88042,100
88043,0
88044,100
88045,0
88046,100
88047,0
88048,100
88049,0
88050,100
88051,0
88052,100
88053,0
88054,100
88055,0
88056,100
88057,0
88058,100
88059,0
88060,100
88061,100
88062,100
88063,100
88064,100
88065,100
88066,100
88067,100
88068,100
88069,100
88070,100
88071,100
88072,100
88073,100
88074,100
88075,100
88076,0
88077,100
88078,0
88079,100
88080,0
88081,100
88082,0
88083,100
88084,0
88085,100
88086,0
88087,100
88088,0
88089,100
88090,0
88091,100
88092,0
88093,100
88094,0
88095,100
88096,100
88097,100
88098,100
88099,100
88100,100
88101,100
88102,100
88103,100
88104,100
88105,100
88106,100
88107,100
88108,100
88109,100
88110,100
88111,0
88112,100
88113,0
88114,100
88115,0
88116,100
88117,0
88118,100
88119,0
88120,100
88121,0
88122,100
88123,0
88124,100
88125,0
88126,100
88127,0
88128,100
88129,0
88130,100
88131,0
88132,100
88133,100
88134,100
88135,100
88136,100
88137,100
88138,100
88139,100
88140,100
88141,100
88142,100
88143,100
88144,100
88145,100
88146,0
88147,100
88148,0
88149,100
88150,0
88151,100
88152,0
88153,100
88154,0
88155,100
88156,0
88157,100
88158,0
88159,100
88160,0
88161,100
88162,100
88163,100
88164,0
88165,100
88166,0
88167,100
88168,100
88169,100
88170,100
88171,100
88172,100
88173,100
88174,100
88175,100
88176,100
88177,100
88178,100
88179,100
88180,100
88181,0
88182,100
88183,0
88184,100
88185,0
88186,100
88187,0
88188,100
88189,0
88190,100
88191,0
88192,100
88193,0
88194,100
88195,0
88196,100
88197,100
88198,100
88199,100
88200,100
88201,0
88202,100
88203,100
88204,100
88205,100
88206,100
88207,100
88208,100
88209,100
88210,100
88211,100
88212,100
88213,100
88214,100
88215,100
88216,0
88217,100
88218,0
88219,100
88220,0
88221,100
88222,0
88223,100
88224,0
88225,100
88226,0
88227,100
88228,0
88229,100
88230,0
88231,100
88232,100
88233,100
88234,100
88235,100
88236,100
88237,100
88238,100
88239,100
88240,100
88241,100
88242,100
88243,100
88244,100
88245,100
88246,100
88247,100
88248,100
88249,100
88250,100
88251,0
88252,100
88253,0
88254,100
88255,0
88256,100
88257,0
88258,100
88259,0
88260,100
88261,0
88262,100
88263,0
88264,100
88265,0
88266,100
88267,100
88268,100
88269,100
88270,100
88271,100
88272,100
88273,100
88274,100
88275,100
88276,100
88277,100
88278,100
88279,100
88280,100
88281,100
88282,100
88283,100
88284,100
88285,100
88286,0
88287,100
88288,0
88289,100
88290,0
88291,100
88292,0
88293,100
88294,0
88295,100
88296,0
88297,100
88298,0
88299,100
88300,0
88301,100
88302,0
88303,100
88304,100
88305,100
88306,100
88307,100
88308,100
88309,100
88310,100
88311,100
88312,100
88313,100
88314,100
88315,100
88316,100
88317,100
88318,100
88319,100
88320,100
88321,100
88322,100
88323,0
88324,100
88325,0
88326,100
88327,0
88328,100
88329,0
88330,100
88331,0
88332,100
88333,0
88334,100
88335,0
88336,100
88337,0
88338,100
88339,100
88340,100
88341,100
88342,100
88343,100
88344,100
88345,100
88346,100
88347,100
88348,100
88349,100
88350,100
88351,100
88352,100
88353,100
88354,100
88355,100
88356,100
88357,100
88358,0
88359,100
88360,0
88361,100
88362,0
88363,100
88364,0
88365,100
88366,0
88367,100
88368,0
88369,100
88370,0
88371,100
88372,0
88373,100
88374,100
88375,100
88376,100
88377,100
88378,100
88379,100
88380,100
88381,100
88382,100
88383,100
88384,100
88385,100
88386,100
88387,100
88388,100
88389,100
88390,100
88391,100
88392,100
88393,0
88394,100
88395,0
88396,100
88397,0
88398,100
88399,0
88400,100
88401,0
88402,100
88403,0
88404,100
88405,0
88406,100
88407,0
88408,100
88409,100
88410,100
88411,100
88412,100
88413,100
88414,100
88415,100
88416,100
88417,100
88418,100
88419,100
88420,100
88421,100
88422,100
88423,100
88424,100
88425,100
88426,100
88427,100
88428,0
88429,100
88430,0
88431,100
88432,0
88433,100
88434,0
88435,100
88436,0
88437,100
88438,0
88439,100
88440,0
88441,100
88442,0
88443,100
88444,100
88445,100
88446,100
88447,100
88448,100
88449,100
88450,100
88451,100
88452,100
88453,100
88454,100
88455,100
88456,100
88457,100
88458,100
88459,100
88460,100
88461,100
88462,100
88463,0
88464,100
88465,0
88466,100
88467,0
88468,100
88469,0
88470,100
88471,0
88472,100
88473,0
88474,100
88475,0
88476,100
88477,0
88478,100
88479,100
88480,100
88481,100
88482,100
88483,100
88484,100
88485,100
88486,100
88487,100
88488,100
88489,100
88490,100
88491,100
88492,100
88493,100
88494,100
88495,100
88496,100
88497,100
88498,0
88499,100
88500,0
88501,100
88502,0
88503,100
88504,0
88505,100
88506,0
88507,100
88508,0
88509,100
88510,0
88511,100
88512,0
88513,100
88514,100
88515,100
88516,100
88517,100
88518,100
88519,100
88520,100
88521,100
88522,100
88523,100
88524,100
88525,100
88526,100
88527,100
88528,100
88529,100
88530,100
88531,100
88532,100
88533,100
88534,100
88535,0
88536,100
88537,0
88538,100
88539,0
88540,100
88541,0
88542,100
88543,0
88544,100
88545,0
88546,100
88547,0
88548,100
88549,0
88550,100
88551,100
88552,100
88553,100
88554,100
88555,100
88556,100
88557,100
88558,100
88559,100
88560,100
88561,100
88562,100
88563,100
88564,0
88565,100
88566,100
88567,100
88568,100
88569,100
88570,0
88571,100
88572,0
88573,100
88574,0
88575,100
88576,0
88577,100
88578,0
88579,100
88580,0
88581,100
88582,0
88583,100
88584,100
88585,100
88586,100
88587,100
88588,100
88589,100
88590,100
88591,100
88592,100
88593,100
88594,100
88595,100
88596,100
88597,100
88598,100
88599,0
88600,100
88601,0
88602,100
88603,100
88604,100
88605,0
88606,100
88607,0
88608,100
88609,0
88610,100
88611,0
88612,100
88613,0
88614,100
88615,0
88616,100
88617,0
88618,100
88619,0
88620,100
88621,100
88622,100
88623,100
88624,100
88625,100
88626,100
88627,100
88628,100
88629,100
88630,100
88631,100
88632,100
88633,100
88634,0
88635,100
88636,0
88637,100
88638,100
88639,100
88640,0
88641,100
88642,0
88643,100
88644,0
88645,100
88646,0
88647,100
88648,0
88649,100
88650,0
88651,100
88652,0
88653,100
88654,0
88655,100
88656,100
88657,100
88658,100
88659,100
88660,100
88661,100
88662,100
88663,100
88664,100
88665,100
88666,100
88667,100
88668,100
88669,0
88670,100
88671,0
88672,100
88673,0
88674,100
88675,0
88676,100
88677,0
88678,100
88679,0
88680,100
88681,0
88682,100
88683,0
88684,100
88685,0
88686,100
88687,0
88688,100
88689,0
88690,100
88691,100
88692,100
88693,100
88694,100
88695,100
88696,100
88697,100
88698,100
88699,100
88700,100
88701,100
88702,100
88703,100
88704,0
88705,100
88706,0
88707,100
88708,0
88709,100
88710,0
88711,100
88712,0
88713,100
88714,0
88715,100
88716,0
88717,100
88718,0
88719,100
88720,0
88721,100
88722,0
88723,100
88724,0
88725,100
88726,100
88727,100
88728,100
88729,100
88730,100
88731,100
88732,100
88733,100
88734,100
88735,100
88736,100
88737,100
88738,100
88739,0
88740,100
88741,0
88742,100
88743,0
88744,100
88745,0
88746,100
88747,0
88748,100
88749,0
88750,100
88751,0
88752,100
88753,0
88754,100
88755,0
88756,100
88757,0
88758,100
88759,0
88760,100
88761,100
88762,100
88763,100
88764,100
88765,100
88766,100
88767,100
88768,100
88769,100
88770,100
88771,100
88772,100
88773,100
88774,100
88775,100
88776,0
88777,100
88778,0
88779,100
88780,0
88781,100
88782,0
88783,100
88784,0
88785,100
88786,0
88787,100
88788,0
88789,100
88790,0
88791,100
88792,0
88793,100
88794,0
88795,100
88796,100
88797,100
88798,100
88799,100
88800,100
88801,100
88802,100
88803,100
88804,100
88805,100
88806,100
88807,100
88808,100
88809,100
88810,100
88811,0
88812,100
88813,0
88814,100
88815,0
88816,100
88817,0
88818,100
88819,0
88820,100
88821,0
88822,100
88823,0
88824,100
88825,0
88826,100
88827,0
88828,100
88829,0
88830,100
88831,100
88832,100
88833,100
88834,100
88835,100
88836,100
88837,100
88838,100
88839,100
88840,100
88841,100
88842,100
88843,100
88844,100
88845,100
88846,0
88847,100
88848,0
88849,100
88850,0
88851,100
88852,0
88853,100
88854,0
88855,100
88856,0
88857,100
88858,0
88859,100
88860,0
88861,100
88862,0
88863,100
88864,0
88865,100
88866,0
88867,100
88868,100
88869,100
88870,100
88871,100
88872,100
88873,100
88874,100
88875,100
88876,100
88877,100
88878,100
88879,100
88880,100
88881,0
88882,100
88883,0
88884,100
88885,0
88886,100
88887,0
88888,100
88889,0
88890,100
88891,0
88892,100
88893,0
88894,100
88895,0
88896,100
88897,0
88898,100
88899,0
88900,100
88901,0
88902,100
88903,100
88904,100
88905,100
88906,100
88907,100
88908,100
88909,100
88910,100
88911,100
88912,100
88913,100
88914,100
88915,100
88916,0
88917,100
88918,0
88919,100
88920,0
88921,100
88922,0
88923,100
88924,0
88925,100
88926,0
88927,100
88928,0
88929,100
88930,0
88931,100
88932,0
88933,100
88934,0
88935,100
88936,0
88937,100
88938,100
88939,100
88940,100
88941,100
88942,100
88943,100
88944,100
88945,100
88946,100
88947,100
88948,100
88949,100
88950,100
88951,0
88952,100
88953,0
88954,100
88955,0
88956,100
88957,0
88958,100
88959,0
88960,100
88961,0
88962,100
88963,0
88964,100
88965,0
88966,100
88967,0
88968,100
88969,0
88970,100
88971,0
88972,100
88973,100
88974,100
88975,100
88976,100
88977,100
88978,100
88979,100
88980,100
88981,100
88982,100
88983,100
88984,100
88985,100
88986,0
88987,100
88988,0
88989,100
88990,0
88991,100
88992,0
88993,100
88994,0
88995,100
88996,0
88997,100
88998,0
88999,100
89000,0
89001,100
89002,100
89003,100
89004,0
89005,100
89006,0
89007,100
89008,100
89009,100
89010,100
89011,100
89012,100
89013,100
89014,100
89015,100
89016,100
89017,100
89018,100
89019,100
89020,100
89021,100
89022,100
89023,0
89024,100
89025,0
89026,100
89027,0
89028,100
89029,0
89030,100
89031,0
89032,100
89033,0
89034,100
89035,0
89036,100
89037,0
89038,100
89039,100
89040,100
89041,0
89042,100
89043,100
89044,100
89045,100
89046,100
89047,100
89048,100
89049,100
89050,100
89051,100
89052,100
89053,100
89054,100
89055,100
89056,100
89057,100
89058,0
89059,100
89060,0
89061,100
89062,0
89063,100
89064,0
89065,100
89066,0
89067,100
89068,0
89069,100
89070,0
89071,100
89072,100
89073,100
89074,100
89075,100
89076,100
89077,100
89078,0
89079,100
89080,100
89081,100
89082,100
89083,100
89084,100
89085,100
89086,100
89087,100
89088,100
89089,100
89090,100
89091,100
89092,100
89093,0
89094,100
89095,0
89096,100
89097,0
89098,100
89099,0
89100,100
89101,0
89102,100
89103,0
89104,100
89105,0
89106,100
89107,0
89108,100
89109,100
89110,100
89111,100
89112,100
89113,0
89114,100
89115,100
89116,100
89117,100
89118,100
89119,100
89120,100
89121,100
89122,100
89123,100
89124,100
89125,100
89126,100
89127,100
89128,0
89129,100
89130,0
89131,100
89132,0
89133,100
89134,0
89135,100
89136,0
89137,100
89138,0
89139,100
89140,0
89141,100
89142,0
89143,100
89144,100
89145,100
89146,100
89147,100
89148,100
89149,100
89150,100
89151,100
89152,100
89153,100
89154,100
89155,100
89156,100
89157,100
89158,100
89159,100
89160,100
89161,100
89162,100
89163,0
89164,100
89165,0
89166,100
89167,0
89168,100
89169,0
89170,100
89171,0
89172,100
89173,0
89174,100
89175,0
89176,100
89177,0
89178,100
89179,100
89180,100
89181,100
89182,100
89183,100
89184,100
89185,100
89186,100
89187,100
89188,100
89189,100
89190,100
89191,100
89192,100
89193,100
89194,100
89195,100
89196,100
89197,100
89198,0
89199,100
89200,0
89201,100
89202,0
89203,100
89204,0
89205,100
89206,0
89207,100
89208,0
89209,100
89210,0
89211,100
89212,0
89213,100
89214,100
89215,100
89216,100
89217,100
89218,100
89219,100
89220,100
89221,100
89222,100
89223,100
89224,100
89225,100
89226,100
89227,100
89228,100
89229,100
89230,100
89231,100
89232,100
89233,0
89234,100
89235,0
89236,100
89237,0
89238,100
89239,0
89240,100
89241,0
89242,100
89243,0
89244,100
89245,0
89246,100
89247,0
89248,100
89249,100
89250,100
89251,100
89252,100
89253,100
89254,100
89255,100
89256,100
89257,100
89258,100
89259,100
89260,100
89261,100
89262,100
89263,100
89264,100
89265,100
89266,100
89267,100
89268,100
89269,100
89270,0
89271,100
89272,0
89273,100
89274,0
89275,100
89276,0
89277,100
89278,0
89279,100
89280,0
89281,100
89282,0
89283,100
89284,100
89285,100
89286,100
89287,100
89288,100
89289,100
89290,100
89291,100
89292,100
89293,100
89294,100
89295,100
89296,100
89297,100
89298,100
89299,100
89300,100
89301,100
89302,100
89303,100
89304,100
89305,0
89306,100
89307,0
89308,100
89309,0
89310,100
89311,0
89312,100
89313,0
89314,100
89315,0
89316,100
89317,0
89318,100
89319,100
89320,100
89321,100
89322,100
89323,100
89324,100
89325,100
89326,100
89327,100
89328,100
89329,100
89330,100
89331,100
89332,100
89333,100
89334,100
89335,100
89336,100
89337,100
89338,100
89339,100
89340,0
89341,100
89342,0
89343,100
89344,0
89345,100
89346,0
89347,100
89348,0
89349,100
89350,0
89351,100
89352,0
89353,100
89354,0
89355,100
89356,100
89357,100
89358,100
89359,100
89360,100
89361,100
89362,100
89363,100
89364,100
89365,100
89366,100
89367,100
89368,100
89369,100
89370,100
89371,100
89372,100
89373,100
89374,100
89375,0
89376,100
89377,0
89378,100
89379,0
89380,100
89381,0
89382,100
89383,0
89384,100
89385,0
89386,100
89387,0
89388,100
89389,0
89390,100
89391,100
89392,100
89393,100
89394,100
89395,100
89396,100
89397,100
89398,100
89399,100
89400,100
89401,100
89402,100
89403,100
89404,0
89405,100
89406,100
89407,100
89408,100
89409,100
89410,0
89411,100
89412,0
89413,100
89414,0
89415,100
89416,0
89417,100
89418,0
89419,100
89420,0
89421,100
89422,0
89423,100
89424,0
89425,100
89426,100
89427,100
89428,100
89429,100
89430,100
89431,100
89432,100
89433,100
89434,100
89435,100
89436,100
89437,100
89438,100
89439,0
89440,100
89441,100
89442,100
89443,100
89444,100
89445,0
89446,100
89447,0
89448,100
89449,0
89450,100
89451,0
89452,100
89453,0
89454,100
89455,0
89456,100
89457,0
89458,100
89459,0
89460,100
89461,100
89462,100
89463,100
89464,100
89465,100
89466,100
89467,100
89468,100
89469,100
89470,100
89471,100
89472,100
89473,100
89474,0
89475,100
89476,0
89477,100
89478,100
89479,100
89480,0
89481,100
89482,0
89483,100
89484,0
89485,100
89486,0
89487,100
89488,0
89489,100
89490,0
89491,100
89492,0
89493,100
89494,0
89495,100
89496,100
89497,100
89498,100
89499,100
89500,100
89501,100
89502,100
89503,100
89504,100
89505,100
89506,100
89507,100
89508,100
89509,100
89510,100
89511,0
89512,100
89513,0
89514,100
89515,0
89516,100
89517,0
89518,100
89519,0
89520,100
89521,0
89522,100
89523,0
89524,100
89525,0
89526,100
89527,0
89528,100
89529,0
89530,100
89531,100
89532,100
89533,100
89534,100
89535,100
89536,100
89537,100
89538,100
89539,100
89540,100
89541,100
89542,100
89543,100
89544,100
89545,100
89546,0
89547,100
89548,0
89549,100
89550,0
89551,100
89552,0
89553,100
89554,0
89555,100
89556,0
89557,100
89558,0
89559,100
89560,0
89561,100
89562,0
89563,100
89564,0
89565,100
89566,0
89567,100
89568,100
89569,100
89570,100
89571,100
89572,100
89573,100
89574,100
89575,100
89576,100
89577,100
89578,100
89579,100
89580,100
89581,0
89582,100
89583,0
89584,100
89585,0
89586,100
89587,0
89588,100
89589,0
89590,100
89591,0
89592,100
89593,0
89594,100
89595,0
89596,100
89597,0
89598,100
89599,0
89600,100
89601,0
89602,100
89603,100
89604,100
89605,100
89606,100
89607,100
89608,100
89609,100
89610,100
89611,100
89612,100
89613,100
89614,100
89615,100
89616,0
89617,100
89618,0
89619,100
89620,0
89621,100
89622,0
89623,100
89624,0
89625,100
89626,0
89627,100
89628,0
89629,100
89630,0
89631,100
89632,0
89633,100
89634,0
89635,100
89636,0
89637,100
89638,100
89639,100
89640,100
89641,100
89642,100
89643,100
89644,100
89645,100
89646,100
89647,100
89648,100
89649,100
89650,100
89651,0
89652,100
89653,0
89654,100
89655,0
89656,100
89657,0
89658,100
89659,0
89660,100
89661,0
89662,100
89663,0
89664,100
89665,0
89666,100
89667,0
89668,100
89669,0
89670,100
89671,0
89672,100
89673,100
89674,100
89675,100
89676,100
89677,100
89678,100
89679,100
89680,100
89681,100
89682,100
89683,100
89684,100
89685,100
89686,0
89687,100
89688,0
89689,100
89690,0
89691,100
89692,0
89693,100
89694,0
89695,100
89696,0
89697,100
89698,0
89699,100
89700,0
89701,100
89702,0
89703,100
89704,0
89705,100
89706,0
89707,100
89708,100
89709,100
89710,100
89711,100
89712,100
89713,100
89714,100
89715,100
89716,100
89717,100
89718,100
89719,100
89720,100
89721,0
89722,100
89723,0
89724,100
89725,0
89726,100
89727,0
89728,100
89729,0
89730,100
89731,0
89732,100
89733,0
89734,100
89735,0
89736,100
89737,0
89738,100
89739,0
89740,100
89741,0
89742,100
89743,100
89744,100
89745,100
89746,100
89747,100
89748,100
89749,100
89750,100
89751,100
89752,100
89753,100
89754,100
89755,100
89756,100
89757,100
89758,0
89759,100
89760,0
89761,100
89762,0
89763,100
89764,0
89765,100
89766,0
89767,100
89768,0
89769,100
89770,0
89771,100
89772,0
89773,100
89774,0
89775,100
89776,0
89777,100
89778,100
89779,100
89780,100
89781,100
89782,100
89783,100
89784,100
89785,100
89786,100
89787,100
89788,100
89789,100
89790,100
89791,100
89792,100
89793,0
89794,100
89795,0
89796,100
89797,0
89798,100
89799,0
89800,100
89801,0
89802,100
89803,0
89804,100
89805,0
89806,100
89807,0
89808,100
89809,0
89810,100
89811,0
89812,100
89813,0
89814,100
89815,100
89816,100
89817,100
89818,100
89819,100
89820,100
89821,100
89822,100
89823,100
89824,100
89825,100
89826,100
89827,100
89828,0
89829,100
89830,0
89831,100
89832,0
89833,100
89834,0
89835,100
89836,0
89837,100
89838,0
89839,100
89840,0
89841,100
89842,0
89843,100
89844,0
89845,100
89846,0
89847,100
89848,0
89849,100
89850,100
89851,100
89852,100
89853,100
89854,100
89855,100
89856,100
89857,100
89858,100
89859,100
89860,100
89861,100
89862,100
89863,0
89864,100
89865,0
89866,100
89867,0
89868,100
89869,0
89870,100
89871,0
89872,100
89873,0
89874,100
89875,0
89876,100
89877,0
89878,100
89879,100
89880,100
89881,0
89882,100
89883,0
89884,100
89885,100
89886,100
89887,100
89888,100
89889,100
89890,100
89891,100
89892,100
89893,100
89894,100
89895,100
89896,100
89897,100
89898,0
89899,100
89900,0
89901,100
89902,0
89903,100
89904,0
89905,100
89906,0
89907,100
89908,0
89909,100
89910,0
89911,100
89912,0
89913,100
89914,100
89915,100
89916,0
89917,100
89918,0
89919,100
89920,100
89921,100
89922,100
89923,100
89924,100
89925,100
89926,100
89927,100
89928,100
89929,100
89930,100
89931,100
89932,100
89933,0
89934,100
89935,0
89936,100
89937,0
89938,100
89939,0
89940,100
89941,0
89942,100
89943,0
89944,100
89945,0
89946,100
89947,0
89948,100
89949,100
89950,100
89951,100
89952,100
89953,0
89954,100
89955,100
89956,100
89957,100
89958,100
89959,100
89960,100
89961,100
89962,100
89963,100
89964,100
89965,100
89966,100
89967,100
89968,0
89969,100
89970,0
89971,100
89972,0
89973,100
89974,0
89975,100
89976,0
89977,100
89978,0
89979,100
89980,0
89981,100
89982,0
89983,100
89984,100
89985,100
89986,100
89987,100
89988,100
89989,100
89990,100
89991,100
89992,100
89993,100
89994,100
89995,100
89996,100
89997,100
89998,100
89999,100
90000,100
90001,100
90002,100
90003,0
90004,100
90005,0
90006,100
90007,0
90008,100
90009,0
90010,100
90011,0
90012,100
90013,0
90014,100
90015,0
90016,100
90017,0
90018,100
90019,100
90020,100
90021,100
90022,100
90023,100
90024,100
90025,100
90026,100
90027,100
90028,100
90029,100
90030,100
90031,100
90032,100
90033,100
90034,100
90035,100
90036,100
90037,100
90038,100
90039,100
90040,0
90041,100
90042,0
90043,100
90044,0
90045,100
90046,0
90047,100
90048,0
90049,100
90050,0
90051,100
90052,0
90053,100
90054,0
90055,100
90056,100
90057,100
90058,100
90059,100
90060,100
90061,100
90062,100
90063,100
90064,100
90065,100
90066,100
90067,100
90068,100
90069,100
90070,100
90071,100
90072,100
90073,100
90074,100
90075,0
90076,100
90077,0
90078,100
90079,0
90080,100
90081,0
90082,100
90083,0
90084,100
90085,0
90086,100
90087,0
90088,100
90089,0
90090,100
90091,100
90092,100
90093,100
90094,100
90095,100
90096,100
90097,100
90098,100
90099,100
90100,100
90101,100
90102,100
90103,100
90104,100
90105,100
90106,100
90107,100
90108,100
90109,100
90110,0
90111,100
90112,0
90113,100
90114,0
90115,100
90116,0
90117,100
90118,0
90119,100
90120,0
90121,100
90122,0
90123,100
90124,0
90125,100
90126,100
90127,100
90128,100
90129,100
90130,100
90131,100
90132,100
90133,100
90134,100
90135,100
90136,100
90137,100
90138,100
90139,100
90140,100
90141,100
90142,100
90143,100
90144,100
90145,0
90146,100
90147,0
90148,100
90149,0
90150,100
90151,0
90152,100
90153,0
90154,100
90155,0
90156,100
90157,0
90158,100
90159,0
90160,100
90161,100
90162,100
90163,100
90164,100
90165,100
90166,100
90167,100
90168,100
90169,100
90170,100
90171,100
90172,100
90173,100
90174,100
90175,100
90176,100
90177,100
90178,100
90179,100
90180,0
90181,100
90182,0
90183,100
90184,0
90185,100
90186,0
90187,100
90188,0
90189,100
90190,0
90191,100
90192,0
90193,100
90194,0
90195,100
90196,100
90197,100
90198,100
90199,100
90200,100
90201,100
90202,100
90203,100
90204,100
90205,100
90206,100
90207,100
90208,100
90209,100
90210,100
90211,100
90212,100
90213,100
90214,100
90215,0
90216,100
90217,0
90218,100
90219,0
90220,100
90221,0
90222,100
90223,0
90224,100
90225,0
90226,100
90227,0
90228,100
90229,0
90230,100
90231,100
90232,100
90233,100
90234,100
90235,100
90236,100
90237,100
90238,100
90239,100
90240,100
90241,100
90242,100
90243,100
90244,100
90245,100
90246,100
90247,100
90248,100
90249,100
90250,100
90251,100
90252,0
90253,100
90254,0
90255,100
90256,0
90257,100
90258,0
90259,100
90260,0
90261,100
90262,0
90263,100
90264,0
90265,100
90266,100
90267,100
90268,100
90269,100
90270,100
90271,100
90272,100
90273,100
90274,100
90275,100
90276,100
90277,100
90278,100
90279,100
90280,100
90281,100
90282,100
90283,100
90284,100
90285,100
90286,100
90287,0
90288,100
90289,0
90290,100
90291,0
90292,100
90293,0
90294,100
90295,0
90296,100
90297,0
90298,100
90299,0
90300,100
90301,0
90302,100
90303,100
90304,100
90305,100
90306,100
90307,100
90308,100
90309,100
90310,100
90311,100
90312,100
90313,100
90314,100
90315,100
90316,0
90317,100
90318,100
90319,100
90320,100
90321,100
90322,0
90323,100
90324,0
90325,100
90326,0
90327,100
90328,0
90329,100
90330,0
90331,100
90332,0
90333,100
90334,0
90335,100
90336,0
90337,100
90338,100
90339,100
90340,100
90341,100
90342,100
90343,100
90344,100
90345,100
90346,100
90347,100
90348,100
90349,100
90350,100
90351,0
90352,100
90353,0
90354,100
90355,100
90356,100
90357,0
90358,100
90359,0
90360,100
90361,0
90362,100
90363,0
90364,100
90365,0
90366,100
90367,0
90368,100
90369,0
90370,100
90371,0
90372,100
90373,100
90374,100
90375,100
90376,100
90377,100
90378,100
90379,100
90380,100
90381,100
90382,100
90383,100
90384,100
90385,100
90386,0
90387,100
90388,0
90389,100
90390,100
90391,100
90392,0
90393,100
90394,0
90395,100
90396,0
90397,100
90398,0
90399,100
90400,0
90401,100
90402,0
90403,100
90404,0
90405,100
90406,0
90407,100
90408,100
90409,100
90410,100
90411,100
90412,100
90413,100
90414,100
90415,100
90416,100
90417,100
90418,100
90419,100
90420,100
90421,0
90422,100
90423,0
90424,100
90425,0
90426,100
90427,0
90428,100
90429,0
90430,100
90431,0
90432,100
90433,0
90434,100
90435,0
90436,100
90437,0
90438,100
90439,0
90440,100
90441,0
90442,100
90443,100
90444,100
90445,100
90446,100
90447,100
90448,100
90449,100
90450,100
90451,100
90452,100
90453,100
90454,100
90455,100
90456,100
90457,100
90458,0
90459,100
90460,0
90461,100
90462,0
90463,100
90464,0
90465,100
90466,0
90467,100
90468,0
90469,100
90470,0
90471,100
90472,0
90473,100
90474,0
90475,100
90476,0
90477,100
90478,100
90479,100
90480,100
90481,100
90482,100
90483,100
90484,100
90485,100
90486,100
90487,100
90488,100
90489,100
90490,100
90491,0
90492,100
90493,0
90494,100
90495,0
90496,100
90497,0
90498,100
90499,0
90500,100
90501,0
90502,100
90503,0
90504,100
90505,0
90506,100
90507,0
90508,100
90509,0
90510,100
90511,0
90512,100
90513,100
90514,100
90515,100
90516,100
90517,100
90518,100
90519,100
90520,100
90521,100
90522,100
90523,100
90524,100
90525,100
90526,100
90527,100
90528,0
90529,100
90530,0
90531,100
90532,0
90533,100
90534,0
90535,100
90536,0
90537,100
90538,0
90539,100
90540,0
90541,100
90542,0
90543,100
90544,0
90545,100
90546,0
90547,100
90548,100
90549,100
90550,100
90551,100
90552,100
90553,100
90554,100
90555,100
90556,100
90557,100
90558,100
90559,100
90560,100
90561,100
90562,100
90563,0
90564,100
90565,0
90566,100
90567,0
90568,100
90569,0
90570,100
90571,0
90572,100
90573,0
90574,100
90575,0
90576,100
90577,0
90578,100
90579,0
90580,100
90581,0
90582,100
90583,0
90584,100
90585,100
90586,100
90587,100
90588,100
90589,100
90590,100
90591,100
90592,100
90593,100
90594,100
90595,100
90596,100
90597,100
90598,0
90599,100
90600,0
90601,100
90602,0
90603,100
90604,0
90605,100
90606,0
90607,100
90608,0
90609,100
90610,0
90611,100
90612,0
90613,100
90614,0
90615,100
90616,0
90617,100
90618,0
90619,100
90620,100
90621,100
90622,100
90623,100
90624,100
90625,100
90626,100
90627,100
90628,100
90629,100
90630,100
90631,100
90632,100
90633,0
90634,100
90635,0
90636,100
90637,0
90638,100
90639,0
90640,100
90641,0
90642,100
90643,0
90644,100
90645,0
90646,100
90647,0
90648,100
90649,0
90650,100
90651,0
90652,100
90653,0
90654,100
90655,100
90656,100
90657,100
90658,100
90659,100
90660,100
90661,100
90662,100
90663,100
90664,100
90665,100
90666,100
90667,100
90668,0
90669,100
90670,0
90671,100
90672,0
90673,100
90674,0
90675,100
90676,0
90677,100
90678,0
90679,100
90680,0
90681,100
90682,0
90683,100
90684,0
90685,100
90686,0
90687,100
90688,0
90689,100
90690,100
90691,100
90692,100
90693,100
90694,100
90695,100
90696,100
90697,100
90698,100
90699,100
90700,100
90701,100
90702,100
90703,0
90704,100
90705,0
90706,100
90707,0
90708,100
90709,0
90710,100
90711,0
90712,100
90713,0
90714,100
90715,0
90716,100
90717,0
90718,100
90719,100
90720,100
90721,0
90722,100
90723,0
90724,100
90725,100
90726,100
90727,100
90728,100
90729,100
90730,100
90731,100
90732,100
90733,100
90734,100
90735,100
90736,100
90737,100
90738,0
90739,100
90740,0
90741,100
90742,0
90743,100
90744,0
90745,100
90746,0
90747,100
90748,0
90749,100
90750,0
90751,100
90752,0
90753,100
90754,100
90755,100
90756,0
90757,100
90758,0
90759,100
90760,100
90761,100
90762,100
90763,100
90764,100
90765,100
90766,100
90767,100
90768,100
90769,100
90770,100
90771,100
90772,100
90773,100
90774,100
90775,0
90776,100
90777,0
90778,100
90779,0
90780,100
90781,0
90782,100
90783,0
90784,100
90785,0
90786,100
90787,0
90788,100
90789,0
90790,100
90791,100
90792,100
90793,0
90794,100
90795,100
90796,100
90797,100
90798,100
90799,100
90800,100
90801,100
90802,100
90803,100
90804,100
90805,100
90806,100
90807,100
90808,100
90809,100
90810,0
90811,100
90812,0
90813,100
90814,0
90815,100
90816,0
90817,100
90818,0
90819,100
90820,0
90821,100
90822,0
90823,100
90824,0
90825,100
90826,100
90827,100
90828,100
90829,100
90830,0
90831,100
90832,100
90833,100
90834,100
90835,100
90836,100
90837,100
90838,100
90839,100
90840,100
90841,100
90842,100
90843,100
90844,100
90845,0
90846,100
90847,0
90848,100
90849,0
90850,100
90851,0
90852,100
90853,0
90854,100
90855,0
90856,100
90857,0
90858,100
90859,0
90860,100
90861,100
90862,100
90863,100
90864,100
90865,100
90866,100
90867,100
90868,100
90869,100
90870,100
90871,100
90872,100
90873,100
90874,100
90875,100
90876,100
90877,100
90878,100
90879,100
90880,0
90881,100
90882,0
90883,100
90884,0
90885,100
90886,0
90887,100
90888,0
90889,100
90890,0
90891,100
90892,0
90893,100
90894,0
90895,100
90896,100
90897,100
90898,100
90899,100
90900,100
90901,100
90902,100
90903,100
90904,100
90905,100
90906,100
90907,100
90908,100
90909,100
90910,100
90911,100
90912,100
90913,100
90914,100
90915,0
90916,100
90917,0
90918,100
90919,0
90920,100
90921,0
90922,100
90923,0
90924,100
90925,0
90926,100
90927,0
90928,100
90929,0
90930,100
90931,100
90932,100
90933,100
90934,100
90935,100
90936,100
90937,100
90938,100
90939,100
90940,100
90941,100
90942,100
90943,100
90944,100
90945,100
90946,100
90947,100
90948,100
90949,100
90950,0
90951,100
90952,0
90953,100
90954,0
90955,100
90956,0
90957,100
90958,0
90959,100
90960,0
90961,100
90962,0
90963,100
90964,0
90965,100
90966,100
90967,100
90968,100
90969,100
90970,100
90971,100
90972,100
90973,100
90974,100
90975,100
90976,100
90977,100
90978,100
90979,100
90980,100
90981,100
90982,100
90983,100
90984,100
90985,100
90986,100
90987,0
90988,100
90989,0
90990,100
90991,0
90992,100
90993,0
90994,100
90995,0
90996,100
90997,0
90998,100
90999,0
91000,100
91001,100
91002,100
91003,100
91004,100
91005,100
91006,100
91007,100
91008,100
91009,100
91010,100
91011,100
91012,100
91013,100
91014,100
91015,100
91016,100
91017,100
91018,100
91019,100
91020,100
91021,100
91022,0
91023,100
91024,0
91025,100
91026,0
91027,100
91028,0
91029,100
91030,0
91031,100
91032,0
91033,100
91034,0
91035,100
91036,100
91037,100
91038,100
91039,100
91040,100
91041,100
91042,100
91043,100
91044,100
91045,100
91046,100
91047,100
91048,100
91049,100
91050,100
91051,100
91052,100
91053,100
91054,100
91055,100
91056,100
91057,0
91058,100
91059,0
91060,100
91061,0
91062,100
91063,0
91064,100
91065,0
91066,100
91067,0
91068,100
91069,0
91070,100
91071,0
91072,100
91073,100
91074,100
91075,100
91076,100
91077,100
91078,100
91079,100
91080,100
91081,100
91082,100
91083,100
91084,100
91085,100
91086,100
91087,100
91088,100
91089,100
91090,100
91091,100
91092,0
91093,100
91094,0
91095,100
91096,0
91097,100
91098,0
91099,100
91100,0
91101,100
91102,0
91103,100
91104,0
91105,100
91106,0
91107,100
91108,100
91109,100
91110,100
91111,100
91112,100
91113,100
91114,100
91115,100
91116,100
91117,100
91118,100
91119,100
91120,100
91121,100
91122,100
91123,100
91124,100
91125,100
91126,100
91127,0
91128,100
91129,0
91130,100
91131,0
91132,100
91133,0
91134,100
91135,0
91136,100
91137,0
91138,100
91139,0
91140,100
91141,0
91142,100
91143,100
91144,100
91145,100
91146,100
91147,100
91148,100
91149,100
91150,100
91151,100
91152,100
91153,100
91154,100
91155,100
91156,0
91157,100
91158,100
91159,100
91160,100
91161,100
91162,0
91163,100
91164,0
91165,100
91166,0
91167,100
91168,0
91169,100
91170,0
91171,100
91172,0
91173,100
91174,0
91175,100
91176,0
91177,100
91178,100
91179,100
91180,100
91181,100
91182,100
91183,100
91184,100
91185,100
91186,100
91187,100
91188,100
91189,100
91190,100
91191,0
91192,100
91193,0
91194,100
91195,100
91196,100
91197,0
91198,100
91199,0
91200,100
91201,0
91202,100
91203,0
91204,100
91205,0
91206,100
91207,0
91208,100
91209,0
91210,100
91211,0
91212,100
91213,100
91214,100
91215,100
91216,100
91217,100
91218,100
91219,100
91220,100
91221,100
91222,100
91223,100
91224,100
91225,100
91226,0
91227,100
91228,0
91229,100
91230,100
91231,100
91232,100
91233,100
91234,0
91235,100
91236,0
91237,100
91238,0
91239,100
91240,0
91241,100
91242,0
91243,100
91244,0
91245,100
91246,0
91247,100
91248,100
91249,100
91250,100
91251,100
91252,100
91253,100
91254,100
91255,100
91256,100
91257,100
91258,100
91259,100
91260,100
91261,100
91262,100
91263,0
91264,100
91265,0
91266,100
91267,0
91268,100
91269,0
91270,100
91271,0
91272,100
91273,0
91274,100
91275,0
91276,100
91277,0
91278,100
91279,0
91280,100
91281,0
91282,100
91283,0
91284,100
91285,100
91286,100
91287,100
91288,100
91289,100
91290,100
91291,100
91292,100
91293,100
91294,100
91295,100
91296,100
91297,100
91298,0
91299,100
91300,0
91301,100
91302,0
91303,100
91304,0
91305,100
91306,0
91307,100
91308,0
91309,100
91310,0
91311,100
91312,0
91313,100
91314,0
91315,100
91316,0
91317,100
91318,0
91319,100
91320,100
91321,100
91322,100
91323,100
91324,100
91325,100
91326,100
91327,100
91328,100
91329,100
91330,100
91331,100
91332,100
91333,0
91334,100
91335,0
91336,100
91337,0
91338,100
91339,0
91340,100
91341,0
91342,100
91343,0
91344,100
91345,0
91346,100
91347,0
91348,100
91349,0
91350,100
91351,0
91352,100
91353,0
91354,100
91355,100
91356,100
91357,100
91358,100
91359,100
91360,100
91361,100
91362,100
91363,100
91364,100
91365,100
91366,100
91367,100
91368,0
91369,100
91370,0
91371,100
91372,0
91373,100
91374,0
91375,100
91376,0
91377,100
91378,0
91379,100
91380,0
91381,100
91382,0
91383,100
91384,0
91385,100
91386,0
91387,100
91388,0
91389,100
91390,100
91391,100
91392,100
91393,100
91394,100
91395,100
91396,100
91397,100
91398,100
91399,100
91400,100
91401,100
91402,100
91403,0
91404,100
91405,0
91406,100
91407,0
91408,100
91409,0
91410,100
91411,0
91412,100
91413,0
91414,100
91415,0
91416,100
91417,0
91418,100
91419,0
91420,100
91421,0
91422,100
91423,0
91424,100
91425,100
91426,100
91427,100
91428,100
91429,100
91430,100
91431,100
91432,100
91433,100
91434,100
91435,100
91436,100
91437,100
91438,0
91439,100
91440,0
91441,100
91442,0
91443,100
91444,0
91445,100
91446,0
91447,100
91448,0
91449,100
91450,0
91451,100
91452,0
91453,100
91454,0
91455,100
91456,0
91457,100
91458,0
91459,100
91460,100
91461,100
91462,100
91463,100
91464,100
91465,100
91466,100
91467,100
91468,100
91469,100
91470,100
91471,100
91472,100
91473,100
91474,100
91475,0
91476,100
91477,0
91478,100
91479,0
91480,100
91481,0
91482,100
91483,0
91484,100
91485,0
91486,100
91487,0
91488,100
91489,0
91490,100
91491,0
91492,100
91493,0
91494,100
91495,100
91496,100
91497,100
91498,100
91499,100
91500,100
91501,100
91502,100
91503,100
91504,100
91505,100
91506,100
91507,100
91508,100
91509,100
91510,0
91511,100
91512,0
91513,100
91514,0
91515,100
91516,0
91517,100
91518,0
91519,100
91520,0
91521,100
91522,0
91523,100
91524,0
91525,100
91526,0
91527,100
91528,0
91529,100
91530,0
91531,100
91532,100
91533,100
91534,100
91535,100
91536,100
91537,100
91538,100
91539,100
91540,100
91541,100
91542,100
91543,100
91544,100
91545,0
91546,100
91547,0
91548,100
91549,0
91550,100
91551,0
91552,100
91553,0
91554,100
91555,0
91556,100
91557,0
91558,100
91559,0
91560,100
91561,0
91562,100
91563,0
91564,100
91565,0
91566,100
91567,0
91568,100
91569,0
91570,100
91571,0
91572,100
91573,100
91574,100
91575,100
91576,100
91577,100
91578,100
91579,100
91580,100
91581,100
91582,100
91583,100
91584,100
91585,100
91586,0
91587,100
91588,0
91589,100
91590,0
91591,100
91592,0
91593,100
91594,0
91595,100
91596,0
91597,100
91598,0
91599,100
91600,0
91601,100
91602,0
91603,100
91604,0
91605,100
91606,0
91607,100
91608,100
91609,100
91610,100
91611,100
91612,100
91613,100
91614,100
91615,100
91616,100
91617,100
91618,100
91619,100
91620,100
91621,0
91622,100
91623,0
91624,100
91625,0
91626,100
91627,0
91628,100
91629,0
91630,100
91631,0
91632,100
91633,0
91634,100
91635,0
91636,100
91637,0
91638,100
91639,0
91640,100
91641,0
91642,100
91643,100
91644,100
91645,100
91646,100
91647,100
91648,100
91649,100
91650,100
91651,100
91652,100
91653,100
91654,100
91655,100
91656,0
91657,100
91658,0
91659,100
91660,0
91661,100
91662,0
91663,100
91664,0
91665,100
91666,0
91667,100
91668,0
91669,100
91670,0
91671,100
91672,0
91673,100
91674,0
91675,100
91676,0
91677,100
91678,100
91679,100
91680,100
91681,100
91682,100
91683,100
91684,100
91685,100
91686,100
91687,100
91688,100
91689,100
91690,100
91691,0
91692,100
91693,0
91694,100
91695,0
91696,100
91697,0
91698,100
91699,0
91700,100
91701,0
91702,100
91703,0
91704,100
91705,0
91706,100
91707,0
91708,100
91709,0
91710,100
91711,0
91712,100
91713,100
91714,100
91715,100
91716,100
91717,100
91718,100
91719,100
91720,100
91721,100
91722,100
91723,100
91724,100
91725,100
91726,0
91727,100
91728,0
91729,100
91730,0
91731,100
91732,0
91733,100
91734,0
91735,100
91736,0
91737,100
91738,0
91739,100
91740,0
91741,100
91742,0
91743,100
91744,0
91745,100
91746,0
91747,100
91748,100
91749,100
91750,100
91751,100
91752,100
91753,100
91754,100
91755,100
91756,100
91757,100
91758,100
91759,100
91760,100
91761,100
91762,100
91763,0
91764,100
91765,0
91766,100
91767,0
91768,100
91769,0
91770,100
91771,0
91772,100
91773,0
91774,100
91775,0
91776,100
91777,0
91778,100
91779,0
91780,100
91781,0
91782,100
91783,100
91784,100
91785,100
91786,100
91787,100
91788,100
91789,100
91790,100
91791,100
91792,100
91793,100
91794,100
91795,100
91796,100
91797,100
91798,0
91799,100
91800,0
91801,100
91802,0
91803,100
91804,0
91805,100
91806,0
91807,100
91808,0
91809,100
91810,0
91811,100
91812,100
91813,100
91814,100
91815,100
91816,0
91817,100
91818,0
91819,100
91820,100
91821,100
91822,100
91823,100
91824,100
91825,100
91826,100
91827,100
91828,100
91829,100
91830,100
91831,100
91832,100
91833,0
91834,100
91835,0
91836,100
91837,0
91838,100
91839,0
91840,100
91841,0
91842,100
91843,0
91844,100
91845,0
91846,100
91847,0
91848,100
91849,100
91850,100
91851,0
91852,100
91853,0
91854,100
91855,100
91856,100
91857,100
91858,100
91859,100
91860,100
91861,100
91862,100
91863,100
91864,100
91865,100
91866,100
91867,100
91868,0
91869,100
91870,0
91871,100
91872,0
91873,100
91874,0
91875,100
91876,0
91877,100
91878,0
91879,100
91880,0
91881,100
91882,0
91883,100
91884,100
91885,100
91886,100
91887,100
91888,0
91889,100
91890,100
91891,100
91892,100
91893,100
91894,100
91895,100
91896,100
91897,100
91898,100
91899,100
91900,100
91901,100
91902,100
91903,0
91904,100
91905,0
91906,100
91907,0
91908,100
91909,0
91910,100
91911,0
91912,100
91913,0
91914,100
91915,0
91916,100
91917,0
91918,100
91919,100
91920,100
91921,100
91922,100
91923,100
91924,100
91925,100
91926,100
91927,100
91928,100
91929,100
91930,100
91931,100
91932,100
91933,100
91934,100
91935,100
91936,100
91937,100
91938,0
91939,100
91940,0
91941,100
91942,0
91943,100
91944,0
91945,100
91946,0
91947,100
91948,0
91949,100
91950,0
91951,100
91952,0
91953,100
91954,100
91955,100
91956,100
91957,100
91958,100
91959,100
91960,100
91961,100
91962,100
91963,100
91964,100
91965,100
91966,100
91967,100
91968,100
91969,100
91970,100
91971,100
91972,100
91973,0
91974,100
91975,0
91976,100
91977,0
91978,100
91979,0
91980,100
91981,0
91982,100
91983,0
91984,100
91985,0
91986,100
91987,0
91988,100
91989,100
91990,100
91991,100
91992,100
91993,100
91994,100
91995,100
91996,100
91997,100
91998,100
91999,100
92000,100
92001,100
92002,100
92003,100
92004,100
92005,100
92006,100
92007,100
92008,100
92009,100
92010,0
92011,100
92012,0
92013,100
92014,0
92015,100
92016,0
92017,100
92018,0
92019,100
92020,0
92021,100
92022,0
92023,100
92024,100
92025,100
92026,100
92027,100
92028,100
92029,100
92030,100
92031,100
92032,100
92033,100
92034,100
92035,100
92036,100
92037,100
92038,100
92039,100
92040,100
92041,100
92042,100
92043,100
92044,100
92045,0
92046,100
92047,0
92048,100
92049,0
92050,100
92051,0
92052,100
92053,0
92054,100
92055,0
92056,100
92057,0
92058,100
92059,100
92060,100
92061,100
92062,100
92063,100
92064,100
92065,100
92066,100
92067,100
92068,100
92069,100
92070,100
92071,100
92072,100
92073,100
92074,100
92075,100
92076,100
92077,100
92078,100
92079,100
92080,0
92081,100
92082,0
92083,100
92084,0
92085,100
92086,0
92087,100
92088,0
92089,100
92090,0
92091,100
92092,0
92093,100
92094,0
92095,100
92096,100
92097,100
92098,100
92099,100
92100,100
92101,100
92102,100
92103,100
92104,100
92105,100
92106,100
92107,100
92108,100
92109,100
92110,100
92111,100
92112,100
92113,100
92114,100
92115,0
92116,100
92117,0
92118,100
92119,0
92120,100
92121,0
92122,100
92123,0
92124,100
92125,0
92126,100
92127,0
92128,100
92129,0
92130,100
92131,100
92132,100
92133,100
92134,100
92135,100
92136,100
92137,100
92138,100
92139,100
92140,100
92141,100
92142,100
92143,100
92144,100
92145,100
92146,100
92147,100
92148,100
92149,100
92150,0
92151,100
92152,0
92153,100
92154,0
92155,100
92156,0
92157,100
92158,0
92159,100
92160,0
92161,100
92162,0
92163,100
92164,0
92165,100
92166,100
92167,100
92168,100
92169,100
92170,100
92171,100
92172,100
92173,100
92174,100
92175,100
92176,100
92177,100
92178,100
92179,100
92180,100
92181,100
92182,100
92183,100
92184,100
92185,0
92186,100
92187,0
92188,100
92189,0
92190,100
92191,0
92192,100
92193,0
92194,100
92195,0
92196,100
92197,0
92198,100
92199,0
92200,100
92201,100
92202,100
92203,100
92204,100
92205,100
92206,100
92207,100
92208,100
92209,100
92210,100
92211,100
92212,100
92213,100
92214,0
92215,100
92216,100
92217,100
92218,100
92219,100
92220,100
92221,100
92222,0
92223,100
92224,0
92225,100
92226,0
92227,100
92228,0
92229,100
92230,0
92231,100
92232,0
92233,100
92234,0
92235,100
92236,100
92237,100
92238,100
92239,100
92240,100
92241,100
92242,100
92243,100
92244,100
92245,100
92246,100
92247,100
92248,100
92249,100
92250,100
92251,0
92252,100
92253,100
92254,100
92255,0
92256,100
92257,0
92258,100
92259,0
92260,100
92261,0
92262,100
92263,0
92264,100
92265,0
92266,100
92267,0
92268,100
92269,0
92270,100
92271,100
92272,100
92273,100
92274,100
92275,100
92276,100
92277,100
92278,100
92279,100
92280,100
92281,100
92282,100
92283,100
92284,100
92285,100
92286,0
92287,100
92288,0
92289,100
92290,100
92291,100
92292,0
92293,100
92294,0
92295,100
92296,0
92297,100
92298,0
92299,100
92300,0
92301,100
92302,0
92303,100
92304,0
92305,100
92306,0
92307,100
92308,100
92309,100
92310,100
92311,100
92312,100
92313,100
92314,100
92315,100
92316,100
92317,100
92318,100
92319,100
92320,100
92321,0
92322,100
92323,0
92324,100
92325,100
92326,100
92327,0
92328,100
92329,0
92330,100
92331,0
92332,100
92333,0
92334,100
92335,0
92336,100
92337,0
92338,100
92339,0
92340,100
92341,0
92342,100
92343,100
92344,100
92345,100
92346,100
92347,100
92348,100
92349,100
92350,100
92351,100
92352,100
92353,100
92354,100
92355,100
92356,0
92357,100
92358,0
92359,100
92360,0
92361,100
92362,0
92363,100
92364,0
92365,100
92366,0
92367,100
92368,0
92369,100
92370,0
92371,100
92372,0
92373,100
92374,0
92375,100
92376,0
92377,100
92378,100
92379,100
92380,100
92381,100
92382,100
92383,100
92384,100
92385,100
92386,100
92387,100
92388,100
92389,100
92390,100
92391,0
92392,100
92393,0
92394,100
92395,0
92396,100
92397,0
92398,100
92399,0
92400,100
92401,0
92402,100
92403,0
92404,100
92405,0
92406,100
92407,0
92408,100
92409,0
92410,100
92411,0
92412,100
92413,100
92414,100
92415,100
92416,100
92417,100
92418,100
92419,100
92420,100
92421,100
92422,100
92423,100
92424,100
92425,100
92426,0
92427,100
92428,0
92429,100
92430,0
92431,100
92432,0
92433,100
92434,0
92435,100
92436,0
92437,100
92438,0
92439,100
92440,0
92441,100
92442,0
92443,100
92444,0
92445,100
92446,0
92447,100
92448,100
92449,100
92450,100
92451,100
92452,100
92453,100
92454,100
92455,100
92456,100
92457,100
92458,100
92459,100
92460,100
92461,0
92462,100
92463,0
92464,100
92465,0
92466,100
92467,0
92468,100
92469,0
92470,100
92471,0
92472,100
92473,0
92474,100
92475,0
92476,100
92477,0
92478,100
92479,0
92480,100
92481,0
92482,100
92483,100
92484,100
92485,100
92486,100
92487,100
92488,100
92489,100
92490,100
92491,100
92492,100
92493,100
92494,100
92495,100
92496,100
92497,100
92498,0
92499,100
92500,0
92501,100
92502,0
92503,100
92504,0
92505,100
92506,0
92507,100
92508,0
92509,100
92510,0
92511,100
92512,0
92513,100
92514,0
92515,100
92516,0
92517,100
92518,100
92519,100
92520,100
92521,100
92522,100
92523,100
92524,100
92525,100
92526,100
92527,100
92528,100
92529,100
92530,100
92531,100
92532,100
92533,0
92534,100
92535,0
92536,100
92537,0
92538,100
92539,0
92540,100
92541,0
92542,100
92543,0
92544,100
92545,0
92546,100
92547,0
92548,100
92549,0
92550,100
92551,0
92552,100
92553,0
92554,100
92555,100
92556,100
92557,100
92558,100
92559,100
92560,100
92561,100
92562,100
92563,100
92564,100
92565,100
92566,100
92567,100
92568,0
92569,100
92570,0
92571,100
92572,0
92573,100
92574,0
92575,100
92576,0
92577,100
92578,0
92579,100
92580,0
92581,100
92582,0
92583,100
92584,0
92585,100
92586,0
92587,100
92588,0
92589,100
92590,0
92591,100
92592,0
92593,100
92594,0
92595,100
92596,0
92597,100
92598,0
92599,100
92600,0
92601,100
92602,100
92603,100
92604,100
92605,100
92606,100
92607,100
92608,100
92609,100
92610,100
92611,100
92612,100
92613,100
92614,100
92615,100
92616,100
92617,0
92618,100
92619,0
92620,100
92621,0
92622,100
92623,0
92624,100
92625,0
92626,100
92627,0
92628,100
92629,0
92630,100
92631,0
92632,100
92633,0
92634,100
92635,0
92636,100
92637,0
92638,100
92639,100
92640,100
92641,100
92642,100
92643,100
92644,100
92645,100
92646,100
92647,100
92648,100
92649,100
92650,100
92651,100
92652,0
92653,100
92654,0
92655,100
92656,0
92657,100
92658,0
92659,100
92660,0
92661,100
92662,0
92663,100
92664,0
92665,100
92666,0
92667,100
92668,0
92669,100
92670,0
92671,100
92672,0
92673,100
92674,100
92675,100
92676,100
92677,100
92678,100
92679,100
92680,100
92681,100
92682,100
92683,100
92684,100
92685,100
92686,100
92687,0
92688,100
92689,0
92690,100
92691,0
92692,100
92693,0
92694,100
92695,0
92696,100
92697,0
92698,100
92699,0
92700,100
92701,0
92702,100
92703,0
92704,100
92705,0
92706,100
92707,0
92708,100
92709,100
92710,100
92711,100
92712,100
92713,100
92714,100
92715,100
92716,100
92717,100
92718,100
92719,100
92720,100
92721,100
92722,0
92723,100
92724,0
92725,100
92726,0
92727,100
92728,0
92729,100
92730,0
92731,100
92732,0
92733,100
92734,0
92735,100
92736,0
92737,100
92738,0
92739,100
92740,0
92741,100
92742,0
92743,100
92744,100
92745,100
92746,100
92747,100
92748,100
92749,100
92750,100
92751,100
92752,100
92753,100
92754,100
92755,100
92756,100
92757,0
92758,100
92759,0
92760,100
92761,0
92762,100
92763,0
92764,100
92765,0
92766,100
92767,0
92768,100
92769,0
92770,100
92771,0
92772,100
92773,100
92774,100
92775,0
92776,100
92777,0
92778,100
92779,100
92780,100
92781,100
92782,100
92783,100
92784,100
92785,100
92786,100
92787,100
92788,100
92789,100
92790,100
92791,100
92792,0
92793,100
92794,0
92795,100
92796,0
92797,100
92798,0
92799,100
92800,0
92801,100
92802,0
92803,100
92804,0
92805,100
92806,0
92807,100
92808,100
92809,100
92810,100
92811,100
92812,0
92813,100
92814,100
92815,100
92816,100
92817,100
92818,100
92819,100
92820,100
92821,100
92822,100
92823,100
92824,100
92825,100
92826,100
92827,0
92828,100
92829,0
92830,100
92831,0
92832,100
92833,0
92834,100
92835,0
92836,100
92837,0
92838,100
92839,0
92840,100
92841,0
92842,100
92843,100
92844,100
92845,100
92846,100
92847,0
92848,100
92849,0
92850,100
92851,100
92852,100
92853,100
92854,100
92855,100
92856,100
92857,100
92858,100
92859,100
92860,100
92861,100
92862,100
92863,100
92864,0
92865,100
92866,0
92867,100
92868,0
92869,100
92870,0
92871,100
92872,0
92873,100
92874,0
92875,100
92876,0
92877,100
92878,0
92879,100
92880,100
92881,100
92882,100
92883,100
92884,100
92885,100
92886,100
92887,100
92888,100
92889,100
92890,100
92891,100
92892,100
92893,100
92894,100
92895,100
92896,100
92897,100
92898,100
92899,0
92900,100
92901,0
92902,100
92903,0
92904,100
92905,0
92906,100
92907,0
92908,100
92909,0
92910,100
92911,0
92912,100
92913,0
92914,100
92915,100
92916,100
92917,100
92918,100
92919,100
92920,100
92921,100
92922,100
92923,100
92924,100
92925,100
92926,100
92927,100
92928,100
92929,100
92930,100
92931,100
92932,100
92933,100
92934,0
92935,100
92936,0
92937,100
92938,0
92939,100
92940,0
92941,100
92942,0
92943,100
92944,0
92945,100
92946,0
92947,100
92948,0
92949,100
92950,100
92951,100
92952,100
92953,100
92954,100
92955,100
92956,100
92957,100
92958,100
92959,100
92960,100
92961,100
92962,100
92963,100
92964,100
92965,100
92966,100
92967,100
92968,100
92969,0
92970,100
92971,0
92972,100
92973,0
92974,100
92975,0
92976,100
92977,0
92978,100
92979,0
92980,100
92981,0
92982,100
92983,0
92984,100
92985,100
92986,100
92987,100
92988,100
92989,100
92990,100
92991,100
92992,100
92993,100
92994,100
92995,100
92996,100
92997,100
92998,100
92999,100
93000,100
93001,100
93002,100
93003,100
93004,0
93005,100
93006,0
93007,100
93008,0
93009,100
93010,0
93011,100
93012,0
93013,100
93014,0
93015,100
93016,0
93017,100
93018,0
93019,100
93020,100
93021,100
93022,100
93023,100
93024,100
93025,100
93026,100
93027,100
93028,100
93029,100
93030,100
93031,100
93032,100
93033,100
93034,100
93035,100
93036,100
93037,100
93038,100
93039,0
93040,100
93041,0
93042,100
93043,0
93044,100
93045,0
93046,100
93047,0
93048,100
93049,0
93050,100
93051,0
93052,100
93053,0
93054,100
93055,100
93056,100
93057,100
93058,100
93059,100
93060,100
93061,100
93062,100
93063,100
93064,100
93065,100
93066,100
93067,100
93068,100
93069,100
93070,100
93071,100
93072,100
93073,100
93074,100
93075,100
93076,0
93077,100
93078,0
93079,100
93080,0
93081,100
93082,0
93083,100
93084,0
93085,100
93086,0
93087,100
93088,0
93089,100
93090,100
93091,100
93092,100
93093,100
93094,100
93095,100
93096,100
93097,100
93098,100
93099,100
93100,100
93101,100
93102,100
93103,100
93104,100
93105,100
93106,100
93107,100
93108,100
93109,100
93110,100
93111,0
93112,100
93113,0
93114,100
93115,0
93116,100
93117,0
93118,100
93119,0
93120,100
93121,0
93122,100
93123,0
93124,100
93125,0
93126,100
93127,100
93128,100
93129,100
93130,100
93131,100
93132,100
93133,100
93134,100
93135,100
93136,100
93137,100
93138,100
93139,100
93140,100
93141,100
93142,100
93143,100
93144,100
93145,100
93146,0
93147,100
93148,0
93149,100
93150,0
93151,100
93152,0
93153,100
93154,0
93155,100
93156,0
93157,100
93158,0
93159,100
93160,0
93161,100
93162,100
93163,100
93164,100
93165,100
93166,100
93167,100
93168,100
93169,100
93170,100
93171,100
93172,100
93173,100
93174,100
93175,100
93176,100
93177,100
93178,100
93179,100
93180,100
93181,0
93182,100
93183,0
93184,100
93185,0
93186,100
93187,0
93188,100
93189,0
93190,100
93191,0
93192,100
93193,0
93194,100
93195,0
93196,100
93197,100
93198,100
93199,100
93200,100
93201,100
93202,100
93203,100
93204,100
93205,100
93206,100
93207,100
93208,100
93209,100
93210,0
93211,100
93212,100
93213,100
93214,100
93215,100
93216,0
93217,100
93218,0
93219,100
93220,0
93221,100
93222,0
93223,100
93224,0
93225,100
93226,0
93227,100
93228,0
93229,100
93230,0
93231,100
93232,100
93233,100
93234,100
93235,100
93236,100
93237,100
93238,100
93239,100
93240,100
93241,100
93242,100
93243,100
93244,100
93245,0
93246,100
93247,0
93248,100
93249,100
93250,100
93251,0
93252,100
93253,0
93254,100
93255,0
93256,100
93257,0
93258,100
93259,0
93260,100
93261,0
93262,100
93263,0
93264,100
93265,0
93266,100
93267,100
93268,100
93269,100
93270,100
93271,100
93272,100
93273,100
93274,100
93275,100
93276,100
93277,100
93278,100
93279,100
93280,100
93281,100
93282,0
93283,100
93284,0
93285,100
93286,0
93287,100
93288,0
93289,100
93290,0
93291,100
93292,0
93293,100
93294,0
93295,100
93296,0
93297,100
93298,0
93299,100
93300,0
93301,100
93302,100
93303,100
93304,100
93305,100
93306,100
93307,100
93308,100
93309,100
93310,100
93311,100
93312,100
93313,100
93314,100
93315,0
93316,100
93317,0
93318,100
93319,0
93320,100
93321,100
93322,100
93323,0
93324,100
93325,0
93326,100
93327,0
93328,100
93329,0
93330,100
93331,0
93332,100
93333,0
93334,100
93335,0
93336,100
93337,100
93338,100
93339,100
93340,100
93341,100
93342,100
93343,100
93344,100
93345,100
93346,100
93347,100
93348,100
93349,100
93350,100
93351,100
93352,0
93353,100
93354,0
93355,100
93356,0
93357,100
93358,0
93359,100
93360,0
93361,100
93362,0
93363,100
93364,0
93365,100
93366,0
93367,100
93368,0
93369,100
93370,0
93371,100
93372,100
93373,100
93374,100
93375,100
93376,100
93377,100
93378,100
93379,100
93380,100
93381,100
93382,100
93383,100
93384,100
93385,100
93386,100
93387,0
93388,100
93389,0
93390,100
93391,0
93392,100
93393,0
93394,100
93395,0
93396,100
93397,0
93398,100
93399,0
93400,100
93401,0
93402,100
93403,0
93404,100
93405,0
93406,100
93407,0
93408,100
93409,100
93410,100
93411,100
93412,100
93413,100
93414,100
93415,100
93416,100
93417,100
93418,100
93419,100
93420,100
93421,100
93422,0
93423,100
93424,0
93425,100
93426,0
93427,100
93428,0
93429,100
93430,0
93431,100
93432,0
93433,100
93434,0
93435,100
93436,0
93437,100
93438,0
93439,100
93440,0
93441,100
93442,0
93443,100
93444,100
93445,100
93446,100
93447,100
93448,100
93449,100
93450,100
93451,100
93452,100
93453,100
93454,100
93455,100
93456,100
93457,0
93458,100
93459,0
93460,100
93461,0
93462,100
93463,0
93464,100
93465,0
93466,100
93467,0
93468,100
93469,0
93470,100
93471,0
93472,100
93473,0
93474,100
93475,0
93476,100
93477,0
93478,100
93479,100
93480,100
93481,100
93482,100
93483,100
93484,100
93485,100
93486,100
93487,100
93488,100
93489,100
93490,100
93491,100
93492,0
93493,100
93494,0
93495,100
93496,0
93497,100
93498,0
93499,100
93500,0
93501,100
93502,0
93503,100
93504,0
93505,100
93506,0
93507,100
93508,0
93509,100
93510,0
93511,100
93512,0
93513,100
93514,100
93515,100
93516,100
93517,100
93518,100
93519,100
93520,100
93521,100
93522,100
93523,100
93524,100
93525,100
93526,100
93527,0
93528,100
93529,0
93530,100
93531,0
93532,100
93533,0
93534,100
93535,0
93536,100
93537,0
93538,100
93539,0
93540,100
93541,0
93542,100
93543,0
93544,100
93545,0
93546,100
93547,0
93548,100
93549,100
93550,100
93551,100
93552,100
93553,100
93554,100
93555,100
93556,100
93557,100
93558,100
93559,100
93560,100
93561,100
93562,0
93563,100
93564,0
93565,100
93566,0
93567,100
93568,0
93569,100
93570,0
93571,100
93572,0
93573,100
93574,0
93575,100
93576,0
93577,100
93578,0
93579,100
93580,0
93581,100
93582,0
93583,100
93584,100
93585,100
93586,100
93587,100
93588,100
93589,100
93590,100
93591,100
93592,100
93593,100
93594,100
93595,100
93596,100
93597,100
93598,100
93599,0
93600,100
93601,0
93602,100
93603,0
93604,100
93605,0
93606,100
93607,0
93608,100
93609,0
93610,100
93611,0
93612,100
93613,0
93614,100
93615,0
93616,100
93617,0
93618,100
93619,100
93620,100
93621,100
93622,100
93623,100
93624,100
93625,100
93626,100
93627,100
93628,100
93629,100
93630,100
93631,100
93632,100
93633,100
93634,0
93635,100
93636,0
93637,100
93638,0
93639,100
93640,0
93641,100
93642,0
93643,100
93644,0
93645,100
93646,0
93647,100
93648,0
93649,100
93650,0
93651,100
93652,0
93653,100
93654,0
93655,100
93656,100
93657,100
93658,100
93659,100
93660,100
93661,100
93662,100
93663,100
93664,100
93665,100
93666,100
93667,100
93668,100
93669,0
93670,100
93671,0
93672,100
93673,0
93674,100
93675,0
93676,100
93677,0
93678,100
93679,0
93680,100
93681,0
93682,100
93683,0
93684,100
93685,100
93686,100
93687,0
93688,100
93689,0
93690,100
93691,100
93692,100
93693,100
93694,100
93695,100
93696,100
93697,100
93698,100
93699,100
93700,100
93701,100
93702,100
93703,100
93704,0
93705,100
93706,0
93707,100
93708,0
93709,100
93710,0
93711,100
93712,0
93713,100
93714,0
93715,100
93716,0
93717,100
93718,0
93719,100
93720,100
93721,100
93722,100
93723,100
93724,0
93725,100
93726,100
93727,100
93728,100
93729,100
93730,100
93731,100
93732,100
93733,100
93734,100
93735,100
93736,100
93737,100
93738,100
93739,0
93740,100
93741,0
93742,100
93743,0
93744,100
93745,0
93746,100
93747,0
93748,100
93749,0
93750,100
93751,0
93752,100
93753,0
93754,100
93755,100
93756,100
93757,100
93758,100
93759,100
93760,100
93761,100
93762,100
93763,100
93764,100
93765,100
93766,100
93767,100
93768,100
93769,100
93770,100
93771,100
93772,100
93773,100
93774,0
93775,100
93776,0
93777,100
93778,0
93779,100
93780,0
93781,100
93782,0
93783,100
93784,0
93785,100
93786,0
93787,100
93788,0
93789,100
93790,100
93791,100
93792,100
93793,100
93794,100
93795,100
93796,100
93797,100
93798,100
93799,100
93800,100
93801,100
93802,100
93803,100
93804,200
93805,0
93806,100
93807,100
93808,100
93809,100
93810,100
93811,100
93812,100
93813,100
93814,100
93815,100
93816,100
93817,100
93818,100
93819,0
93820,200
93821,100
93822,100
93823,100
93824,100
93825,100
93826,100
93827,0
93828,100
93829,100
93830,100
93831,0
93832,100
93833,100
93834,100
93835,100
93836,100
93837,100
93838,0
93839,100
93840,100
93841,100
93842,0
93843,100
93844,100
93845,0
93846,100
93847,100
93848,100
93849,100
93850,0
93851,100
93852,100
93853,0
93854,100
93855,100
93856,100
93857,100
93858,100
93859,100
93860,100
93861,100
93862,100
93863,100
93864,100
93865,100
93866,100
93867,100
93868,100
93869,100
93870,0
93871,100
93872,0
93873,100
93874,0
93875,100
93876,0
93877,100
93878,0
93879,100
93880,0
93881,100
93882,0
93883,100
93884,0
93885,100
93886,100
93887,100
93888,100
93889,100
93890,100
93891,100
93892,100
93893,100
93894,100
93895,100
93896,100
93897,100
93898,100
93899,100
93900,100
93901,100
93902,100
93903,100
93904,100
93905,0
93906,100
93907,0
93908,100
93909,0
93910,100
93911,0
93912,100
93913,0
93914,100
93915,0
93916,100
93917,0
93918,100
93919,0
93920,100
93921,100
93922,100
93923,100
93924,100
93925,100
93926,100
93927,100
93928,100
93929,100
93930,100
93931,100
93932,100
93933,100
93934,100
93935,100
93936,100
93937,100
93938,100
93939,100
93940,0
93941,100
93942,0
93943,100
93944,0
93945,100
93946,0
93947,100
93948,0
93949,100
93950,0
93951,100
93952,0
93953,100
93954,0
93955,100
93956,100
93957,100
93958,100
93959,100
93960,100
93961,100
93962,100
93963,100
93964,100
93965,100
93966,100
93967,100
93968,100
93969,100
93970,100
93971,100
93972,100
93973,100
93974,100
93975,0
93976,100
93977,0
93978,100
93979,0
93980,100
93981,0
93982,100
93983,0
93984,100
93985,0
93986,100
93987,0
93988,100
93989,0
93990,100
93991,100
93992,100
93993,100
93994,100
93995,100
93996,100
93997,100
93998,100
93999,100
94000,100
94001,100
94002,100
94003,100
94004,100
94005,100
94006,100
94007,100
94008,100
94009,100
94010,0
94011,100
94012,0
94013,100
94014,0
94015,100
94016,0
94017,100
94018,0
94019,100
94020,0
94021,100
94022,0
94023,100
94024,0
94025,100
94026,100
94027,100
94028,100
94029,100
94030,100
94031,100
94032,100
94033,100
94034,100
94035,100
94036,100
94037,100
94038,100
94039,100
94040,100
94041,100
94042,100
94043,100
94044,100
94045,0
94046,100
94047,0
94048,100
94049,0
94050,100
94051,0
94052,100
94053,0
94054,100
94055,0
94056,100
94057,0
94058,100
94059,0
94060,100
94061,100
94062,100
94063,100
94064,100
94065,100
94066,100
94067,100
94068,100
94069,100
94070,100
94071,100
94072,100
94073,100
94074,100
94075,100
94076,100
94077,100
94078,100
94079,100
94080,0
94081,100
94082,0
94083,100
94084,0
94085,100
94086,0
94087,100
94088,0
94089,100
94090,0
94091,100
94092,0
94093,100
94094,0
94095,100
94096,100
94097,100
94098,100
94099,100
94100,100
94101,100
94102,100
94103,100
94104,100
94105,100
94106,100
94107,100
94108,100
94109,100
94110,100
94111,100
94112,100
94113,100
94114,100
94115,100
94116,100
94117,0
94118,100
94119,0
94120,100
94121,0
94122,100
94123,0
94124,100
94125,0
94126,100
94127,0
94128,100
94129,0
94130,100
94131,100
94132,100
94133,100
94134,100
94135,100
94136,100
94137,100
94138,100
94139,100
94140,100
94141,100
94142,100
94143,100
94144,100
94145,100
94146,100
94147,100
94148,100
94149,100
94150,100
94151,100
94152,0
94153,100
94154,0
94155,100
94156,0
94157,100
94158,0
94159,100
94160,0
94161,100
94162,0
94163,100
94164,0
94165,100
94166,100
94167,100
94168,100
94169,100
94170,100
94171,100
94172,100
94173,100
94174,100
94175,100
94176,100
94177,100
94178,100
94179,100
94180,100
94181,0
94182,100
94183,100
94184,100
94185,100
94186,100
94187,0
94188,100
94189,0
94190,100
94191,0
94192,100
94193,0
94194,100
94195,0
94196,100
94197,0
94198,100
94199,0
94200,100
94201,0
94202,100
94203,100
94204,100
94205,100
94206,100
94207,100
94208,100
94209,100
94210,100
94211,100
94212,100
94213,100
94214,100
94215,100
94216,0
94217,100
94218,0
94219,100
94220,100
94221,100
94222,0
94223,100
94224,0
94225,100
94226,0
94227,100
94228,0
94229,100
94230,0
94231,100
94232,0
94233,100
94234,0
94235,100
94236,0
94237,100
94238,100
94239,100
94240,100
94241,100
94242,100
94243,100
94244,100
94245,100
94246,100
94247,100
94248,100
94249,100
94250,100
94251,0
94252,100
94253,0
94254,100
94255,100
94256,100
94257,0
94258,100
94259,0
94260,100
94261,0
94262,100
94263,0
94264,100
94265,0
94266,100
94267,0
94268,100
94269,0
94270,100
94271,0
94272,100
94273,100
94274,100
94275,100
94276,100
94277,100
94278,100
94279,100
94280,100
94281,100
94282,100
94283,100
94284,100
94285,100
94286,0
94287,100
94288,0
94289,100
94290,0
94291,100
94292,0
94293,100
94294,0
94295,100
94296,0
94297,100
94298,0
94299,100
94300,0
94301,100
94302,0
94303,100
94304,0
94305,100
94306,0
94307,100
94308,100
94309,100
94310,100
94311,100
94312,100
94313,100
94314,100
94315,100
94316,100
94317,100
94318,100
94319,100
94320,100
94321,0
94322,100
94323,0
94324,100
94325,0
94326,100
94327,0
94328,100
94329,0
94330,100
94331,0
94332,100
94333,0
94334,100
94335,0
94336,100
94337,0
94338,100
94339,0
94340,100
94341,0
94342,100
94343,100
94344,100
94345,100
94346,100
94347,100
94348,100
94349,100
94350,100
94351,100
94352,100
94353,100
94354,100
94355,100
94356,100
94357,100
94358,0
94359,100
94360,0
94361,100
94362,0
94363,100
94364,0
94365,100
94366,0
94367,100
94368,0
94369,100
94370,0
94371,100
94372,0
94373,100
94374,0
94375,100
94376,0
94377,100
94378,100
94379,100
94380,100
94381,100
94382,100
94383,100
94384,100
94385,100
94386,100
94387,100
94388,100
94389,100
94390,100
94391,100
94392,100
94393,0
94394,100
94395,0
94396,100
94397,0
94398,100
94399,0
94400,100
94401,0
94402,100
94403,0
94404,100
94405,0
94406,100
94407,0
94408,100
94409,0
94410,100
94411,0
94412,100
94413,0
94414,100
94415,100
94416,100
94417,100
94418,100
94419,100
94420,100
94421,100
94422,100
94423,100
94424,100
94425,100
94426,100
94427,100
94428,0
94429,100
94430,0
94431,100
94432,0
94433,100
94434,0
94435,100
94436,0
94437,100
94438,0
94439,100
94440,0
94441,100
94442,0
94443,100
94444,0
94445,100
94446,0
94447,100
94448,0
94449,100
94450,100
94451,100
94452,100
94453,100
94454,100
94455,100
94456,100
94457,100
94458,100
94459,100
94460,100
94461,100
94462,100
94463,0
94464,100
94465,0
94466,100
94467,0
94468,100
94469,0
94470,100
94471,0
94472,100
94473,0
94474,100
94475,0
94476,100
94477,0
94478,100
94479,0
94480,100
94481,0
94482,100
94483,0
94484,100
94485,100
94486,100
94487,100
94488,100
94489,100
94490,100
94491,100
94492,100
94493,100
94494,100
94495,100
94496,100
94497,100
94498,0
94499,100
94500,0
94501,100
94502,0
94503,100
94504,0
94505,100
94506,0
94507,100
94508,0
94509,100
94510,0
94511,100
94512,0
94513,100
94514,0
94515,100
94516,0
94517,100
94518,0
94519,100
94520,100
94521,100
94522,100
94523,100
94524,100
94525,100
94526,100
94527,100
94528,100
94529,100
94530,100
94531,100
94532,100
94533,0
94534,100
94535,0
94536,100
94537,0
94538,100
94539,0
94540,100
94541,0
94542,100
94543,0
94544,100
94545,0
94546,100
94547,0
94548,100
94549,0
94550,100
94551,0
94552,100
94553,0
94554,100
94555,100
94556,100
94557,100
94558,100
94559,100
94560,100
94561,100
94562,100
94563,100
94564,100
94565,100
94566,100
94567,100
94568,0
94569,100
94570,0
94571,100
94572,0
94573,100
94574,0
94575,100
94576,0
94577,100
94578,0
94579,100
94580,0
94581,100
94582,0
94583,100
94584,0
94585,100
94586,0
94587,100
94588,0
94589,100
94590,100
94591,100
94592,100
94593,100
94594,100
94595,100
94596,100
94597,100
94598,100
94599,100
94600,100
94601,100
94602,100
94603,100
94604,100
94605,0
94606,100
94607,0
94608,100
94609,0
94610,100
94611,0
94612,100
94613,0
94614,100
94615,0
94616,100
94617,0
94618,100
94619,100
94620,100
94621,0
94622,100
94623,0
94624,100
94625,100
94626,100
94627,100
94628,100
94629,100
94630,100
94631,100
94632,100
94633,100
94634,100
94635,100
94636,100
94637,100
94638,100
94639,100
94640,0
94641,100
94642,0
94643,100
94644,0
94645,100
94646,0
94647,100
94648,0
94649,100
94650,0
94651,100
94652,0
94653,100
94654,0
94655,100
94656,100
94657,100
94658,0
94659,100
94660,0
94661,100
94662,100
94663,100
94664,100
94665,100
94666,100
94667,100
94668,100
94669,100
94670,100
94671,100
94672,100
94673,100
94674,100
94675,0
94676,100
94677,0
94678,100
94679,0
94680,100
94681,0
94682,100
94683,0
94684,100
94685,0
94686,100
94687,0
94688,100
94689,0
94690,100
94691,100
94692,100
94693,100
94694,100
94695,0
94696,100
94697,100
94698,100
94699,100
94700,100
94701,100
94702,100
94703,100
94704,100
94705,100
94706,100
94707,100
94708,100
94709,100
94710,0
94711,100
94712,0
94713,100
94714,0
94715,100
94716,0
94717,100
94718,0
94719,100
94720,0
94721,100
94722,0
94723,100
94724,0
94725,100
94726,100
94727,100
94728,100
94729,100
94730,0
94731,100
94732,100
94733,100
94734,100
94735,100
94736,100
94737,100
94738,100
94739,100
94740,100
94741,100
94742,100
94743,100
94744,100
94745,0
94746,100
94747,0
94748,100
94749,0
94750,100
94751,0
94752,100
94753,0
94754,100
94755,0
94756,100
94757,0
94758,100
94759,0
94760,100
94761,100
94762,100
94763,100
94764,100
94765,100
94766,100
94767,100
94768,100
94769,100
94770,100
94771,100
94772,100
94773,100
94774,100
94775,100
94776,100
94777,100
94778,100
94779,100
94780,0
94781,100
94782,0
94783,100
94784,0
94785,100
94786,0
94787,100
94788,0
94789,100
94790,0
94791,100
94792,0
94793,100
94794,0
94795,100
94796,100
94797,100
94798,100
94799,100
94800,100
94801,100
94802,100
94803,100
94804,100
94805,100
94806,100
94807,100
94808,100
94809,100
94810,100
94811,100
94812,100
94813,100
94814,100
94815,0
94816,100
94817,0
94818,100
94819,0
94820,100
94821,0
94822,100
94823,0
94824,100
94825,0
94826,100
94827,0
94828,100
94829,0
94830,100
94831,100
94832,100
94833,100
94834,100
94835,100
94836,100
94837,100
94838,100
94839,100
94840,100
94841,100
94842,100
94843,100
94844,100
94845,100
94846,100
94847,100
94848,100
94849,100
94850,0
94851,100
94852,0
94853,100
94854,0
94855,100
94856,0
94857,100
94858,0
94859,100
94860,0
94861,100
94862,0
94863,100
94864,0
94865,100
94866,100
94867,100
94868,100
94869,100
94870,100
94871,100
94872,100
94873,100
94874,100
94875,100
94876,100
94877,100
94878,100
94879,100
94880,100
94881,100
94882,100
94883,100
94884,100
94885,100
94886,100
94887,0
94888,100
94889,0
94890,100
94891,0
94892,100
94893,0
94894,100
94895,0
94896,100
94897,0
94898,100
94899,0
94900,100
94901,0
94902,100
94903,100
94904,100
94905,100
94906,100
94907,100
94908,100
94909,100
94910,100
94911,100
94912,100
94913,100
94914,100
94915,100
94916,100
94917,100
94918,100
94919,100
94920,100
94921,100
94922,0
94923,100
94924,0
94925,100
94926,0
94927,100
94928,0
94929,100
94930,0
94931,100
94932,0
94933,100
94934,0
94935,100
94936,0
94937,100
94938,100
94939,100
94940,100
94941,100
94942,100
94943,100
94944,100
94945,100
94946,100
94947,100
94948,100
94949,100
94950,100
94951,100
94952,100
94953,100
94954,100
94955,100
94956,100
94957,0
94958,100
94959,0
94960,100
94961,0
94962,100
94963,0
94964,100
94965,0
94966,100
94967,0
94968,100
94969,0
94970,100
94971,0
94972,100
94973,100
94974,100
94975,100
94976,100
94977,100
94978,100
94979,100
94980,100
94981,100
94982,100
94983,100
94984,100
94985,100
94986,100
94987,100
94988,100
94989,100
94990,100
94991,100
94992,0
94993,100
94994,0
94995,100
94996,0
94997,100
94998,0
94999,100
95000,0
95001,100
95002,0
95003,100
95004,0
95005,100
95006,0
95007,100
95008,100
95009,100
95010,100
95011,100
95012,100
95013,100
95014,100
95015,100
95016,100
95017,100
95018,100
95019,100
95020,100
95021,0
95022,100
95023,100
95024,100
95025,100
95026,100
95027,0
95028,100
95029,0
95030,100
95031,0
95032,100
95033,0
95034,100
95035,0
95036,100
95037,0
95038,100
95039,0
95040,100
95041,0
95042,100
95043,100
95044,100
95045,100
95046,100
95047,100
95048,100
95049,100
95050,100
95051,100
95052,100
95053,100
95054,100
95055,100
95056,100
95057,100
95058,0
95059,100
95060,100
95061,100
95062,0
95063,100
95064,0
95065,100
95066,0
95067,100
95068,0
95069,100
95070,0
95071,100
95072,0
95073,100
95074,0
95075,100
95076,0
95077,100
95078,100
95079,100
95080,100
95081,100
95082,100
95083,100
95084,100
95085,100
95086,100
95087,100
95088,100
95089,100
95090,100
95091,100
95092,100
95093,0
95094,100
95095,100
95096,100
95097,100
95098,100
95099,0
95100,100
95101,0
95102,100
95103,0
95104,100
95105,0
95106,100
95107,0
95108,100
95109,0
95110,100
95111,0
95112,100
95113,100
95114,100
95115,100
95116,100
95117,100
95118,100
95119,100
95120,100
95121,100
95122,100
95123,100
95124,100
95125,100
95126,100
95127,100
95128,0
95129,100
95130,0
95131,100
95132,100
95133,100
95134,0
95135,100
95136,0
95137,100
95138,0
95139,100
95140,0
95141,100
95142,0
95143,100
95144,0
95145,100
95146,0
95147,100
95148,0
95149,100
95150,100
95151,100
95152,100
95153,100
95154,100
95155,100
95156,100
95157,100
95158,100
95159,100
95160,100
95161,100
95162,100
95163,0
95164,100
95165,0
95166,100
95167,0
95168,100
95169,0
95170,100
95171,0
95172,100
95173,0
95174,100
95175,0
95176,100
95177,0
95178,100
95179,0
95180,100
95181,0
95182,100
95183,0
95184,100
95185,100
95186,100
95187,100
95188,100
95189,100
95190,100
95191,100
95192,100
95193,100
95194,100
95195,100
95196,100
95197,100
95198,0
95199,100
95200,0
95201,100
95202,0
95203,100
95204,0
95205,100
95206,0
95207,100
95208,0
95209,100
95210,0
95211,100
95212,0
95213,100
95214,0
95215,100
95216,0
95217,100
95218,0
95219,100
95220,100
95221,100
95222,100
95223,100
95224,100
95225,100
95226,100
95227,100
95228,100
95229,100
95230,100
95231,100
95232,100
95233,0
95234,100
95235,0
95236,100
95237,0
95238,100
95239,0
95240,100
95241,0
95242,100
95243,0
95244,100
95245,0
95246,100
95247,0
95248,100
95249,100
95250,100
95251,100
95252,100
95253,100
95254,0
95255,100
95256,0
95257,100
95258,0
95259,100
95260,0
95261,100
95262,0
95263,100
95264,100
95265,100
95266,100
95267,100
95268,100
95269,100
95270,100
95271,100
95272,100
95273,100
95274,100
95275,100
95276,100
95277,100
95278,100
95279,100
95280,100
95281,100
95282,100
95283,100
95284,100
95285,100
95286,100
95287,100
95288,0
95289,100
95290,0
95291,100
95292,0
95293,100
95294,0
95295,100
95296,0
95297,100
95298,0
95299,100
95300,0
95301,100
95302,0
95303,100
95304,100
95305,100
95306,100
95307,100
95308,100
95309,100
95310,100
95311,100
95312,100
95313,100
95314,100
95315,100
95316,100
95317,100
95318,100
95319,100
95320,100
95321,100
95322,100
95323,0
95324,100
95325,0
95326,100
95327,0
95328,100
95329,0
95330,100
95331,0
95332,100
95333,0
95334,100
95335,0
95336,100
95337,0
95338,100
95339,100
95340,100
95341,100
95342,100
95343,100
95344,100
95345,100
95346,100
95347,100
95348,100
95349,100
95350,100
95351,100
95352,100
95353,100
95354,100
95355,100
95356,100
95357,100
95358,100
95359,100
95360,0
95361,100
95362,0
95363,100
95364,0
95365,100
95366,0
95367,100
95368,0
95369,100
95370,0
95371,100
95372,0
95373,100
95374,100
95375,100
95376,100
95377,100
95378,100
95379,100
95380,100
95381,100
95382,100
95383,100
95384,100
95385,100
95386,100
95387,100
95388,100
95389,100
95390,100
95391,100
95392,100
95393,100
95394,100
95395,0
95396,100
95397,0
95398,100
95399,0
95400,100
95401,0
95402,100
95403,0
95404,100
95405,0
95406,100
95407,0
95408,100
95409,0
95410,100
95411,100
95412,100
95413,100
95414,100
95415,100
95416,100
95417,100
95418,100
95419,100
95420,100
95421,100
95422,100
95423,100
95424,100
95425,100
95426,100
95427,100
95428,100
95429,100
95430,0
95431,100
95432,0
95433,100
95434,0
95435,100
95436,0
95437,100
95438,0
95439,100
95440,0
95441,100
95442,0
95443,100
95444,0
95445,100
95446,100
95447,100
95448,100
95449,100
95450,100
95451,100
95452,100
95453,100
95454,100
95455,100
95456,100
95457,100
95458,100
95459,100
95460,100
95461,100
95462,100
95463,100
95464,100
95465,0
95466,100
95467,0
95468,100
95469,0
95470,100
95471,0
95472,100
95473,0
95474,100
95475,0
95476,100
95477,0
95478,100
95479,0
95480,100
95481,100
95482,100
95483,100
95484,100
95485,100
95486,100
95487,100
95488,100
95489,100
95490,100
95491,100
95492,100
95493,100
95494,100
95495,100
95496,100
95497,100
95498,100
95499,100
95500,0
95501,100
95502,0
95503,100
95504,0
95505,100
95506,0
95507,100
95508,0
95509,100
95510,0
95511,100
95512,0
95513,100
95514,0
95515,100
95516,100
95517,100
95518,100
95519,100
95520,100
95521,100
95522,100
95523,100
95524,100
95525,100
95526,100
95527,100
95528,100
95529,0
95530,100
95531,100
95532,100
95533,100
95534,100
95535,0
95536,100
95537,0
95538,100
95539,0
95540,100
95541,0
95542,100
95543,0
95544,100
95545,0
95546,100
95547,0
95548,100
95549,0
95550,100
95551,100
95552,100
95553,100
95554,100
95555,100
95556,100
95557,100
95558,100
95559,100
95560,100
95561,100
95562,100
95563,100
95564,100
95565,100
95566,0
95567,100
95568,100
95569,100
95570,0
95571,100
95572,0
95573,100
95574,0
95575,100
95576,0
95577,100
95578,0
95579,100
95580,0
95581,100
95582,0
95583,100
95584,0
95585,100
95586,100
95587,100
95588,100
95589,100
95590,100
95591,100
95592,100
95593,100
95594,100
95595,100
95596,100
95597,100
95598,100
95599,0
95600,100
95601,0
95602,100
95603,0
95604,100
95605,100
95606,100
95607,0
95608,100
95609,0
95610,100
95611,0
95612,100
95613,0
95614,100
95615,0
95616,100
95617,0
95618,100
95619,0
95620,100
95621,0
95622,100
95623,100
95624,100
95625,100
95626,100
95627,100
95628,100
95629,100
95630,100
95631,100
95632,100
95633,100
95634,100
95635,100
95636,0
95637,100
95638,0
95639,100
95640,100
95641,100
95642,0
95643,100
95644,0
95645,100
95646,0
95647,100
95648,0
95649,100
95650,0
95651,100
95652,0
95653,100
95654,0
95655,100
95656,100
95657,100
95658,100
95659,100
95660,100
95661,100
95662,100
95663,100
95664,100
95665,100
95666,100
95667,100
95668,100
95669,100
95670,100
95671,0
95672,100
95673,0
95674,100
95675,0
95676,100
95677,0
95678,100
95679,0
95680,100
95681,0
95682,100
95683,0
95684,100
95685,0
95686,100
95687,0
95688,100
95689,0
95690,100
95691,0
95692,100
95693,100
95694,100
95695,100
95696,100
95697,100
95698,100
95699,100
95700,100
95701,100
95702,100
95703,100
95704,100
95705,100
95706,0
95707,100
95708,0
95709,100
95710,0
95711,100
95712,0
95713,100
95714,0
95715,100
95716,0
95717,100
95718,0
95719,100
95720,0
95721,100
95722,0
95723,100
95724,0
95725,100
95726,0
95727,100
95728,100
95729,100
95730,100
95731,100
95732,100
95733,100
95734,100
95735,100
95736,100
95737,100
95738,100
95739,100
95740,100
95741,0
95742,100
95743,0
95744,100
95745,0
95746,100
95747,0
95748,100
95749,0
95750,100
95751,0
95752,100
95753,0
95754,100
95755,0
95756,100
95757,0
95758,100
95759,0
95760,100
95761,0
95762,100
95763,100
95764,100
95765,100
95766,100
95767,100
95768,100
95769,100
95770,100
95771,100
95772,100
95773,100
95774,100
95775,100
95776,0
95777,100
95778,0
95779,100
95780,0
95781,100
95782,0
95783,100
95784,0
95785,100
95786,0
95787,100
95788,0
95789,100
95790,0
95791,100
95792,0
95793,100
95794,0
95795,100
95796,0
95797,100
95798,100
95799,100
95800,100
95801,100
95802,100
95803,100
95804,100
95805,100
95806,100
95807,100
95808,100
95809,100
95810,100
95811,0
95812,100
95813,0
95814,100
95815,0
95816,100
95817,0
95818,100
95819,0
95820,100
95821,0
95822,100
95823,0
95824,100
95825,0
95826,100
95827,0
95828,100
95829,0
95830,100
95831,0
95832,100
95833,100
95834,100
95835,100
95836,100
95837,100
95838,100
95839,100
95840,100
95841,100
95842,100
95843,100
95844,100
95845,100
95846,100
95847,100
95848,0
95849,100
95850,0
95851,100
95852,0
95853,100
95854,0
95855,100
95856,0
95857,100
95858,0
95859,100
95860,0
95861,100
95862,0
95863,100
95864,0
95865,100
95866,0
95867,100
95868,100
95869,100
95870,100
95871,100
95872,100
95873,100
95874,100
95875,100
95876,100
95877,100
95878,100
95879,100
95880,100
95881,100
95882,100
95883,0
95884,100
95885,0
95886,100
95887,0
95888,100
95889,0
95890,100
95891,0
95892,100
95893,0
95894,100
95895,0
95896,100
95897,0
95898,100
95899,0
95900,100
95901,0
95902,100
95903,100
95904,100
95905,100
95906,100
95907,100
95908,100
95909,100
95910,100
95911,100
95912,100
95913,100
95914,100
95915,100
95916,100
95917,100
95918,0
95919,100
95920,0
95921,100
95922,0
95923,100
95924,0
95925,100
95926,0
95927,100
95928,0
95929,100
95930,0
95931,100
95932,0
95933,100
95934,0
95935,100
95936,0
95937,100
95938,0
95939,100
95940,100
95941,100
95942,100
95943,100
95944,100
95945,100
95946,100
95947,100
95948,100
95949,100
95950,100
95951,100
95952,100
95953,0
95954,100
95955,0
95956,100
95957,0
95958,100
95959,0
95960,100
95961,0
95962,100
95963,0
95964,100
95965,0
95966,100
95967,0
95968,100
95969,100
95970,100
95971,0
95972,100
95973,0
95974,100
95975,100
95976,100
95977,100
95978,100
95979,100
95980,100
95981,100
95982,100
95983,100
95984,100
95985,100
95986,100
95987,100
95988,0
95989,100
95990,0
95991,100
95992,0
95993,100
95994,0
95995,100
95996,0
95997,100
95998,0
95999,100
96000,0
96001,100
96002,0
96003,100
96004,100
96005,100
96006,0
96007,100
96008,0
96009,100
96010,100
96011,100
96012,100
96013,100
96014,100
96015,100
96016,100
96017,100
96018,100
96019,100
96020,100
96021,100
96022,100
96023,0
96024,100
96025,0
96026,100
96027,0
96028,100
96029,0
96030,100
96031,0
96032,100
96033,0
96034,100
96035,0
96036,100
96037,0
96038,100
96039,100
96040,100
96041,100
96042,100
96043,0
96044,100
96045,100
96046,100
96047,100
96048,100
96049,100
96050,100
96051,100
96052,100
96053,100
96054,100
96055,100
96056,100
96057,100
96058,0
96059,100
96060,0
96061,100
96062,0
96063,100
96064,0
96065,100
96066,0
96067,100
96068,0
96069,100
96070,0
96071,100
96072,0
96073,100
96074,100
96075,100
96076,100
96077,100
96078,100
96079,100
96080,100
96081,100
96082,100
96083,100
96084,100
96085,100
96086,100
96087,100
96088,100
96089,100
96090,100
96091,100
96092,100
96093,100
96094,100
96095,0
96096,100
96097,0
96098,100
96099,0
96100,100
96101,0
96102,100
96103,0
96104,100
96105,0
96106,100
96107,0
96108,100
96109,0
96110,100
96111,100
96112,100
96113,100
96114,100
96115,100
96116,100
96117,100
96118,100
96119,100
96120,100
96121,100
96122,100
96123,100
96124,100
96125,100
96126,100
96127,100
96128,100
96129,100
96130,0
96131,100
96132,0
96133,100
96134,0
96135,100
96136,0
96137,100
96138,0
96139,100
96140,0
96141,100
96142,0
96143,100
96144,0
96145,100
96146,100
96147,100
96148,100
96149,100
96150,100
96151,100
96152,100
96153,100
96154,100
96155,100
96156,100
96157,100
96158,100
96159,100
96160,100
96161,100
96162,100
96163,100
96164,100
96165,0
96166,100
96167,0
96168,100
96169,0
96170,100
96171,0
96172,100
96173,0
96174,100
96175,0
96176,100
96177,0
96178,100
96179,0
96180,100
96181,100
96182,100
96183,100
96184,100
96185,100
96186,100
96187,100
96188,100
96189,100
96190,100
96191,100
96192,100
96193,100
96194,100
96195,100
96196,100
96197,100
96198,100
96199,100
96200,0
96201,100
96202,0
96203,100
96204,0
96205,100
96206,0
96207,100
96208,0
96209,100
96210,0
96211,100
96212,0
96213,100
96214,0
96215,100
96216,100
96217,100
96218,100
96219,100
96220,100
96221,100
96222,100
96223,100
96224,100
96225,100
96226,100
96227,100
96228,100
96229,100
96230,100
96231,100
96232,100
96233,100
96234,100
96235,100
96236,100
96237,0
96238,100
96239,0
96240,100
96241,0
96242,100
96243,0
96244,100
96245,0
96246,100
96247,0
96248,100
96249,0
96250,100
96251,100
96252,100
96253,100
96254,100
96255,100
96256,100
96257,100
96258,100
96259,100
96260,100
96261,100
96262,100
96263,100
96264,100
96265,100
96266,100
96267,100
96268,100
96269,100
96270,100
96271,100
96272,0
96273,100
96274,0
96275,100
96276,0
96277,100
96278,0
96279,100
96280,0
96281,100
96282,0
96283,100
96284,0
96285,100
96286,100
96287,100
96288,100
96289,100
96290,100
96291,100
96292,100
96293,100
96294,100
96295,100
96296,100
96297,100
96298,100
96299,100
96300,100
96301,100
96302,100
96303,100
96304,100
96305,100
96306,100
96307,0
96308,100
96309,0
96310,100
96311,0
96312,100
96313,0
96314,100
96315,0
96316,100
96317,0
96318,100
96319,0
96320,100
96321,0
96322,100
96323,100
96324,0
96325,100
96326,100
96327,100
96328,100
96329,0
96330,100
96331,0
96332,100
96333,0
96334,100
96335,0
96336,100
96337,0
96338,100
96339,0
96340,100
96341,0
96342,100
96343,100
96344,100
96345,100
96346,100
96347,100
96348,100
96349,100
96350,100
96351,100
96352,100
96353,100
96354,100
96355,100
96356,0
96357,100
96358,0
96359,100
96360,0
96361,100
96362,0
96363,100
96364,0
96365,100
96366,0
96367,100
96368,0
96369,100
96370,0
96371,100
96372,0
96373,100
96374,0
96375,100
96376,0
96377,100
96378,100
96379,100
96380,100
96381,100
96382,100
96383,100
96384,100
96385,100
96386,100
96387,100
96388,100
96389,100
96390,100
96391,100
96392,100
96393,0
96394,100
96395,0
96396,100
96397,0
96398,100
96399,0
96400,100
96401,0
96402,100
96403,0
96404,100
96405,0
96406,100
96407,0
96408,100
96409,0
96410,100
96411,0
96412,100
96413,100
96414,100
96415,100
96416,100
96417,100
96418,100
96419,100
96420,100
96421,100
96422,100
96423,100
96424,100
96425,100
96426,100
96427,100
96428,0
96429,100
96430,100
96431,100
96432,100
96433,100
96434,100
96435,0
96436,100
96437,0
96438,100
96439,0
96440,100
96441,0
96442,100
96443,0
96444,100
96445,0
96446,100
96447,100
96448,100
96449,100
96450,100
96451,100
96452,100
96453,100
96454,100
96455,100
96456,100
96457,100
96458,100
96459,100
96460,0
96461,100
96462,0
96463,100
96464,0
96465,100
96466,0
96467,100
96468,0
96469,100
96470,0
96471,100
96472,0
96473,100
96474,0
96475,100
96476,100
96477,100
96478,0
96479,100
96480,0
96481,100
96482,100
96483,100
96484,100
96485,100
96486,100
96487,100
96488,100
96489,100
96490,100
96491,100
96492,100
96493,100
96494,100
96495,0
96496,100
96497,0
96498,100
96499,0
96500,100
96501,0
96502,100
96503,0
96504,100
96505,0
96506,100
96507,0
96508,100
96509,0
96510,100
96511,100
96512,100
96513,100
96514,100
96515,0
96516,100
96517,100
96518,100
96519,100
96520,100
96521,100
96522,100
96523,100
96524,100
96525,100
96526,100
96527,100
96528,100
96529,100
96530,0
96531,100
96532,0
96533,100
96534,0
96535,100
96536,0
96537,100
96538,0
96539,100
96540,0
96541,100
96542,0
96543,100
96544,0
96545,100
96546,100
96547,100
96548,100
96549,100
96550,0
96551,100
96552,100
96553,100
96554,100
96555,100
96556,100
96557,100
96558,100
96559,100
96560,100
96561,100
96562,100
96563,100
96564,100
96565,0
96566,100
96567,0
96568,100
96569,0
96570,100
96571,0
96572,100
96573,0
96574,100
96575,0
96576,100
96577,0
96578,100
96579,0
96580,100
96581,100
96582,100
96583,100
96584,100
96585,100
96586,100
96587,100
96588,100
96589,100
96590,100
96591,100
96592,100
96593,100
96594,100
96595,100
96596,100
96597,100
96598,100
96599,100
96600,0
96601,100
96602,0
96603,100
96604,0
96605,100
96606,0
96607,100
96608,0
96609,100
96610,0
96611,100
96612,0
96613,100
96614,0
96615,100
96616,100
96617,100
96618,100
96619,100
96620,100
96621,100
96622,100
96623,100
96624,100
96625,100
96626,100
96627,100
96628,100
96629,100
96630,100
96631,100
96632,100
96633,100
96634,100
96635,100
96636,100
96637,0
96638,100
96639,0
96640,100
96641,0
96642,100
96643,0
96644,100
96645,0
96646,100
96647,0
96648,100
96649,0
96650,100
96651,0
96652,100
96653,100
96654,100
96655,100
96656,100
96657,100
96658,100
96659,100
96660,100
96661,100
96662,100
96663,100
96664,100
96665,100
96666,100
96667,100
96668,100
96669,100
96670,100
96671,100
96672,0
96673,100
96674,0
96675,100
96676,0
96677,100
96678,0
96679,100
96680,0
96681,100
96682,0
96683,100
96684,0
96685,100
96686,100
96687,100
96688,100
96689,100
96690,100
96691,100
96692,100
96693,100
96694,100
96695,100
96696,100
96697,100
96698,100
96699,100
96700,100
96701,100
96702,100
96703,100
96704,100
96705,100
96706,100
96707,0
96708,100
96709,0
96710,100
96711,0
96712,100
96713,0
96714,100
96715,0
96716,100
96717,0
96718,100
96719,0
96720,100
96721,0
96722,100
96723,100
96724,100
96725,100
96726,100
96727,100
96728,100
96729,100
96730,100
96731,100
96732,100
96733,100
96734,100
96735,100
96736,100
96737,100
96738,100
96739,100
96740,100
96741,100
96742,0
96743,100
96744,0
96745,100
96746,0
96747,100
96748,0
96749,100
96750,0
96751,100
96752,0
96753,100
96754,0
96755,100
96756,0
96757,100
96758,100
96759,100
96760,100
96761,100
96762,100
96763,100
96764,100
96765,100
96766,100
96767,100
96768,100
96769,100
96770,100
96771,100
96772,100
96773,100
96774,100
96775,100
96776,100
96777,0
96778,100
96779,0
96780,100
96781,0
96782,100
96783,0
96784,100
96785,0
96786,100
96787,0
96788,100
96789,0
96790,100
96791,0
96792,100
96793,100
96794,100
96795,100
96796,100
96797,100
96798,100
96799,100
96800,100
96801,100
96802,100
96803,100
96804,100
96805,100
96806,100
96807,100
96808,100
96809,100
96810,100
96811,100
96812,0
96813,100
96814,0
96815,100
96816,0
96817,100
96818,0
96819,100
96820,0
96821,100
96822,0
96823,100
96824,0
96825,100
96826,0
96827,100
96828,100
96829,100
96830,100
96831,100
96832,100
96833,100
96834,100
96835,100
96836,100
96837,100
96838,100
96839,100
96840,100
96841,0
96842,100
96843,100
96844,100
96845,100
96846,100
96847,100
96848,100
96849,0
96850,100
96851,0
96852,100
96853,0
96854,100
96855,0
96856,100
96857,0
96858,100
96859,0
96860,100
96861,0
96862,100
96863,100
96864,100
96865,100
96866,100
96867,100
96868,100
96869,100
96870,100
96871,100
96872,100
96873,100
96874,100
96875,100
96876,100
96877,100
96878,0
96879,100
96880,100
96881,100
96882,100
96883,100
96884,0
96885,100
96886,0
96887,100
96888,0
96889,100
96890,0
96891,100
96892,0
96893,100
96894,0
96895,100
96896,0
96897,100
96898,100
96899,100
96900,100
96901,100
96902,100
96903,100
96904,100
96905,100
96906,100
96907,100
96908,100
96909,100
96910,100
96911,100
96912,100
96913,0
96914,100
96915,100
96916,100
96917,100
96918,100
96919,0
96920,100
96921,0
96922,100
96923,0
96924,100
96925,0
96926,100
96927,0
96928,100
96929,0
96930,100
96931,0
96932,100
96933,0
96934,100
96935,100
96936,100
96937,100
96938,100
96939,100
96940,100
96941,100
96942,100
96943,100
96944,100
96945,100
96946,100
96947,100
96948,0
96949,100
96950,0
96951,100
96952,100
96953,100
96954,0
96955,100
96956,0
96957,100
96958,0
96959,100
96960,0
96961,100
96962,0
96963,100
96964,0
96965,100
96966,0
96967,100
96968,0
96969,100
96970,100
96971,100
96972,100
96973,100
96974,100
96975,100
96976,100
96977,100
96978,100
96979,100
96980,100
96981,100
96982,100
96983,0
96984,100
96985,0
96986,100
96987,0
96988,100
96989,0
96990,100
96991,0
96992,100
96993,0
96994,100
96995,0
96996,100
96997,0
96998,100
96999,0
97000,100
97001,0
97002,100
97003,0
97004,100
97005,100
97006,100
97007,100
97008,100
97009,100
97010,100
97011,100
97012,100
97013,100
97014,100
97015,100
97016,100
97017,100
97018,0
97019,100
97020,0
97021,100
97022,0
97023,100
97024,0
97025,100
97026,0
97027,100
97028,0
97029,100
97030,0
97031,100
97032,0
97033,100
97034,0
97035,100
97036,0
97037,100
97038,0
97039,100
97040,100
97041,100
97042,100
97043,100
97044,100
97045,100
97046,100
97047,100
97048,100
97049,100
97050,100
97051,100
97052,100
97053,0
97054,100
97055,0
97056,100
97057,0
97058,100
97059,0
97060,100
97061,0
97062,100
97063,0
97064,100
97065,0
97066,100
97067,0
97068,100
97069,0
97070,100
97071,0
97072,100
97073,0
97074,100
97075,100
97076,100
97077,100
97078,100
97079,100
97080,100
97081,100
97082,100
97083,100
97084,100
97085,100
97086,100
97087,100
97088,0
97089,100
97090,0
97091,100
97092,0
97093,100
97094,0
97095,100
97096,0
97097,100
97098,0
97099,100
97100,0
97101,100
97102,0
97103,100
97104,0
97105,100
97106,0
97107,100
97108,0
97109,100
97110,100
97111,100
97112,100
97113,100
97114,100
97115,100
97116,100
97117,100
97118,100
97119,100
97120,100
97121,100
97122,100
97123,100
97124,100
97125,0
97126,100
97127,0
97128,100
97129,0
97130,100
97131,0
97132,100
97133,0
97134,100
97135,0
97136,100
97137,0
97138,100
97139,0
97140,100
97141,0
97142,100
97143,0
97144,100
97145,100
97146,100
97147,100
97148,100
97149,100
97150,100
97151,100
97152,100
97153,100
97154,100
97155,100
97156,100
97157,100
97158,100
97159,100
97160,0
97161,100
97162,0
97163,100
97164,0
97165,100
97166,0
97167,100
97168,0
97169,100
97170,0
97171,100
97172,0
97173,100
97174,0
97175,100
97176,0
97177,100
97178,0
97179,100
97180,0
97181,100
97182,100
97183,100
97184,100
97185,100
97186,100
97187,100
97188,100
97189,100
97190,100
97191,100
97192,100
97193,100
97194,100
97195,0
97196,100
97197,0
97198,100
97199,0
97200,100
97201,0
97202,100
97203,0
97204,100
97205,0
97206,100
97207,0
97208,100
97209,0
97210,100
97211,0
97212,100
97213,0
97214,100
97215,0
97216,100
97217,100
97218,100
97219,100
97220,100
97221,100
97222,100
97223,100
97224,100
97225,100
97226,100
97227,100
97228,100
97229,100
97230,0
97231,100
97232,0
97233,100
97234,0
97235,100
97236,0
97237,100
97238,0
97239,100
97240,0
97241,100
97242,0
97243,100
97244,0
97245,100
97246,0
97247,100
97248,0
97249,100
97250,0
97251,100
97252,100
97253,100
97254,100
97255,100
97256,100
97257,100
97258,100
97259,100
97260,100
97261,100
97262,100
97263,100
97264,100
97265,0
97266,100
97267,0
97268,100
97269,0
97270,100
97271,0
97272,100
97273,0
97274,100
97275,0
97276,100
97277,0
97278,100
97279,0
97280,100
97281,0
97282,100
97283,0
97284,100
97285,0
97286,100
97287,100
97288,100
97289,100
97290,100
97291,100
97292,100
97293,100
97294,100
97295,100
97296,100
97297,100
97298,100
97299,100
97300,0
97301,100
97302,0
97303,100
97304,0
97305,100
97306,0
97307,100
97308,0
97309,100
97310,0
97311,100
97312,0
97313,100
97314,0
97315,100
97316,100
97317,100
97318,0
97319,100
97320,0
97321,100
97322,100
97323,100
97324,100
97325,100
97326,100
97327,100
97328,100
97329,100
97330,100
97331,100
97332,100
97333,100
97334,100
97335,0
97336,100
97337,0
97338,100
97339,0
97340,100
97341,0
97342,100
97343,0
97344,100
97345,0
97346,100
97347,0
97348,100
97349,0
97350,100
97351,100
97352,100
97353,100
97354,100
97355,0
97356,100
97357,100
97358,100
97359,100
97360,100
97361,100
97362,100
97363,100
97364,100
97365,100
97366,100
97367,100
97368,100
97369,100
97370,100
97371,100
97372,0
97373,100
97374,0
97375,100
97376,0
97377,100
97378,0
97379,100
97380,0
97381,100
97382,0
97383,100
97384,0
97385,100
97386,100
97387,100
97388,100
97389,100
97390,0
97391,100
97392,100
97393,100
97394,100
97395,100
97396,100
97397,100
97398,100
97399,100
97400,100
97401,100
97402,100
97403,100
97404,100
97405,100
97406,100
97407,0
97408,100
97409,0
97410,100
97411,0
97412,100
97413,0
97414,100
97415,0
97416,100
97417,0
97418,100
97419,300
97420,100
97421,100
97422,100
97423,100
97424,100
97425,100
97426,100
97427,100
97428,100
97429,100
97430,100
97431,200
97432,100
97433,0
97434,100
97435,100
97436,0
97437,100
97438,100
97439,300
97440,100
97441,100
97442,100
97443,0
97444,100
97445,100
97446,100
97447,100
97448,100
97449,100
97450,100
97451,100
97452,0
97453,100
97454,100
97455,100
97456,100
97457,100
97458,100
97459,100
97460,0
97461,100
97462,100
97463,0
97464,100
97465,100
97466,100
97467,100
97468,100
97469,100
97470,100
97471,100
97472,100
97473,0
97474,200
97475,100
97476,100
97477,100
97478,0
97479,100
97480,100
97481,0
97482,100
97483,100
97484,100
97485,100
97486,100
97487,100
97488,100
97489,100
97490,100
97491,0
97492,100
97493,100
97494,100
97495,0
97496,100
97497,100
97498,100
97499,100
97500,100
97501,100
97502,100
97503,100
97504,100
97505,100
97506,100
97507,0
97508,100
97509,200
97510,100
97511,100
97512,100
97513,0
97514,100
97515,100
97516,100
97517,100
97518,500
97519,100
97520,100
97521,100
97522,100
97523,0
97524,100
97525,100
97526,0
97527,100
97528,100
97529,100
97530,100
97531,100
97532,100
97533,100
97534,100
97535,100
97536,100
97537,300
97538,100
97539,100
97540,0
97541,100
97542,100
97543,0
97544,100
97545,100
97546,100
97547,100
97548,100
97549,0
97550,100
97551,100
97552,0
97553,100
97554,100
97555,100
97556,100
97557,100
97558,100
97559,100
97560,100
97561,0
97562,100
97563,100
97564,0
97565,100
97566,100
97567,0
97568,100
97569,100
97570,100
97571,100
97572,100
97573,100
97574,100
97575,0
97576,100
97577,100
97578,0
97579,100
97580,100
97581,100
97582,100
97583,100
97584,100
97585,0
97586,100
97587,100
97588,0
97589,100
97590,100
97591,0
97592,100
97593,100
97594,100
97595,100
97596,0
97597,100
97598,100
97599,0
97600,200
97601,0
97602,200
97603,100
97604,100
97605,100
97606,100
97607,100
97608,0
97609,100
97610,100
97611,100
97612,100
97613,100
97614,100
97615,100
97616,100
97617,100
97618,300
97619,0
97620,100
97621,100
97622,0
97623,100
97624,100
97625,0
97626,100
97627,100
97628,100
97629,100
97630,100
97631,100
97632,100
97633,0
97634,100
97635,100
97636,0
97637,100
97638,100
97639,100
97640,100
97641,100
97642,100
97643,100
97644,0
97645,100
97646,100
97647,0
97648,100
97649,100
97650,0
97651,100
97652,100
97653,0
97654,100
97655,100
97656,100
97657,100
97658,100
97659,100
97660,100
97661,0
97662,100
97663,100
97664,0
97665,100
97666,100
97667,0
97668,100
97669,100
97670,0
97671,100
97672,100
97673,0
97674,100
97675,100
97676,100
97677,100
97678,100
97679,200
97680,100
97681,100
97682,0
97683,100
97684,100
97685,0
97686,100
97687,100
97688,0
97689,100
97690,100
97691,100
97692,100
97693,100
97694,200
97695,100
97696,100
97697,100
97698,0
97699,100
97700,100
97701,0
97702,200
97703,400
97704,100
97705,100
97706,100
97707,100
97708,0
97709,100
97710,100
97711,100
97712,100
97713,100
97714,100
97715,100
97716,0
97717,100
97718,100
97719,0
97720,100
97721,100
97722,0
97723,100
97724,100
97725,100
97726,100
97727,100
97728,100
97729,0
97730,100
97731,100
97732,400
97733,400
97734,100
97735,0
97736,100
97737,100
97738,0
97739,100
97740,100
97741,100
97742,100
97743,0
97744,100
97745,100
97746,0
97747,100
97748,100
97749,100
97750,100
97751,100
97752,100
97753,100
97754,0
97755,100
97756,100
97757,0
97758,100
97759,100
97760,0
97761,100
97762,100
97763,100
97764,100
97765,100
97766,100
97767,0
97768,100
97769,100
97770,0
97771,100
97772,100
97773,0
97774,100
97775,100
97776,100
97777,100
97778,100
97779,100
97780,100
97781,0
97782,100
97783,100
97784,0
97785,100
97786,100
97787,0
97788,100
97789,100
97790,0
97791,100
97792,100
97793,0
97794,100
97795,100
97796,0
97797,100
97798,100
97799,100
97800,0
97801,100
97802,100
97803,100
97804,0
97805,100
97806,100
97807,0
97808,100
97809,100
97810,0
97811,100
97812,100
97813,100
97814,100
97815,0
97816,100
97817,200
97818,400
97819,100
97820,100
97821,100
97822,100
97823,100
97824,0
97825,100
97826,100
97827,100
97828,100
97829,100
97830,100
97831,100
97832,100
97833,100
97834,100
97835,100
97836,100
97837,100
97838,0
97839,100
97840,100
97841,0
97842,100
97843,100
97844,100
97845,100
97846,100
97847,0
97848,100
97849,100
97850,0
97851,400
97852,100
97853,100
97854,100
97855,0
97856,100
97857,100
97858,0
97859,100
97860,100
97861,100
97862,100
97863,100
97864,100
97865,100
97866,200
97867,100
97868,100
97869,0
97870,100
97871,100
97872,100
97873,100
97874,100
97875,100
97876,100
97877,100
97878,100
97879,0
97880,100
97881,100
97882,100
97883,100
97884,100
97885,0
97886,100
97887,0
97888,100
97889,100
97890,0
97891,100
97892,100
97893,100
97894,100
97895,100
97896,100
97897,100
97898,100
97899,100
97900,100
97901,100
97902,100
97903,100
97904,100
97905,200
97906,500
97907,100
97908,100
97909,100
97910,0
97911,100
97912,100
97913,100
97914,100
97915,100
97916,100
97917,100
97918,100
97919,0
97920,0
97921,200
97922,100
97923,100
97924,100
97925,0
97926,100
97927,100
97928,100
97929,100
97930,100
97931,100
97932,100
97933,100
97934,100
97935,100
97936,100
97937,100
97938,100
97939,0
97940,300
97941,200
97942,100
97943,100
97944,100
97945,100
97946,100
97947,100
97948,100
97949,0
97950,100
97951,100
97952,0
97953,100
97954,100
97955,100
97956,100
97957,100
97958,100
97959,100
97960,100
97961,100
97962,100
97963,0
97964,100
97965,100
97966,0
97967,100
97968,100
97969,0
97970,100
97971,100
97972,0
97973,100
97974,100
97975,100
97976,100
97977,100
97978,100
97979,100
97980,100
97981,100
97982,100
97983,0
97984,100
97985,100
97986,0
97987,100
97988,100
97989,200
97990,0
97991,100
97992,200
97993,100
97994,100
97995,100
97996,100
97997,100
97998,100
97999,100
98000,100
98001,0
98002,100
98003,100
98004,100
98005,100
98006,100
98007,100
98008,100
98009,100
98010,100
98011,100
98012,100
98013,100
98014,100
98015,100
98016,100
98017,0
98018,100
98019,100
98020,100
98021,2800
98022,100
98023,100
98024,100
98025,100
98026,100
98027,100
98028,0
98029,100
98030,100
98031,100
98032,100
98033,100
98034,100
98035,100
98036,100
98037,0
98038,100
98039,100
98040,100
98041,100
98042,0
98043,100
98044,100
98045,100
98046,100
98047,100
98048,100
98049,100
98050,100
98051,100
98052,100
98053,100
98054,100
98055,100
98056,100
98057,100
98058,100
98059,100
98060,100
98061,100
98062,100
98063,100
98064,100
98065,100
98066,100
98067,100
98068,100
98069,100
98070,100
98071,100
98072,100
98073,100
98074,100
98075,100
98076,100
98077,100
98078,100
98079,100
98080,100
98081,100
98082,100
98083,100
98084,100
98085,100
98086,100
98087,100
98088,100
98089,100
98090,100
98091,100
98092,100
98093,100
98094,100
98095,100
98096,100
98097,100
98098,100
98099,100
98100,100
98101,100
98102,100
98103,100
98104,100
98105,100
98106,100
98107,100
98108,100
98109,100
98110,0
98111,100
98112,100
98113,0
98114,100
98115,100
98116,0
98117,100
98118,100
98119,0
98120,100
98121,100
98122,100
98123,100
98124,100
98125,100
98126,100
98127,100
98128,100
98129,100
98130,100
98131,100
98132,100
98133,100
98134,100
98135,100
98136,100
98137,100
98138,100
98139,100
98140,100
98141,100
98142,100
98143,100
98144,100
98145,100
98146,100
98147,100
98148,100
98149,100
98150,100
98151,100
98152,100
98153,0
98154,100
98155,100
98156,0
98157,100
98158,100
98159,0
98160,100
98161,100
98162,0
98163,100
98164,100
98165,0
98166,100
98167,100
98168,0
98169,100
98170,100
98171,0
98172,100
98173,100
98174,0
98175,100
98176,100
98177,0
98178,100
98179,100
98180,0
98181,100
98182,100
98183,0
98184,100
98185,100
98186,0
98187,100
98188,100
98189,0
98190,100
98191,100
98192,0
98193,100
98194,100
98195,0
98196,100
98197,100
98198,0
98199,100
98200,100
98201,0
98202,100
98203,100
98204,100
98205,100
98206,100
98207,100
98208,100
98209,100
98210,0
98211,100
98212,100
98213,100
98214,100
98215,100
98216,100
98217,100
98218,100
98219,100
98220,100
98221,100
98222,100
98223,100
98224,100
98225,0
98226,100
98227,100
98228,0
98229,100
98230,100
98231,0
98232,100
98233,100
98234,0
98235,100
98236,100
98237,0
98238,100
98239,100
98240,0
98241,100
98242,100
98243,0
98244,100
98245,100
98246,0
98247,100
98248,100
98249,100
98250,100
98251,100
98252,100
98253,100
98254,100
98255,100
98256,100
98257,100
98258,100
98259,0
98260,100
98261,100
98262,0
98263,100
98264,100
98265,0
98266,100
98267,100
98268,0
98269,100
98270,100
98271,0
98272,100
98273,100
98274,0
98275,100
98276,100
98277,0
98278,100
98279,100
98280,0
98281,100
98282,100
98283,0
98284,100
98285,100
98286,0
98287,100
98288,100
98289,0
98290,100
98291,100
98292,0
98293,100
98294,100
98295,0
98296,100
98297,100
98298,100
98299,100
98300,100
98301,100
98302,100
98303,100
98304,100
98305,100
98306,100
98307,100
98308,100
98309,100
98310,100
98311,100
98312,100
98313,100
98314,100
98315,100
98316,100
98317,0
98318,100
98319,100
98320,0
98321,100
98322,100
98323,0
98324,100
98325,100
98326,0
98327,100
98328,100
98329,0
98330,100
98331,100
98332,0
98333,100
98334,100
98335,0
98336,100
98337,100
98338,0
98339,100
98340,100
98341,0
98342,100
98343,100
98344,0
98345,100
98346,100
98347,100
98348,100
98349,100
98350,100
98351,100
98352,100
98353,100
98354,0
98355,100
98356,100
98357,0
98358,100
98359,100
98360,100
98361,100
98362,100
98363,0
98364,100
98365,100
98366,0
98367,100
98368,100
98369,0
98370,100
98371,100
98372,0
98373,100
98374,100
98375,0
98376,100
98377,100
98378,0
98379,100
98380,100
98381,0
98382,100
98383,100
98384,0
98385,100
98386,100
98387,100
98388,100
98389,100
98390,100
98391,100
98392,100
98393,100
98394,100
98395,100
98396,100
98397,100
98398,100
98399,100
98400,100
98401,100
98402,100
98403,100
98404,100
98405,100
98406,100
98407,100
98408,0
98409,100
98410,100
98411,100
98412,100
98413,100
98414,100
98415,100
98416,100
98417,100
98418,100
98419,100
98420,100
98421,0
98422,100
98423,100
98424,0
98425,100
98426,100
98427,0
98428,100
98429,100
98430,0
98431,100
98432,100
98433,0
98434,100
98435,100
98436,0
98437,100
98438,100
98439,0
98440,100
98441,100
98442,0
98443,100
98444,100
98445,0
98446,100
98447,100
98448,0
98449,100
98450,100
98451,0
98452,100
98453,100
98454,0
98455,100
98456,100
98457,0
98458,100
98459,100
98460,0
98461,100
98462,100
98463,0
98464,100
98465,100
98466,0
98467,100
98468,100
98469,0
98470,100
98471,100
98472,0
98473,100
98474,100
98475,0
98476,100
98477,100
98478,100
98479,100
98480,200
98481,100
98482,100
98483,0
98484,100
98485,100
98486,0
98487,100
98488,100
98489,100
98490,100
98491,100
98492,100
98493,0
98494,100
98495,100
98496,100
98497,0
98498,200
98499,0
98500,100
98501,100
98502,100
98503,100
98504,100
98505,100
98506,100
98507,100
98508,0
98509,100
98510,100
98511,100
98512,100
98513,200
98514,100
98515,100
98516,100
98517,100
98518,100
98519,100
98520,100
98521,100
98522,100
98523,100
98524,0
98525,100
98526,100
98527,100
98528,100
98529,100
98530,100
98531,100
98532,100
98533,100
98534,0
98535,100
98536,100
98537,0
98538,100
98539,100
98540,0
98541,100
98542,100
98543,100
98544,100
98545,0
98546,100
98547,100
98548,0
98549,100
98550,100
98551,100
98552,0
98553,100
98554,0
98555,100
98556,0
98557,100
98558,0
98559,100
98560,0
98561,100
98562,0
98563,100
98564,0
98565,100
98566,0
98567,100
98568,100
98569,100
98570,100
98571,100
98572,0
98573,100
98574,100
98575,100
98576,100
98577,100
98578,100
98579,100
98580,100
98581,100
98582,100
98583,100
98584,100
98585,100
98586,100
98587,0
98588,100
98589,0
98590,100
98591,0
98592,100
98593,0
98594,100
98595,0
98596,100
98597,0
98598,100
98599,0
98600,100
98601,0
98602,100
98603,100
98604,100
98605,100
98606,100
98607,0
98608,100
98609,100
98610,100
98611,100
98612,100
98613,100
98614,100
98615,100
98616,100
98617,100
98618,100
98619,100
98620,100
98621,100
98622,0
98623,100
98624,0
98625,100
98626,0
98627,100
98628,0
98629,100
98630,0
98631,100
98632,0
98633,100
98634,0
98635,100
98636,0
98637,100
98638,0
98639,100
98640,100
98641,100
98642,100
98643,100
98644,100
98645,100
98646,100
98647,100
98648,100
98649,100
98650,100
98651,100
98652,100
98653,100
98654,100
98655,100
98656,100
98657,100
98658,100
98659,0
98660,100
98661,0
98662,100
98663,0
98664,100
98665,0
98666,100
98667,0
98668,100
98669,0
98670,100
98671,0
98672,100
98673,0
98674,100
98675,100
98676,100
98677,100
98678,100
98679,100
98680,100
98681,100
98682,100
98683,100
98684,100
98685,100
98686,100
98687,100
98688,100
98689,100
98690,100
98691,100
98692,100
98693,100
98694,0
98695,100
98696,0
98697,100
98698,0
98699,100
98700,0
98701,100
98702,0
98703,100
98704,0
98705,100
98706,0
98707,100
98708,0
98709,100
98710,100
98711,100
98712,100
98713,100
98714,100
98715,100
98716,100
98717,100
98718,100
98719,100
98720,100
98721,100
98722,100
98723,100
98724,100
98725,100
98726,100
98727,100
98728,100
98729,0
98730,100
98731,0
98732,100
98733,0
98734,100
98735,0
98736,100
98737,0
98738,100
98739,0
98740,100
98741,0
98742,100
98743,0
98744,100
98745,100
98746,100
98747,100
98748,100
98749,100
98750,100
98751,100
98752,100
98753,100
98754,100
98755,100
98756,100
98757,100
98758,100
98759,100
98760,100
98761,100
98762,100
98763,100
98764,0
98765,100
98766,0
98767,100
98768,0
98769,100
98770,0
98771,100
98772,0
98773,100
98774,0
98775,100
98776,0
98777,100
98778,0
98779,100
98780,100
98781,100
98782,100
98783,100
98784,100
98785,100
98786,100
98787,100
98788,100
98789,100
98790,100
98791,100
98792,100
98793,100
98794,100
98795,100
98796,100
98797,100
98798,100
98799,0
98800,100
98801,0
98802,100
98803,0
98804,100
98805,0
98806,100
98807,0
98808,100
98809,0
98810,100
98811,0
98812,100
98813,0
98814,100
98815,100
98816,100
98817,100
98818,100
98819,100
98820,100
98821,100
98822,100
98823,100
98824,100
98825,100
98826,100
98827,100
98828,100
98829,100
98830,100
98831,100
98832,100
98833,100
98834,0
98835,100
98836,0
98837,100
98838,0
98839,100
98840,0
98841,100
98842,0
98843,100
98844,0
98845,100
98846,0
98847,100
98848,0
98849,100
98850,100
98851,100
98852,100
98853,100
98854,100
98855,100
98856,100
98857,100
98858,100
98859,100
98860,100
98861,100
98862,100
98863,100
98864,100
98865,100
98866,100
98867,100
98868,100
98869,100
98870,100
98871,0
98872,100
98873,0
98874,100
98875,0
98876,100
98877,0
98878,100
98879,0
98880,100
98881,0
98882,100
98883,0
98884,100
98885,0
98886,100
98887,100
98888,100
98889,100
98890,100
98891,100
98892,100
98893,100
98894,100
98895,100
98896,100
98897,100
98898,100
98899,100
98900,100
98901,100
98902,100
98903,100
98904,100
98905,100
98906,0
98907,100
98908,0
98909,100
98910,0
98911,100
98912,0
98913,100
98914,0
98915,100
98916,0
98917,100
98918,0
98919,100
98920,100
98921,100
98922,100
98923,100
98924,100
98925,100
98926,100
98927,100
98928,100
98929,100
98930,100
98931,100
98932,100
98933,100
98934,100
98935,100
98936,100
98937,100
98938,100
98939,100
98940,100
98941,0
98942,100
98943,0
98944,100
98945,0
98946,100
98947,0
98948,100
98949,0
98950,100
98951,0
98952,100
98953,0
98954,100
98955,0
98956,100
98957,100
98958,100
98959,100
98960,100
98961,100
98962,100
98963,100
98964,100
98965,100
98966,100
98967,100
98968,100
98969,100
98970,0
98971,100
98972,100
98973,100
98974,100
98975,100
98976,0
98977,100
98978,0
98979,100
98980,0
98981,100
98982,0
98983,100
98984,0
98985,100
98986,0
98987,100
98988,0
98989,100
98990,0
98991,100
98992,100
98993,100
98994,100
98995,100
98996,100
98997,100
98998,100
98999,100
99000,100
99001,100
99002,100
99003,100
99004,100
99005,0
99006,100
99007,0
99008,100
99009,100
99010,100
99011,0
99012,100
99013,0
99014,100
99015,0
99016,100
99017,0
99018,100
99019,0
99020,100
99021,0
99022,100
99023,0
99024,100
99025,0
99026,100
99027,100
99028,100
99029,100
99030,100
99031,100
99032,100
99033,100
99034,100
99035,100
99036,100
99037,100
99038,100
99039,100
99040,0
99041,100
99042,0
99043,100
99044,0
99045,100
99046,0
99047,100
99048,0
99049,100
99050,0
99051,100
99052,0
99053,100
99054,0
99055,100
99056,0
99057,100
99058,0
99059,100
99060,0
99061,100
99062,100
99063,100
99064,100
99065,100
99066,100
99067,100
99068,100
99069,100
99070,100
99071,100
99072,100
99073,100
99074,100
99075,0
99076,100
99077,0
99078,100
99079,0
99080,100
99081,0
99082,100
99083,0
99084,100
99085,0
99086,100
99087,0
99088,100
99089,0
99090,100
99091,0
99092,100
99093,0
99094,100
99095,0
99096,100
99097,100
99098,100
99099,100
99100,100
99101,100
99102,100
99103,100
99104,100
99105,100
99106,100
99107,100
99108,100
99109,100
99110,100
99111,100
99112,0
99113,100
99114,0
99115,100
99116,0
99117,100
99118,0
99119,100
99120,0
99121,100
99122,0
99123,100
99124,0
99125,100
99126,0
99127,100
99128,0
99129,100
99130,0
99131,100
99132,100
99133,100
99134,100
99135,100
99136,100
99137,100
99138,100
99139,100
99140,100
99141,100
99142,100
99143,100
99144,100
99145,100
99146,100
99147,0
99148,100
99149,0
99150,100
99151,0
99152,100
99153,0
99154,100
99155,0
99156,100
99157,0
99158,100
99159,0
99160,100
99161,0
99162,100
99163,0
99164,100
99165,0
99166,100
99167,100
99168,100
99169,100
99170,100
99171,100
99172,100
99173,100
99174,100
99175,100
99176,100
99177,100
99178,100
99179,100
99180,100
99181,100
99182,0
99183,100
99184,0
99185,100
99186,0
99187,100
99188,0
99189,100
99190,0
99191,100
99192,0
99193,100
99194,0
99195,100
99196,0
99197,100
99198,0
99199,100
99200,0
99201,100
99202,0
99203,100
99204,100
99205,100
99206,100
99207,100
99208,100
99209,100
99210,100
99211,100
99212,100
99213,100
99214,100
99215,100
99216,100
99217,0
99218,100
99219,0
99220,100
99221,0
99222,100
99223,0
99224,100
99225,0
99226,100
99227,0
99228,100
99229,0
99230,100
99231,0
99232,100
99233,0
99234,100
99235,0
99236,100
99237,0
99238,100
99239,100
99240,100
99241,100
99242,100
99243,100
99244,100
99245,100
99246,100
99247,100
99248,100
99249,100
99250,100
99251,100
99252,0
99253,100
99254,0
99255,100
99256,0
99257,100
99258,0
99259,100
99260,0
99261,100
99262,0
99263,100
99264,0
99265,100
99266,0
99267,100
99268,0
99269,100
99270,0
99271,100
99272,0
99273,100
99274,100
99275,100
99276,100
99277,100
99278,100
99279,100
99280,100
99281,100
99282,100
99283,100
99284,100
99285,100
99286,100
99287,0
99288,100
99289,0
99290,100
99291,0
99292,100
99293,0
99294,100
99295,0
99296,100
99297,0
99298,100
99299,0
99300,100
99301,0
99302,100
99303,0
99304,100
99305,0
99306,100
99307,0
99308,100
99309,100
99310,100
99311,100
99312,100
99313,100
99314,100
99315,100
99316,100
99317,100
99318,100
99319,100
99320,100
99321,100
99322,0
99323,100
99324,0
99325,100
99326,0
99327,100
99328,0
99329,100
99330,0
99331,100
99332,0
99333,100
99334,0
99335,100
99336,0
99337,100
99338,0
99339,100
99340,0
99341,100
99342,0
99343,100
99344,100
99345,100
99346,100
99347,100
99348,100
99349,100
99350,100
99351,100
99352,100
99353,100
99354,100
99355,100
99356,100
99357,100
99358,100
99359,0
99360,100
99361,0
99362,100
99363,0
99364,100
99365,0
99366,100
99367,0
99368,100
99369,0
99370,100
99371,0
99372,100
99373,0
99374,100
99375,0
99376,100
99377,0
99378,100
99379,100
99380,100
99381,100
99382,100
99383,100
99384,100
99385,100
99386,100
99387,100
99388,100
99389,100
99390,100
99391,100
99392,100
99393,100
99394,0
99395,100
99396,0
99397,100
99398,0
99399,100
99400,0
99401,100
99402,0
99403,100
99404,0
99405,100
99406,0
99407,100
99408,100
99409,100
99410,0
99411,100
99412,0
99413,100
99414,0
99415,100
99416,100
99417,100
99418,100
99419,100
99420,100
99421,100
99422,100
99423,100
99424,100
99425,100
99426,100
99427,100
99428,100
99429,0
99430,100
99431,0
99432,100
99433,0
99434,100
99435,0
99436,100
99437,0
99438,100
99439,0
99440,100
99441,0
99442,100
99443,0
99444,100
99445,100
99446,100
99447,0
99448,100
99449,0
99450,100
99451,100
99452,100
99453,100
99454,100
99455,100
99456,100
99457,100
99458,100
99459,100
99460,100
99461,100
99462,100
99463,100
99464,0
99465,100
99466,0
99467,100
99468,0
99469,100
99470,0
99471,100
99472,0
99473,100
99474,0
99475,100
99476,0
99477,100
99478,0
99479,100
99480,100
99481,100
99482,100
99483,100
99484,0
99485,100
99486,100
99487,100
99488,100
99489,100
99490,100
99491,100
99492,100
99493,100
99494,100
99495,100
99496,100
99497,100
99498,100
99499,0
99500,100
99501,0
99502,100
99503,0
99504,100
99505,0
99506,100
99507,0
99508,100
99509,0
99510,100
99511,0
99512,100
99513,0
99514,100
99515,100
99516,100
99517,100
99518,100
99519,100
99520,100
99521,100
99522,100
99523,100
99524,100
99525,100
99526,100
99527,100
99528,100
99529,100
99530,100
99531,100
99532,100
99533,100
99534,0
99535,100
99536,0
99537,100
99538,0
99539,100
99540,0
99541,100
99542,0
99543,100
99544,0
99545,100
99546,0
99547,100
99548,0
99549,100
99550,100
99551,100
99552,100
99553,100
99554,100
99555,100
99556,100
99557,100
99558,100
99559,100
99560,100
99561,100
99562,100
99563,100
99564,100
99565,100
99566,100
99567,100
99568,100
99569,0
99570,100
99571,0
99572,100
99573,0
99574,100
99575,0
99576,100
99577,0
99578,100
99579,0
99580,100
99581,0
99582,100
99583,0
99584,100
99585,100
99586,100
99587,100
99588,100
99589,100
99590,100
99591,100
99592,100
99593,100
99594,100
99595,100
99596,100
99597,100
99598,100
99599,100
99600,100
99601,100
99602,100
99603,100
99604,100
99605,100
99606,0
99607,100
99608,0
99609,100
99610,0
99611,100
99612,0
99613,100
99614,0
99615,100
99616,0
99617,100
99618,0
99619,100
99620,100
99621,100
99622,100
99623,100
99624,100
99625,100
99626,100
99627,100
99628,100
99629,100
99630,100
99631,100
99632,100
99633,100
99634,100
99635,100
99636,100
99637,100
99638,100
99639,100
99640,100
99641,0
99642,100
99643,0
99644,100
99645,0
99646,100
99647,0
99648,100
99649,0
99650,100
99651,0
99652,100
99653,0
99654,100
99655,100
99656,100
99657,100
99658,100
99659,100
99660,100
99661,100
99662,100
99663,100
99664,100
99665,100
99666,100
99667,100
99668,100
99669,100
99670,100
99671,100
99672,100
99673,100
99674,100
99675,100
99676,0
99677,100
99678,0
99679,100
99680,0
99681,100
99682,0
99683,100
99684,0
99685,100
99686,0
99687,100
99688,0
99689,100
99690,0
99691,100
99692,100
99693,100
99694,100
99695,100
99696,100
99697,100
99698,100
99699,100
99700,100
99701,100
99702,100
99703,100
99704,100
99705,100
99706,100
99707,100
99708,100
99709,100
99710,100
99711,0
99712,100
99713,0
99714,100
99715,0
99716,100
99717,0
99718,100
99719,0
99720,100
99721,0
99722,100
99723,0
99724,100
99725,0
99726,100
99727,100
99728,100
99729,100
99730,100
99731,100
99732,100
99733,100
99734,100
99735,100
99736,100
99737,100
99738,100
99739,100
99740,100
99741,100
99742,100
99743,100
99744,100
99745,100
99746,0
99747,100
99748,0
99749,100
99750,0
99751,100
99752,0
99753,100
99754,0
99755,100
99756,0
99757,100
99758,0
99759,100
99760,0
99761,100
99762,100
99763,100
99764,100
99765,100
99766,100
99767,100
99768,100
99769,100
99770,100
99771,100
99772,100
99773,100
99774,100
99775,100
99776,100
99777,100
99778,100
99779,100
99780,100
99781,0
99782,100
99783,0
99784,100
99785,0
99786,100
99787,0
99788,100
99789,0
99790,100
99791,0
99792,100
99793,0
99794,100
99795,0
99796,100
99797,100
99798,100
99799,100
99800,100
99801,100
99802,100
99803,100
99804,100
99805,100
99806,100
99807,100
99808,100
99809,100
99810,0
99811,100
99812,100
99813,100
99814,100
99815,100
99816,0
99817,100
99818,0
99819,100
99820,0
99821,100
99822,0
99823,100
99824,0
99825,100
99826,0
99827,100
99828,0
99829,100
99830,0
99831,100
99832,100
99833,100
99834,100
99835,100
99836,100
99837,100
99838,100
99839,100
99840,100
99841,100
99842,100
99843,100
99844,100
99845,100
99846,100
99847,0
99848,100
99849,100
99850,100
99851,0
99852,100
99853,0
99854,100
99855,0
99856,100
99857,0
99858,100
99859,0
99860,100
99861,0
99862,100
99863,0
99864,100
99865,0
99866,100
99867,100
99868,100
99869,100
99870,100
99871,100
99872,100
99873,100
99874,100
99875,100
99876,100
99877,100
99878,100
99879,100
99880,100
99881,100
99882,0
99883,100
99884,100
99885,100
99886,100
99887,100
99888,0
99889,100
99890,0
99891,100
99892,0
99893,100
99894,0
99895,100
99896,0
99897,100
99898,0
99899,100
99900,0
99901,100
99902,0
99903,100
99904,100
99905,100
99906,100
99907,100
99908,100
99909,100
99910,100
99911,100
99912,100
99913,100
99914,100
99915,100
99916,100
99917,0
99918,100
99919,0
99920,100
99921,100
99922,100
99923,0
99924,100
99925,0
99926,100
99927,0
99928,100
99929,0
99930,100
99931,0
99932,100
99933,0
99934,100
99935,0
99936,100
99937,0
99938,100
99939,100
99940,100
99941,100
99942,100
99943,100
99944,100
99945,100
99946,100
99947,100
99948,100
99949,100
99950,100
99951,100
99952,0
99953,100
99954,0
99955,100
99956,0
99957,100
99958,0
99959,100
99960,0
99961,100
99962,0
99963,100
99964,0
99965,100
99966,0
99967,100
99968,0
99969,100
99970,0
99971,100
99972,0
99973,100
99974,100
99975,100
99976,100
99977,100
99978,100
99979,100
99980,100
99981,100
99982,100
99983,100
99984,100
99985,100
99986,100
99987,0
99988,100
99989,0
99990,100
99991,0
99992,100
99993,0
99994,100
99995,0
99996,100
99997,0
99998,100
99999,0
